[Format]      =  4.0
[Frequency]   =  60
[Precision]   =  1e-08
[MinAngle]    =  30
[DoSmartMesh] =  1
[Depth]       =  1
[LengthUnits] =  millimeters
[ProblemType] =  planar
[Coordinates] =  cartesian
[ACSolver]    =  0
[GPUAccel]    =  0
[PrevType]    =  0
[PrevSoln]    =  ""
[Comment]     =  "femmqt manual example -- a simple coil cross-section"
[PointProps]   = 1
  <BeginPoint>
    <PointName> = "Applied Current"
    <I_re> = 5
    <I_im> = 0
    <A_re> = 0
    <A_im> = 0
  <EndPoint>
[BdryProps]   = 1
  <BeginBdry>
    <BdryName> = "Fixed A=0"
    <BdryType> = 0
    <A_0> = 0
    <A_1> = 0
    <A_2> = 0
    <Phi> = 0
    <c0> = 0
    <c0i> = 0
    <c1> = 0
    <c1i> = 0
    <Mu_ssd> = 0
    <Sigma_ssd> = 0
    <innerangle> = 0
    <outerangle> = 0
  <EndBdry>
[BlockProps]  = 2
  <BeginBlock>
    <BlockName> = "Air"
    <Mu_x> = 1
    <Mu_y> = 1
    <H_c> = 0
    <H_cAngle> = 0
    <J_re> = 0
    <J_im> = 0
    <Sigma> = 0
    <d_lam> = 0
    <Phi_h> = 0
    <Phi_hx> = 0
    <Phi_hy> = 0
    <LamType> = 0
    <LamFill> = 1
    <NStrands> = 0
    <WireD> = 0
    <BHPoints> = 0
  <EndBlock>
  <BeginBlock>
    <BlockName> = "Copper"
    <Mu_x> = 1
    <Mu_y> = 1
    <H_c> = 0
    <H_cAngle> = 0
    <J_re> = 0
    <J_im> = 0
    <Sigma> = 58
    <d_lam> = 0
    <Phi_h> = 0
    <Phi_hx> = 0
    <Phi_hy> = 0
    <LamType> = 0
    <LamFill> = 1
    <NStrands> = 1
    <WireD> = 1
    <BHPoints> = 0
  <EndBlock>
[CircuitProps]  = 1
  <BeginCircuit>
    <CircuitName> = "Coil Circuit"
    <TotalAmps_re> = 5
    <TotalAmps_im> = 0
    <CircuitType> = 1
  <EndCircuit>
[NumPoints] = 4
0	0	1	0
100	0	0	0
100	60	0	0
0	60	0	0
[NumSegments] = 4
0	1	-1	1	0	0
1	2	-1	1	0	0
2	3	-1	1	0	0
3	0	-1	1	0	0
[NumArcSegments] = 0
[NumHoles] = 0
[NumBlockLabels] = 1
50	30	2	2	1	0	0	1	0
[Solution]
3964
0	0	0	0	0	
0.16	0	0	0	-1	
0	0.16	0	0	-1	
0.54937499999999995	0	0	0	-1	
0.33657170011693471	0.33657170011693471	7.4963506516260804e-10	3.9355814791826517e-10	-1	
0	0.62625000000000008	0	0	-1	
0.93874999999999997	0	0	0	-1	
0.74406249999999985	0.35865469165829417	1.4849445733925691e-09	7.0727969061204068e-10	-1	
0.51213588747958017	0.86763263410266545	2.5366660815623221e-09	1.1479024645450633e-09	-1	
0	1.0925000000000002	0	0	-1	
1.7175	0	0	0	-1	
1.328125	0.44353149216973115	3.0610977023803026e-09	1.2848786434002024e-09	-1	
0.51015495200011984	1.5587500000000003	3.7785467436345471e-09	1.5045808808815361e-09	-1	
1.2109841282960225	1.2151972503357305	6.9232794227732492e-09	2.6003509942358013e-09	-1	
0	2.0250000000000004	0	0	-1	
3.2749999999999999	0	0	0	-1	
2.23404768125868	0.8461570319163122	8.0071430496657647e-09	2.6951932098943303e-09	-1	
1.002743445872065	2.6099457709859002	1.0358279761475333e-08	3.1939930173322535e-09	-1	
2.0937859703489479	2.059922338354558	1.6402860160080631e-08	4.56103548715916e-09	-1	
0	3.8900000000000006	0	0	-1	
4.8324999999999996	0	0	0	-1	
3.7397736392311778	1.6351443899145597	1.9831147317538346e-08	4.3633678377393492e-09	-1	
4.696479371089473	1.0917939246750326	1.5682335817524862e-08	3.2614849229960666e-09	-1	
1.2285500020875597	3.8196153560008841	1.5831358626998844e-08	3.6938659981593897e-09	-1	
3.192904997303601	2.917501011029052	2.8198132395331533e-08	5.1278034869184222e-09	-1	
2.4302675032003549	4.0845005259508929	2.8861855199673208e-08	4.8380216717604364e-09	-1	
0	5.7550000000000008	0	0	-1	
0.66971489316773336	4.8225000000000007	1.0082759904137406e-08	2.1886229223309826e-09	-1	
6.3899999999999997	0	0	0	-1	
5.6112499999999992	0.6513901949940013	1.0540269827505857e-08	1.9541705908680214e-09	-1	
4.6353541590236871	2.7748560630569865	3.4693632661159006e-08	4.4603369801713084e-09	-1	
5.6112499999999992	1.703112402989867	2.5348300429137681e-08	3.3932154189407314e-09	-1	
1.8408525143498728	5.1473715560316773	2.6382204526635522e-08	3.9310008990807617e-09	-1	
4.0595346567151704	4.3165385928899855	4.3580890015405805e-08	3.7849568541928015e-09	-1	
3.0641613012921765	5.4695931584117341	4.0926411406888973e-08	3.3829607377457406e-09	-1	
0	7.620000000000001	0	0	-1	
0.70635874381565333	6.6875000000000018	1.2432746305309745e-08	1.7489328919835828e-09	-1	
7.9475000000000007	0	0	0	-1	
6.7129143870178307	1.1772512989919341	2.0147498426653501e-08	2.4912926029434916e-09	-1	
6.0315745473728395	2.8677485656142698	4.075200977077649e-08	2.8615934705597541e-09	-1	
5.4304580552053281	3.9502036821252986	4.8778170406939367e-08	2.3207590299909446e-09	-1	
1.8301893863278769	6.3626868045854801	2.872950330953352e-08	3.0207468928705239e-09	-1	
4.1407825018784532	5.3928306013066036	5.0084278718051564e-08	2.0253535848997101e-09	-1	
5.1755121813973837	5.0200716077855194	5.5330888211693245e-08	8.2508281908441597e-10	-1	
3.0936283575711592	6.8093328361817083	4.5527344157263543e-08	1.5313771848449552e-09	-1	
3.998807807860135	6.3831825879864565	5.3401187679999419e-08	5.6949647720477833e-10	-1	
0	9.4850000000000012	0	0	-1	
0.63385111631095814	8.5525000000000002	1.2098118597843793e-08	1.0313810243562201e-09	-1	
1.5341297227212043	7.4449351413895322	2.6390811377329961e-08	2.1578058939964062e-09	-1	
9.504999999999999	0	0	0	-1	
8.7262500000000003	0.76664164176819705	1.4413551554511694e-08	1.0040438041600885e-09	-1	
7.7705388830950861	1.671649438067172	2.8851827815126308e-08	1.9775765956189804e-09	-1	
7.1894790913503375	2.684254303274364	4.1475409367550916e-08	1.5488437257869887e-09	-1	
6.8419214104678883	3.8039045771255418	5.3241618152950306e-08	2.4229309439494575e-10	-1	
6.2219151923482858	4.7041155440747975	5.8667339492042833e-08	-6.6043122671729462e-10	-1	
2.5476616389277651	7.7007373893150515	4.1122924757850581e-08	1.1786798332358443e-09	-1	
4.9578191531639906	6.09813678317464	6.0114393778583382e-08	-1.0321650201739924e-09	-1	
5.9638768503613075	5.7402774898861324	6.4848344551388263e-08	-2.7002040128723587e-09	-1	
3.8793163135752149	7.8949041822419819	5.7524356213706803e-08	-1.8973755539691432e-09	-1	
4.7647373786676646	7.2043075037925046	6.3381177345677213e-08	-3.0478645976488728e-09	-1	
0	11.350000000000001	0	0	-1	
1.1364102651461983	9.7418735688537232	2.1892474116326281e-08	7.289447706835796e-10	-1	
1.7443104608389071	8.7479572377764701	3.1128317518913372e-08	1.0045512306391508e-09	-1	
11.062499999999998	0	0	0	-1	
10.222295373428652	1.4419149306107322	2.7517896990386939e-08	3.1916657810604251e-10	-1	
8.9256538555308325	1.841085252104484	3.2817925084131689e-08	6.840259313509085e-10	-1	
8.0711435059457521	3.5717062166949103	5.4648504101125704e-08	-1.3427016242194472e-09	-1	
7.7921167818580512	5.4643367417614908	7.1806359535743753e-08	-6.5998391116570812e-09	-1	
3.0341066076876477	9.0280794002742901	4.9888503609079755e-08	-1.6192508554434786e-09	-1	
5.7781563019420741	6.8112629354634668	6.9561139266592766e-08	-5.0697687980727726e-09	-1	
7.0094406088631995	6.4731853470838789	7.507403371161709e-08	-7.7762238542614995e-09	-1	
4.235926532062372	9.1682384206924112	6.4120296576511187e-08	-5.6414237271370191e-09	-1	
5.6144066133830615	7.8920664232506139	7.3036014258202897e-08	-7.48038881848073e-09	-1	
5.4294491204020039	8.969443267955473	7.4978915036367606e-08	-9.5487056390650094e-09	-1	
0	13.215000000000003	0	0	-1	
1.3049341209589227	10.894701409915566	2.5177369751266829e-08	-1.4329777392262199e-10	-1	
1.1146970175577748	12.953845355058093	2.2353917385185612e-08	-7.9306460156411362e-10	-1	
2.4554756849943518	10.128931225328426	4.3488875385324284e-08	-1.5540559983024522e-09	-1	
12.619999999999999	0	0	0	-1	
11.50324821617312	1.2225755443492641	2.4079974417669097e-08	-2.2057540155456238e-10	-1	
9.7551080550099467	2.7156308255443431	4.6673442594577404e-08	-1.8554548810411988e-09	-1	
11.115594601221931	2.4630087858080545	4.4412840564913507e-08	-2.6376268396144037e-09	-1	
9.2613271380098432	3.8151782938527057	5.9859314678134784e-08	-4.2911871867140652e-09	-1	
8.5964309942522696	6.3830676556444681	8.1080862690623469e-08	-1.2368776985404795e-08	-1	
9.6400882937679686	4.9694554344379167	7.2492808679829005e-08	-9.3592217447026477e-09	-1	
4.2655366730557427	10.377841215488699	6.679240709187699e-08	-8.0129748056604918e-09	-1	
6.6273229540172878	7.4927243232112133	7.8102571300055718e-08	-9.8878885417623769e-09	-1	
7.5047833155845387	8.1740354259456982	8.6060933616492669e-08	-1.5404157260071928e-08	-1	
8.4532870841931746	7.5957084373257437	8.7690055938917229e-08	-1.6752183233907899e-08	-1	
5.4197259716738477	10.146540686283309	7.7659844541579776e-08	-1.2522570941421062e-08	-1	
6.4765757531769497	8.5946429787058118	8.1618866656146173e-08	-1.2770227664156574e-08	-1	
6.5540321081463793	10.461187250885573	8.7275484544342522e-08	-1.8620082393658139e-08	-1	
0	15.080000000000002	0	0	-1	
1.3525688077162774	14.073741868568927	2.6981382888212805e-08	-1.752522124807722e-09	-1	
2.6050569283349811	11.363562318838786	4.6460901043145694e-08	-3.4756247675948652e-09	-1	
2.1031153251528885	12.376108010984037	3.9264941820481216e-08	-2.8324614061170862e-09	-1	
2.5070620579975333	13.431580032740676	4.6169439761761378e-08	-5.0406922514232103e-09	-1	
3.6498122991602449	11.232060207110939	6.0521664649437501e-08	-7.0442605600884482e-09	-1	
12.655596137136751	1.1538467379996316	2.2814344378182793e-08	-8.7654869016498334e-10	-1	
14.177499999999998	0	0	0	-1	
13.686166010560511	0.9325447647203996	1.8999566975836482e-08	-7.7308099827183151e-10	-1	
12.777976386225797	2.3017371745850888	4.2893601019681891e-08	-3.7477442493553453e-09	-1	
10.469331220993249	3.6865631085742057	6.0258997891500059e-08	-5.9540097105488148e-09	-1	
12.290747261185867	3.8992757535909028	6.4771461559909685e-08	-9.6511901792022021e-09	-1	
9.7942073333895632	6.6203853452220551	8.6303121393186795e-08	-1.6999609084895678e-08	-1	
10.955244805660621	5.1347842727438424	7.6610484802243676e-08	-1.3078522594798515e-08	-1	
4.6928444301337073	11.376595891334858	7.2623333797344477e-08	-1.1896570952546919e-08	-1	
7.4427372988194502	9.4894292298128331	9.0282032232804422e-08	-1.9726582024855098e-08	-1	
8.9064248167246625	9.4058670846309553	9.70474255275583e-08	-2.5794049612966872e-08	-1	
9.6092136770264709	8.2681412724761554	9.4803575989450632e-08	-2.3767564729262285e-08	-1	
5.6756292483941317	11.127559794015252	8.1520034333399708e-08	-1.6062634462351659e-08	-1	
8.2711578240769068	11.139301800775266	9.8737497419299225e-08	-2.9208601029128301e-08	-1	
7.0211550717765956	12.109698630854236	9.3046675029309998e-08	-2.5609340168513844e-08	-1	
0.68874208389963143	16.012499999999999	1.4145177243791253e-08	-1.0159915534053558e-09	-1	
0	16.945	0	0	-1	
1.762731571169005	15.329525685878304	3.4370723308943248e-08	-3.5750436759589807e-09	-1	
2.5824413766820555	14.556069508710776	4.767107673952537e-08	-6.2924588861910643e-09	-1	
3.2329926613846651	12.352204940957431	5.6083860965248018e-08	-6.8975559461060488e-09	-1	
3.8065375696608474	13.37336298812777	6.4227278481865158e-08	-1.0799695386881817e-08	-1	
4.402037893335657	12.423273673624657	7.0553447282878395e-08	-1.23543944279684e-08	-1	
15.735000000000001	0	0	0	-1	
14.553167038834772	1.5320095629840857	3.0360618391189237e-08	-2.4305747076459138e-09	-1	
13.543042381086572	3.4081413167769696	5.9135791844878185e-08	-9.0391546596189223e-09	-1	
14.408948383811815	2.6643566207264895	4.879558787240795e-08	-6.5000665161502862e-09	-1	
12.836450631345965	4.8547213680783834	7.5735783073512617e-08	-1.53431813572139e-08	-1	
10.37483593357544	7.5198351408935364	9.3057857358556507e-08	-2.2975233598359351e-08	-1	
11.032697704643098	6.4580270033070768	8.7492957744216201e-08	-1.9668656266964905e-08	-1	
12.147978907988644	5.7130192048371926	8.3129402738632561e-08	-1.8522525985957373e-08	-1	
5.4823202648103901	12.122806805383375	8.1099914530412624e-08	-1.7362081150869111e-08	-1	
9.8892493368031555	10.749174674484198	1.0410155183618821e-07	-3.5407649921804006e-08	-1	
10.454227513217434	9.304617911119518	1.0150785819629069e-07	-3.1641075696172263e-08	-1	
8.1614512681233364	12.645779181851042	1.0012052811677409e-07	-3.3282722286493937e-08	-1	
9.3824444016120125	12.334598301118653	1.0515199512724608e-07	-3.8766515725888932e-08	-1	
5.9408320217657495	13.205639548506946	8.5889077319316105e-08	-2.2151396166349583e-08	-1	
7.0301338776017142	13.648563072062805	9.4323283683575889e-08	-2.9456682657915201e-08	-1	
1.2419550986351047	17.031262616344797	2.4881015168369726e-08	-2.6466361257913838e-09	-1	
0	18.810000000000002	0	0	-1	
1.3611763296888586	18.270488182603987	2.7324501966441903e-08	-3.1381912168948959e-09	-1	
2.6590562487242018	15.905703113987721	4.9095844385400813e-08	-7.6033109331986128e-09	-1	
3.5429360217020567	15.310610765542686	6.1153821502474733e-08	-1.1760947447804831e-08	-1	
4.8851312719342577	13.435158612036128	7.6370526402262833e-08	-1.6660249566425383e-08	-1	
4.6906873394494646	15.117121547036666	7.5069673388526471e-08	-1.7962638439033367e-08	-1	
17.292499999999997	0	0	0	-1	
16.548714470020858	1.2127419175104746	2.442856178999615e-08	-2.3014237174100542e-09	-1	
15.559903924417839	2.2355877406908768	4.2246022480282736e-08	-5.5044209879373709e-09	-1	
14.667763056613111	3.7761227133814455	6.4127483909565731e-08	-1.2192062060291349e-08	-1	
13.925504893909585	4.6977841078771903	7.4596473009024987e-08	-1.6255492305955802e-08	-1	
15.802310159098907	3.4396561051646088	5.998928806161693e-08	-1.148870185782042e-08	-1	
13.504126121374542	5.6308314712177152	8.3476526080827525e-08	-2.0882054343034333e-08	-1	
11.43873101358337	7.6392787050659017	9.5717479551799957e-08	-2.6887415760767999e-08	-1	
11.371178674264819	8.7230191140158997	1.0093596034693851e-07	-3.2143066557864667e-08	-1	
13.039991735553436	6.5433646070973444	9.066722470773722e-08	-2.5185032175647261e-08	-1	
10.654795428069447	11.867608994809428	1.0818540526838673e-07	-4.3156069760306777e-08	-1	
11.297395145540539	10.606544532020134	1.071669028193475e-07	-4.0733219748827919e-08	-1	
12.151586089088934	9.4780163719089714	1.0523911435696185e-07	-3.8587941765935848e-08	-1	
8.6652992397800581	13.800679607869359	1.0346710275686868e-07	-3.9306227494434569e-08	-1	
9.8060840223514738	13.910739491774669	1.0781002137350093e-07	-4.586750473782461e-08	-1	
10.867980368577763	13.537404368512851	1.1051703405932762e-07	-5.0105961493216535e-08	-1	
5.5250711397495875	14.305595306631771	8.3032527209032595e-08	-2.1766307813356641e-08	-1	
7.4534798909610851	15.235284016371017	9.7710628671092049e-08	-3.5389879137857801e-08	-1	
2.4846782286584572	16.956878961491437	4.5998678614996448e-08	-7.6036482827883503e-09	-1	
1.1058600380144286	19.6131955796223	2.2308752238036801e-08	-2.6590755892167525e-09	-1	
0	20.675000000000001	0	0	-1	
2.8179302938888671	18.123036870630354	5.1008603506921968e-08	-9.8787343484338634e-09	-1	
2.4293379713259928	19.271939483941324	4.5036174147977003e-08	-8.330741760816695e-09	-1	
3.6078751528300499	17.266599374604152	6.1940141320659562e-08	-1.3827616993066729e-08	-1	
4.4654001163472099	16.259057110970051	7.2575974473824049e-08	-1.7994995040817494e-08	-1	
5.4926421377463353	16.719517025134632	8.2798654135788462e-08	-2.5123859518840601e-08	-1	
6.4092209095382024	16.04935386554066	9.0674330213668615e-08	-3.0165080517475693e-08	-1	
18.849999999999998	0	0	0	-1	
18.071249999999999	0.74479557740173341	1.5262566947336875e-08	-1.4175352004537735e-09	-1	
17.485456061371636	1.5496998827530379	3.0597984630869221e-08	-3.6449825608712592e-09	-1	
16.880884062419426	2.5960796329578275	4.7996760606634011e-08	-7.873840595902366e-09	-1	
15.559989482074752	4.7036128269493265	7.5163463754796944e-08	-1.854857228782633e-08	-1	
14.457127627965589	6.0880834709956666	8.7994110543538451e-08	-2.533929165496589e-08	-1	
16.750235516765191	3.9591181089016763	6.6612273592983876e-08	-1.5290333659730514e-08	-1	
12.659211921498065	7.7010204734076497	9.7694665223065073e-08	-3.0689618534121145e-08	-1	
13.855059677984851	7.4493583271723374	9.7224363221074465e-08	-3.2274333714406559e-08	-1	
12.001102139627635	12.023860027279074	1.1106351174468101e-07	-4.9622641481330054e-08	-1	
12.551648002217732	10.789546686475493	1.093953396578077e-07	-4.6271448323649948e-08	-1	
13.606456108457206	10.086681211416645	1.0847978822452983e-07	-4.6299154750644415e-08	-1	
13.319594404333934	8.7292620155103684	1.0334217087532957e-07	-3.8210012543604649e-08	-1	
8.7769076136053581	15.193743643887908	1.0434036303759606e-07	-4.3347871952808206e-08	-1	
9.7690775651751185	15.056223503151092	1.0794401392441791e-07	-4.8697089134472186e-08	-1	
10.683695893739907	14.647828700344334	1.104820097508061e-07	-5.2545421134827922e-08	-1	
11.929010457119787	13.913194357200904	1.126236970036506e-07	-5.6289357733604621e-08	-1	
8.0769875679715213	16.403369936292361	1.0112256183414085e-07	-4.1526452587552182e-08	-1	
1.7336012910205523	20.871978351915839	3.3739529683043493e-08	-5.2653145003879358e-09	-1	
0	22.540000000000003	0	0	-1	
1.0336901255542867	21.879440053165869	2.0746011151530021e-08	-2.7576079455058542e-09	-1	
3.7549128527129376	18.893130950913459	6.3762143078672263e-08	-1.5800491924917789e-08	-1	
3.3480492641990613	20.210365436948631	5.8164888820054262e-08	-1.3961844488348992e-08	-1	
4.7370046791406279	17.553939900080259	7.5252903503748994e-08	-2.1086840221007523e-08	-1	
6.5035670708600168	17.059967944667118	9.1081935775983199e-08	-3.2270404447143273e-08	-1	
5.8088022754354727	17.79993003432001	8.5431438413135602e-08	-2.8497435967603402e-08	-1	
7.4871467655088759	17.203431598585592	9.7650884466909159e-08	-3.9026789021245623e-08	-1	
20.407499999999999	0	0	0	-1	
19.628749999999997	0.76565431382656457	1.5807549411699448e-08	-1.531301413518415e-09	-1	
18.460694867229677	1.7495366933145042	3.4028605968134263e-08	-4.7422565349302717e-09	-1	
17.813065702198951	2.4304940880390933	4.5197259457850985e-08	-7.6182294512668671e-09	-1	
17.673732069555037	3.3598555073172696	5.8750410294735316e-08	-1.249823907578402e-08	-1	
15.929328194124217	5.9364529710231055	8.6746395533869506e-08	-2.6750675353529594e-08	-1	
16.685687386735751	5.0381161607734031	7.8505074009832786e-08	-2.1948338712078332e-08	-1	
15.268548305441168	7.2607400449733621	9.6542955862533573e-08	-3.4098860415360382e-08	-1	
17.707996851727657	4.4602133915418065	7.2324098862849558e-08	-1.9246849804625715e-08	-1	
14.898837084904361	8.6379983975482233	1.0369358265584231e-07	-4.170910183595311e-08	-1	
12.76219348069443	12.998943704422585	1.1293184798378027e-07	-5.6451379266423631e-08	-1	
13.474703728586121	11.658228528715059	1.1197072937786726e-07	-5.353780625475759e-08	-1	
14.555111698008259	9.6321712260004198	1.0742534419294717e-07	-4.652473684477848e-08	-1	
14.727741906378935	11.195661743026003	1.1158287645470171e-07	-5.5211455974902907e-08	-1	
9.6604872637144688	16.276504392839069	1.0761885443642574e-07	-5.0935129421736841e-08	-1	
10.541331263411999	15.694139820128227	1.1016693950073171e-07	-5.4555395876983494e-08	-1	
11.487762892438022	15.290073642597489	1.1209465770587346e-07	-5.8338380910550603e-08	-1	
13.074786352249598	14.195745234974524	1.1386513064396487e-07	-6.2068145890860212e-08	-1	
12.515356839877141	15.23481983339269	1.1352962416712853e-07	-6.3061216204263677e-08	-1	
9.065024547321169	17.749253626727587	1.0509494023204353e-07	-5.009339423130121e-08	-1	
3.4624982794604975	21.518637248093341	5.9511134752724662e-08	-1.5164683567511266e-08	-1	
2.1627918064914438	22.359006642009209	4.0536764859866825e-08	-7.75684100800198e-09	-1	
0	24.405000000000001	0	0	-1	
1.0957619345931697	23.961204028734446	2.1998723523957784e-08	-3.0166955427107843e-09	-1	
5.1316109484925363	18.966254298317441	7.8969333641657674e-08	-2.4973167663721824e-08	-1	
4.6535966264056823	20.352561758861356	7.3838832508006253e-08	-2.2629494724592391e-08	-1	
6.8904141801983272	17.998366223161582	9.3614493233772896e-08	-3.6111467044146561e-08	-1	
6.2008772980884084	18.827324024071945	8.8359074458816288e-08	-3.2269805781704278e-08	-1	
7.9706078026092468	18.187792259493769	9.987744698796097e-08	-4.3648402130849025e-08	-1	
21.964999999999996	0	0	0	-1	
20.807483633036362	1.2003091764350051	2.4048983266687923e-08	-3.0363093210261503e-09	-1	
19.723993194889296	1.8535912718386123	3.5643071696937164e-08	-5.5541004688920246e-09	-1	
18.909794069718636	2.8251003065628146	5.1115154249511409e-08	-1.0150805320680477e-08	-1	
19.455368792469862	3.8550883655785029	6.4786384757059889e-08	-1.6581564282169868e-08	-1	
16.831576024515332	6.4381325203907007	9.0706833901065532e-08	-3.1324653509908484e-08	-1	
17.932715072801017	6.0509233513340765	8.755825844674727e-08	-3.0024471228522361e-08	-1	
16.716428872297488	7.4640343924209995	9.7513932064581286e-08	-3.786722097755123e-08	-1	
16.382483727679247	8.8874694516949493	1.0483750876087583e-07	-4.6312599846598003e-08	-1	
18.561941509440008	5.1508052221855198	7.9278712465223614e-08	-2.4501090687175087e-08	-1	
15.495823653293039	10.102902329300173	1.090477439576552e-07	-5.150142707979544e-08	-1	
13.8411521026398	13.189936041742826	1.1377317523860936e-07	-6.1208071306333734e-08	-1	
14.716846339704432	12.531309148914204	1.1352634966652492e-07	-6.1447820227253226e-08	-1	
16.113687899915224	11.353503866885035	1.1180661336058246e-07	-5.9664225359050907e-08	-1	
10.338452205606977	17.185202689211245	1.0926533667689372e-07	-5.668158067333506e-08	-1	
11.234557135841969	16.490677664267182	1.114940403694838e-07	-6.0154113808215793e-08	-1	
14.254853950747714	14.204569257076027	1.1430398061590988e-07	-6.6500834226695267e-08	-1	
14.532134950677804	15.375789690182028	1.1435249521467198e-07	-7.1458739157671025e-08	-1	
14.094613129390476	16.49704644567769	1.1386422992264376e-07	-7.2985122131289929e-08	-1	
12.729118474291614	16.880415298413354	1.1313238601729928e-07	-6.8269035239151e-08	-1	
8.8914641685252214	18.900998648160183	1.0391999270150332e-07	-5.072742172402585e-08	-1	
10.785137176145684	18.227239921444262	1.0990061079743219e-07	-6.1196723431284364e-08	-1	
4.6231053576011583	22.019150370729882	7.2935182902454997e-08	-2.3266458394299384e-08	-1	
3.3713491556517106	23.325881384620104	5.7980543868131471e-08	-1.5129954503200042e-08	-1	
2.233991428149511	23.641700192429813	4.1374488922168674e-08	-8.4203909063680094e-09	-1	
0.90066455460687989	25.054148285971472	1.8140193512708607e-08	-2.4466706208682126e-09	-1	
0	26.270000000000007	0	0	-1	
1.9703005560055655	24.756710962125357	3.7097693197416934e-08	-7.1221421101798676e-09	-1	
6.2589782614766083	19.904011734382308	8.8693984641207245e-08	-3.3661868898574728e-08	-1	
5.6288725337094085	20.745976900407516	8.2954454629383367e-08	-2.9780608128340117e-08	-1	
7.4036640668770826	19.126554894909027	9.6495263619305882e-08	-4.0976412888180307e-08	-1	
23.522499999999997	0	0	0	-1	
21.902179221089479	1.0976980560544807	2.2032093032029884e-08	-2.837344894562091e-09	-1	
22.896260180509771	0.82033563542323229	1.6657006303047653e-08	-1.9919923907528336e-09	-1	
20.834242602355477	2.4652253725887379	4.5400651067168471e-08	-8.8672717742837802e-09	-1	
20.601061667186279	3.6128053750859856	6.162704683268697e-08	-1.5526158744562634e-08	-1	
19.646218285569883	4.9762130467230863	7.7218908110277623e-08	-2.4134679355334667e-08	-1	
17.663585901180276	7.0492733248139787	9.4766548792619662e-08	-3.6494558842784179e-08	-1	
19.538193706397287	6.1083238054311995	8.7436577155145153e-08	-3.1951497211344007e-08	-1	
18.548018017979608	7.584915940126133	9.7897964427243309e-08	-4.1221872318925906e-08	-1	
17.668321361269918	8.5738034751684875	1.0311348623009864e-07	-4.6551701608316847e-08	-1	
17.506554890508916	9.8874230448026648	1.0804479245820558e-07	-5.447527398820116e-08	-1	
16.443612846445902	12.708830382054112	1.1331521344413652e-07	-6.693368656154009e-08	-1	
15.374221433747906	14.137887607238286	1.14289213466717e-07	-6.9919648479632354e-08	-1	
17.338888098289381	11.773075165925771	1.1194234904223181e-07	-6.4425843518205609e-08	-1	
12.01496993654966	18.105788382984926	1.1181702903081133e-07	-6.7469395504083134e-08	-1	
15.425942595602166	16.181860375495667	1.1379625765336045e-07	-7.6823137078515712e-08	-1	
16.159966395991709	14.937909393648972	1.1394389334823301e-07	-7.5048309521690114e-08	-1	
14.181192522792344	17.602738174826364	1.1321278445363803e-07	-7.6071839190178517e-08	-1	
13.24713341692493	18.200721266573773	1.1257942459486521e-07	-7.3379656089879231e-08	-1	
9.7356291611685908	19.703510495224126	1.0635410357214226e-07	-5.7128888707329499e-08	-1	
8.0402612839497571	20.190029910342083	9.9614488321029422e-08	-4.6506471883790307e-08	-1	
10.808671627824925	19.355163599863729	1.0921462033026633e-07	-6.305865500621819e-08	-1	
5.8625038756028074	21.771332919090778	8.4598196626425834e-08	-3.2083815173707143e-08	-1	
5.2935692416462059	23.090598155716535	7.9366882723626845e-08	-2.8512225440815834e-08	-1	
4.9013214304040966	24.292123781884104	7.5149943082982653e-08	-2.6049766138141611e-08	-1	
3.0484635432702869	24.36896560047483	5.3463988592745224e-08	-1.3277220926092613e-08	-1	
1.52703410351319	25.986201056396165	2.9570800942934715e-08	-5.0171341664370425e-09	-1	
0	28.135000000000005	0	0	-1	
1.2382270818179921	27.397951031529857	2.4374898155764666e-08	-3.7951341096619294e-09	-1	
2.7687543939441248	25.578448974675752	4.9309423067558627e-08	-1.1709488670998521e-08	-1	
6.6201738601803921	20.831081798046476	9.0728683930373729e-08	-3.6994394550891297e-08	-1	
25.079999999999998	0	0	0	-1	
24.301250000000003	1.2436954442821899	2.4683738397680838e-08	-3.4644719698237981e-09	-1	
22.716382858090647	1.8365890561504239	3.5002808608073641e-08	-6.0591371772597029e-09	-1	
21.844784783039152	3.3825191414030789	5.8343515070615334e-08	-1.4493447331485682e-08	-1	
21.22966633264592	4.6008182217738893	7.2865193493255273e-08	-2.2402735649074525e-08	-1	
20.563494039040631	5.6484847713871149	8.3212933002241131e-08	-2.9416618288059731e-08	-1	
20.272729019475982	6.8542260650371478	9.2492223777892699e-08	-3.7818034146078454e-08	-1	
19.928389097318888	7.8428323188377806	9.8535967243843781e-08	-4.440949702855368e-08	-1	
19.172990143667782	9.0266049304092899	1.0429390114544387e-07	-5.153317229122406e-08	-1	
18.817984211645243	10.284490263636005	1.0821532416086502e-07	-5.8723080790203212e-08	-1	
18.618895638054841	11.576259772172191	1.1093813764447038e-07	-6.5743059397545713e-08	-1	
16.45610640776313	13.843006432146794	1.1379653313747853e-07	-7.1727062609557987e-08	-1	
18.220011154755252	13.465412760859406	1.1270525138077915e-07	-7.4164986096833222e-08	-1	
12.571725095127842	19.209084711336278	1.1158584224258301e-07	-7.2137369282111319e-08	-1	
16.00818143021456	17.419914633559301	1.1265115887616827e-07	-8.1871296168656668e-08	-1	
16.792994488840087	16.236169929304435	1.1299597742712694e-07	-8.0954969976883673e-08	-1	
17.47520379320029	14.340954140920879	1.1325456053688564e-07	-7.6137459601510905e-08	-1	
15.144556852436128	18.343948585088356	1.1230945230748121e-07	-8.1088432948612007e-08	-1	
14.162682610926387	18.711659982003198	1.1231435858314414e-07	-7.8212935134686487e-08	-1	
10.666520636621346	20.452005404772351	1.0814648233065623e-07	-6.3594530618709244e-08	-1	
8.6367883799258003	21.083192457804614	1.0168260476034831e-07	-5.1395089803873737e-08	-1	
10.134444234252665	21.421625717749421	1.0631837732023512e-07	-6.1409601888268642e-08	-1	
7.5620340899333742	21.151738111059217	9.6404084322493522e-08	-4.3958865151867446e-08	-1	
11.697083792368055	20.050497707071859	1.1004424631792281e-07	-6.8857544990165813e-08	-1	
6.8413684216615662	21.724955424119372	9.1796373483539584e-08	-3.9203856333162151e-08	-1	
6.7300556948644497	23.116172596180199	9.0650049464930482e-08	-3.91626454564261e-08	-1	
6.163901407050921	24.233694522671883	8.616222085682955e-08	-3.5395334200263895e-08	-1	
3.8956967101784188	25.057787610096337	6.3907942928974498e-08	-1.9099320857469926e-08	-1	
5.5880407225505042	25.460664011229639	8.1352988060223364e-08	-3.1430526742429632e-08	-1	
2.5494461983053629	26.800329147201229	4.6053571794201718e-08	-1.046947596345616e-08	-1	
0	30.000000000000004	0	0	-1	
1.2743416484305821	28.867245236921434	2.4857745322032975e-08	-4.0555102831150404e-09	-1	
2.0772181346945979	28.199994720135841	3.8462072283767989e-08	-7.9604438068571112e-09	-1	
4.2285334104277013	26.527833821689207	6.7772079672926955e-08	-2.159695608157464e-08	-1	
25.49166606074948	1.1234260859813623	2.2249526898453914e-08	-3.1501476517432203e-09	-1	
26.637500000000003	0	0	0	-1	
23.854660202103545	2.4646191229334793	4.4842425641370971e-08	-9.4647670148863998e-09	-1	
25.071986236639997	2.920924286520691	5.1618835888312606e-08	-1.2127097211064879e-08	-1	
22.987211073056859	3.2246203499039732	5.5701684692078186e-08	-1.3893017097584753e-08	-1	
22.468507356496279	4.5964357401060356	7.2537714864514482e-08	-2.2831735992162868e-08	-1	
21.683263765917584	5.5546313318174878	8.1919630644997487e-08	-2.9349238487959706e-08	-1	
21.266506157572429	6.525107079195088	8.9747565626569383e-08	-3.6134529220582035e-08	-1	
21.04951365036759	7.5348147381859674	9.6276756446014381e-08	-4.3186715842885139e-08	-1	
21.133214852638442	8.5641783345630191	1.0123144116463609e-07	-5.0347270678502707e-08	-1	
20.247566189990955	9.1958228890453793	1.0420821389117498e-07	-5.37792406760878e-08	-1	
20.124982384696963	10.276712156054794	1.0742929176802963e-07	-6.0395379818991926e-08	-1	
19.624395028203075	12.201948139898313	1.1082062417833713e-07	-7.0378079064537457e-08	-1	
20.445268261120411	11.387688537981134	1.0925596005346055e-07	-6.7112682701000402e-08	-1	
18.688954541289025	14.514890161403434	1.1222312531453527e-07	-7.9207187593745591e-08	-1	
19.364401770070376	13.357334855600808	1.1166223602304342e-07	-7.5493034252342329e-08	-1	
14.365256506498806	19.740373992014728	1.1141414694155836e-07	-8.0779035916040926e-08	-1	
13.079519007069061	20.311408883656519	1.108726358098832e-07	-7.6081633415467872e-08	-1	
16.102792918672609	18.681157996742286	1.1144771633431678e-07	-8.4905874782460025e-08	-1	
17.136821757315186	17.990753636224291	1.1126076523232344e-07	-8.6340596891626938e-08	-1	
18.073110782335675	17.484402059263758	1.1084499225991829e-07	-8.7327787472992642e-08	-1	
17.99104004275727	16.288045659863151	1.1194226404604072e-07	-8.3872616805439682e-08	-1	
15.371551601900563	19.38629109239859	1.1127816933303864e-07	-8.386944750091104e-08	-1	
11.173870935575199	21.361210311741498	1.0839568465202732e-07	-6.7502662594487517e-08	-1	
7.6130010184565728	22.227469333360645	9.6295881926737089e-08	-4.5118591376592649e-08	-1	
8.788340746688732	22.611113270400917	1.015331614832787e-07	-5.3625027406439671e-08	-1	
10.584655589603555	22.62243679761319	1.0657431986600269e-07	-6.5170959711667241e-08	-1	
12.199444590413368	21.181609178094675	1.0968512048833724e-07	-7.2822749291252258e-08	-1	
7.9458566833611997	23.418188970189362	9.7504582989527888e-08	-4.8177986330239431e-08	-1	
7.0272722349713934	24.977406711927799	9.1858699788383085e-08	-4.2099682369999573e-08	-1	
5.7312726851966005	26.644413431048736	8.2146322476085922e-08	-3.274729592192682e-08	-1	
6.7876923199816508	26.091461679730294	9.0059870377251592e-08	-4.0624332032178061e-08	-1	
4.0082751836509694	27.675203743845902	6.4991647116472173e-08	-2.0179894421058204e-08	-1	
3.099853964899606	28.40987531268124	5.3545012997592707e-08	-1.4068137734779025e-08	-1	
0	31.865000000000006	0	0	-1	
1.4071913262432794	31.606551998770644	2.7411096105632163e-08	-4.5169135702809852e-09	-1	
1.8552159244175761	30.217324789916546	3.5198535856102119e-08	-6.6412460949032907e-09	-1	
2.3309312683952683	29.212646461917821	4.2349375281444486e-08	-9.4156514690586718e-09	-1	
5.1763363322847482	27.699791907360627	7.7177748748394403e-08	-2.8708260666539899e-08	-1	
26.505747601129105	1.7584014758175981	3.3344256946525741e-08	-5.9094012387906562e-09	-1	
27.416249999999998	0.94248635809009695	1.8608502212531569e-08	-2.6441571999183023e-09	-1	
28.195	0	0	0	-1	
23.634866569537131	4.1788803848836444	6.7536659028108615e-08	-2.0259198477487924e-08	-1	
25.816323477181751	4.0224439865395114	6.508362859347827e-08	-1.9555939864476986e-08	-1	
26.589156095418396	3.0207898236901425	5.2451056116962097e-08	-1.2992146878423838e-08	-1	
24.736663699508739	4.7981490475401012	7.4010810835750176e-08	-2.4808805733980669e-08	-1	
23.547005366281443	5.2249553763882588	7.8335601288249351e-08	-2.7661966931718734e-08	-1	
22.699075490825475	5.8438312970687694	8.4077592344276961e-08	-3.189064261052034e-08	-1	
22.070090270067279	7.2259726984887296	9.3991447302146901e-08	-4.1625178817300113e-08	-1	
22.315744877664667	8.2785825608309036	9.9354075722034824e-08	-4.9200244851774428e-08	-1	
22.164291468081537	9.4856467972275489	1.0395272187559101e-07	-5.7232038004447636e-08	-1	
21.27697627736212	10.546257407639064	1.0727567658504541e-07	-6.3144257690690748e-08	-1	
20.771334369669713	12.496982212663363	1.1010008144124159e-07	-7.3269937310586934e-08	-1	
21.595807945484548	11.66979628361641	1.0875587360447859e-07	-6.980073361499321e-08	-1	
19.121372350376756	15.662260832150702	1.1125591270023095e-07	-8.3975154637010663e-08	-1	
19.913377581440002	14.579950413898379	1.1106122932681747e-07	-8.1370681971823309e-08	-1	
20.667094549651019	13.672223354737696	1.1050811526007099e-07	-7.8580326450599172e-08	-1	
14.068678059237648	21.311791877526939	1.1006281411343649e-07	-8.1660990066935478e-08	-1	
15.316058685749274	21.026176528262063	1.0976554136257893e-07	-8.6166568684890778e-08	-1	
13.083120368405227	21.97813827714284	1.0950066934979598e-07	-7.8018055374137462e-08	-1	
16.984503262799223	19.185651222667563	1.1019401165536231e-07	-8.8359799769458511e-08	-1	
16.18005606955683	20.082225747815361	1.1001610191526876e-07	-8.7616237974568138e-08	-1	
18.155960469588646	18.905170958619113	1.0928636025722076e-07	-9.069310628033113e-08	-1	
18.950381404768095	18.087249728979142	1.0927436263395549e-07	-9.0470746436467841e-08	-1	
18.992400017646524	16.947805041283011	1.1038368854128285e-07	-8.7726058953494916e-08	-1	
11.969911248744591	22.397789253722657	1.0865143241988263e-07	-7.2842034207775199e-08	-1	
9.2620270764439496	24.343884605040227	1.022069923839395e-07	-5.7729108519768707e-08	-1	
10.542681286673782	23.904183914600011	1.0580741572700109e-07	-6.5775059042653767e-08	-1	
11.567689562448557	23.44601540481656	1.0754149410713757e-07	-7.1442079785621465e-08	-1	
8.093562872322611	24.575484724909117	9.7533046209484759e-08	-4.9701397402667863e-08	-1	
8.723751840261718	25.586330448313063	1.001183998770768e-07	-5.4613052440512637e-08	-1	
6.9735409976439238	27.732153172325916	9.0937803633505884e-08	-4.2283321764865076e-08	-1	
8.0024958709982812	26.784727003521851	9.6506789963662933e-08	-4.9730183259196196e-08	-1	
4.562897082497777	29.084557481108266	7.1055066061722495e-08	-2.4234962602079141e-08	-1	
3.4503371545976234	29.573495183473426	5.8098739489871998e-08	-1.6414113176624042e-08	-1	
0	33.730000000000004	0	0	-1	
0.98678254451379144	32.974118909103915	1.9706420144046049e-08	-2.8129864415493561e-09	-1	
2.8226250592401922	31.815190790677121	4.9706251422013009e-08	-1.2291765034944534e-08	-1	
2.2147936067351854	33.166693166971513	4.0932042283154372e-08	-8.5489000170540924e-09	-1	
3.82965715099995	30.728036655354217	6.3250315118977575e-08	-1.8884911796685833e-08	-1	
5.9909889485200605	28.770886006054042	8.3839690408010783e-08	-3.4928686998506374e-08	-1	
27.815377433041313	2.3038688229425759	4.1988842969062908e-08	-8.7758416830969541e-09	-1	
28.340235654333075	1.4308533120761018	2.7507445191152227e-08	-4.5009444819381934e-09	-1	
29.752499999999998	0	0	0	-1	
29.097216181941452	0.74922825715753627	1.496814250686988e-08	-1.9324659091504965e-09	-1	
26.201704365156438	5.2947903027485443	7.8259515137014833e-08	-2.8684122324652618e-08	-1	
27.648336338675218	3.712684707367131	6.1431649261301526e-08	-1.7492805983525045e-08	-1	
24.279823401617858	5.9766003763547264	8.4540081949104829e-08	-3.3374920941635437e-08	-1	
23.126395223297344	7.3715058148012247	9.4419888927211152e-08	-4.3196832673350197e-08	-1	
23.574402821155743	8.706980627312511	1.0051004534832739e-07	-5.2800513861798873e-08	-1	
23.221590397123968	9.9888808244913676	1.0462841051026686e-07	-6.1025218095124145e-08	-1	
22.421937608534616	10.844264322842669	1.0698169956248053e-07	-6.5778042554604697e-08	-1	
22.003168919749811	13.14221999273235	1.0933199019818421e-07	-7.7598555171831836e-08	-1	
23.045323350563294	12.145002281674717	1.0803683976459661e-07	-7.33875842021911e-08	-1	
20.402607243688024	15.828678753076181	1.0984466932799121e-07	-8.6506466211810121e-08	-1	
21.249277398521002	14.698440102108023	1.0972783943152203e-07	-8.3502193851094299e-08	-1	
14.154660682835889	22.500980533070013	1.0906429009406774e-07	-8.3305331011558546e-08	-1	
16.224725138037233	22.638588313868659	1.0749204457510253e-07	-9.0842742507248875e-08	-1	
15.163382072838253	23.136624952053506	1.0796120916078357e-07	-8.7738720436637218e-08	-1	
16.504715817398051	21.500126713949054	1.0829229449777606e-07	-9.0510110434422681e-08	-1	
12.616990252493533	23.845425483100904	1.0807073345266294e-07	-7.7319682705526768e-08	-1	
17.31833683598618	20.294362251152609	1.0868593390865804e-07	-9.1130672067284511e-08	-1	
19.514203820687339	19.078311807485903	1.0750125304388872e-07	-9.3611053548826631e-08	-1	
18.474783152034746	20.236769566123638	1.0742707516308952e-07	-9.3736856345014606e-08	-1	
19.878365501756111	17.550973346155846	1.0879936233193471e-07	-9.0719796625208977e-08	-1	
20.710769980244876	16.863412190456405	1.0857821365381539e-07	-9.0053072360825278e-08	-1	
10.452385098661511	24.989221480087117	1.0508951527215596e-07	-6.5768161326709778e-08	-1	
11.416158750729268	24.482664210207677	1.0676528488604613e-07	-7.1216975163536357e-08	-1	
9.3417698972052303	26.774527664719642	1.0159651075603439e-07	-5.910378618237728e-08	-1	
10.485414701199229	26.077508650572895	1.0468987164965723e-07	-6.6375775478358829e-08	-1	
7.2733528614484477	29.17886179971573	9.2419462244022235e-08	-4.4636566032192803e-08	-1	
8.5016205130298044	28.357757919368744	9.8379043752060881e-08	-5.3540330541777931e-08	-1	
9.4895280603086629	27.867466255389168	1.0180287474651953e-07	-6.0300172153304499e-08	-1	
5.700185553148291	30.084786625825235	8.1759119815319497e-08	-3.2742657319311639e-08	-1	
0	34.662500000000001	0	0	-1	
1.2137001736141013	34.196250000000006	2.3925144965481836e-08	-3.6756053745094042e-09	-1	
3.8728780593376722	32.416361648511128	6.3545054961851454e-08	-1.9168859692778857e-08	-1	
2.4551921139434847	34.582455820810722	4.4650020543156297e-08	-9.8323170417689318e-09	-1	
3.8066385234590676	33.62468697242403	6.2902028264810146e-08	-1.8591332640649132e-08	-1	
5.7342936782570524	31.26189693929625	8.206061364881421e-08	-3.2961042925801234e-08	-1	
5.0933451098277134	32.249792170030076	7.6430139298439795e-08	-2.8069037128358304e-08	-1	
29.012606854973342	3.1601332843888832	5.4023956684879706e-08	-1.3918285272943519e-08	-1	
29.316970795201218	1.7200257507079453	3.2443447239735545e-08	-5.7945138049809057e-09	-1	
30.062123021924261	0.9935531508689539	1.964702642434e-08	-2.6922394207037563e-09	-1	
31.310000000000002	0	0	0	-1	
25.007915391449227	6.948077725049318	9.1007313515477623e-08	-4.0692463131165265e-08	-1	
27.357259747859164	5.8366142259771348	8.2530820166913886e-08	-3.2770931136733455e-08	-1	
26.441499044102976	6.7255820205186678	8.9116365880088966e-08	-3.9323393866618292e-08	-1	
28.711143269555386	4.3763018599624077	6.85210502519044e-08	-2.2176620783309119e-08	-1	
24.123595309982466	7.7798614578776881	9.6157621434687655e-08	-4.6503968837809116e-08	-1	
24.372037186693589	9.7707118626306304	1.032970834918786e-07	-6.0120451965803424e-08	-1	
24.743186586767727	8.6614900610030716	9.970965047643831e-08	-5.2912741630161092e-08	-1	
24.035933558457046	11.140720745464201	1.0628167907171686e-07	-6.8393560692774869e-08	-1	
22.467174186905829	14.453115588747103	1.086553182192674e-07	-8.3598314964335092e-08	-1	
23.329812034483098	13.55907272179882	1.0816824240173583e-07	-8.0420858867057366e-08	-1	
24.216497633684213	12.309530056154545	1.0718188891781505e-07	-7.4800787503571362e-08	-1	
21.362374597123374	16.106097298621265	1.0860553916387465e-07	-8.8528213211860227e-08	-1	
22.265538368002311	15.679002900268415	1.0803907911533667e-07	-8.8001614452942079e-08	-1	
14.129878334796174	23.658514206936552	1.0814521332356412e-07	-8.4073310796424688e-08	-1	
17.248284237099337	22.323313832109523	1.0666780748455023e-07	-9.3451254870622936e-08	-1	
16.494030401307022	23.779624803292034	1.062148476741987e-07	-9.2658689347165473e-08	-1	
15.151177378928727	24.396730582748834	1.070134962746991e-07	-8.8588024843501554e-08	-1	
17.959143186941262	21.522220340966975	1.0663966827456909e-07	-9.43282285278201e-08	-1	
13.824839707804829	24.775407132401014	1.0752875216347321e-07	-8.3510135157137302e-08	-1	
12.097455859085553	25.278551502959921	1.0705418017198007e-07	-7.5439558676850969e-08	-1	
21.06908670363833	19.147296771617146	1.0551682226094448e-07	-9.5904942566291499e-08	-1	
20.531664893676151	20.25610324484764	1.0482032880239123e-07	-9.7222103971249573e-08	-1	
20.881078146043155	17.929541960839604	1.0721416488818718e-07	-9.3062908678164093e-08	-1	
20.156168233639235	21.421708593073394	1.0392188697342677e-07	-9.8320262098813878e-08	-1	
19.18474146436159	22.167338260832221	1.0437671370651663e-07	-9.7592689211297877e-08	-1	
22.336813711659957	16.998220668957973	1.0665224249399014e-07	-9.2170539055824852e-08	-1	
10.592329494253972	27.88074160949196	1.0431645919673778e-07	-6.7440752796138935e-08	-1	
11.48858069514959	26.971560733053867	1.0577343566455487e-07	-7.2558097263399389e-08	-1	
8.3909154491078972	29.521375674817357	9.7866713118132075e-08	-5.2844613262939965e-08	-1	
7.6048220804053956	30.618646909767268	9.4385311109167523e-08	-4.7126322706486628e-08	-1	
9.4158435756997712	28.959428855897546	1.0144305456263129e-07	-5.9945390870778242e-08	-1	
0	35.594999999999999	0	0	-1	
1.161893365150384	35.578897770111183	2.3103084410500491e-08	-3.3622937182812978e-09	-1	
4.7659722465075536	33.232952450177422	7.337760423360895e-08	-2.552716325253973e-08	-1	
2.2297944176411146	36.036983805564205	4.1327345447942374e-08	-8.4011960498591666e-09	-1	
3.4420505271129809	35.034890573665216	5.8455421807018609e-08	-1.5954758786139837e-08	-1	
4.417525048845711	34.558407425291399	7.0043090022059341e-08	-2.2788311581309806e-08	-1	
6.4313696191420986	32.211021371031883	8.7233266043479561e-08	-3.8184040157414303e-08	-1	
6.3735357497322429	33.5483575314381	8.7128877378659954e-08	-3.7554220031950001e-08	-1	
29.868548345233389	4.0177515128838159	6.4290182997257933e-08	-1.967174754519826e-08	-1	
30.22126907901513	2.8097772576787499	4.911021611527506e-08	-1.172644038169361e-08	-1	
30.978234919133588	1.487266905081525	2.8529022339627542e-08	-4.6255676955083818e-09	-1	
32.8675	0	0	0	-1	
32.088749999999997	0.77242917538575884	1.5299560723627347e-08	-2.0169714396965353e-09	-1	
25.678990825881272	7.9597812122357166	9.6121265749597066e-08	-4.8165780126585036e-08	-1	
28.615980851764142	5.6256578587816826	8.0126529080486922e-08	-3.1297269138193242e-08	-1	
28.198705056933147	6.9965899518982759	9.0056457831072291e-08	-4.1439788924562195e-08	-1	
26.552686146108314	8.692021279337256	9.8919633376507462e-08	-5.3488829889906868e-08	-1	
27.626954313976437	8.3106200051380537	9.6955570350045246e-08	-5.0930968636412518e-08	-1	
30.336185615273081	5.1355440894673281	7.5635953096113005e-08	-2.7667055357321898e-08	-1	
29.617406986136888	5.8766200775890152	8.2165296832825012e-08	-3.3156270437471318e-08	-1	
25.339921155341937	10.481809969680366	1.0444712451854938e-07	-6.4953215262990255e-08	-1	
26.336330158295354	9.8112661654068685	1.0238345853706017e-07	-6.09184217438557e-08	-1	
25.539382745278324	11.666155767476031	1.0592583158037791e-07	-7.1919120344423563e-08	-1	
23.806780384320682	14.882476046643804	1.0719419205773735e-07	-8.6207396865249919e-08	-1	
24.540298204928437	13.447014904440882	1.0718206847613258e-07	-8.0516979808965601e-08	-1	
23.574127866557433	16.269836119925419	1.0617600708210561e-07	-9.0869882067997e-08	-1	
17.855763300160103	23.205379825141865	1.0508209819796522e-07	-9.5837174434318588e-08	-1	
16.58381875625059	25.113989827256518	1.0511960246217911e-07	-9.3737281990147913e-08	-1	
17.541575219726884	24.362023193553959	1.0449167748087979e-07	-9.5911653046270066e-08	-1	
15.47392011875977	25.614865336768204	1.0597968129212588e-07	-9.0409296757717863e-08	-1	
13.691653837244255	26.112543124546164	1.0684173257911684e-07	-8.3511958930452491e-08	-1	
12.822107306053329	27.137023464865493	1.0646252552723593e-07	-7.9704373594507716e-08	-1	
21.915890114124004	20.042393403769616	1.0333920694588083e-07	-9.8473817523371146e-08	-1	
22.405520894109035	18.317574684724661	1.049867323469884e-07	-9.553714143245578e-08	-1	
21.786542150311504	21.437033307599656	1.0174782071401062e-07	-1.0040044908356093e-07	-1	
20.509688248248885	22.594166340193411	1.0211626739341242e-07	-1.001518403977748e-07	-1	
18.95167879782802	23.238703289558522	1.0359876132155077e-07	-9.8159262953308077e-08	-1	
23.513852940669494	17.598390744161382	1.0469053055602052e-07	-9.4617271812548803e-08	-1	
10.492939366258934	29.153532905677121	1.0388342790736486e-07	-6.6921549154179399e-08	-1	
11.805835861250833	28.277324990946177	1.057470765338404e-07	-7.4624342766733817e-08	-1	
8.8179131560146793	30.514540054511169	9.9454411412828262e-08	-5.5842966900259778e-08	-1	
9.7803590025704459	30.02219818218687	1.0244864741428089e-07	-6.2448736140913739e-08	-1	
7.6778719017891088	31.901036256141339	9.4648792998816953e-08	-4.7543829589563016e-08	-1	
8.713685600561023	31.590784745579803	9.9176910182695815e-08	-5.504848012059918e-08	-1	
0	37.460000000000001	0	0	-1	
1.2080453934956092	36.739985821926162	2.4132355232257163e-08	-3.3710133680457712e-09	-1	
5.4086265886319884	34.045831607645773	7.927681211900827e-08	-3.0206409232825952e-08	-1	
3.3733211180493754	36.538630558119102	5.7867265571634882e-08	-1.5193130580567603e-08	-1	
2.3234840435911841	37.282184605790746	4.2988042305749229e-08	-8.6811175166837908e-09	-1	
4.3224103458926102	35.670149042882443	6.9012238990531035e-08	-2.1902663730601839e-08	-1	
5.4380861552417468	35.99964966220967	8.0218705856416789e-08	-2.9922985135742021e-08	-1	
6.2670205025909373	35.010019911216929	8.684269826860297e-08	-3.6401172729132259e-08	-1	
7.3839699973621791	33.151428347715871	9.3395111786392895e-08	-4.5207766580586414e-08	-1	
7.1689756666475617	34.287144025800053	9.2497894951781447e-08	-4.3346198139612629e-08	-1	
31.128896691777701	4.1471910647753667	6.5644070662123502e-08	-2.0524607783014889e-08	-1	
31.474106564260556	2.9281493525393851	5.0562745948872032e-08	-1.2453177222015732e-08	-1	
32.239976223298193	1.8588126357136896	3.4570749967315327e-08	-6.4237322158262051e-09	-1	
34.424999999999997	0	0	0	-1	
33.646249999999995	0.73125839137045767	1.4599062164072989e-08	-1.7932837617873181e-09	-1	
28.571988219041025	7.9404130164127258	9.4821829135372517e-08	-4.8305352790791608e-08	-1	
29.89883593968738	6.8699146371114725	8.8942432901411267e-08	-4.0551176829880146e-08	-1	
27.963966271001194	9.9057865678134434	1.0190412751510958e-07	-6.174609864804188e-08	-1	
28.524181869458893	8.9542457684790318	9.8854654806243993e-08	-5.5403888365550676e-08	-1	
30.594246705763162	6.1049547535659254	8.3586448092371883e-08	-3.4833615762944796e-08	-1	
31.520166512434251	5.2730845148395993	7.6761498431186332e-08	-2.8622581638788699e-08	-1	
26.926491840671368	11.163475014236912	1.0454287701280247e-07	-6.9309303961313351e-08	-1	
26.570217690415419	12.5951971632793	1.056574194014507e-07	-7.690774873232293e-08	-1	
25.729503742709994	13.699252713224791	1.0626128068264006e-07	-8.2047891269035726e-08	-1	
24.952608757679933	14.590620488267838	1.0638156637878291e-07	-8.5514747130880292e-08	-1	
24.820000569524673	15.765574698688072	1.0552517743443929e-07	-8.9805656014869346e-08	-1	
24.740402784845177	17.107268615206038	1.0408834371464193e-07	-9.3897162981550384e-08	-1	
19.119217156926698	24.32224937973649	1.0238521294244605e-07	-9.9315784365921275e-08	-1	
17.72193683470126	25.546931510438359	1.0339247635793864e-07	-9.6972615081587468e-08	-1	
16.776712936993714	26.319323701785351	1.0416698589869576e-07	-9.4845603868809189e-08	-1	
18.832819066462662	25.404931049290376	1.0195307817654949e-07	-9.9397204679629378e-08	-1	
15.252761155709599	26.684831676716847	1.056111141198945e-07	-9.0000498577152479e-08	-1	
14.342033441523959	27.288416207809814	1.0605233345967372e-07	-8.6613164491098488e-08	-1	
13.357339390511816	28.567625378630854	1.0608521022613364e-07	-8.2538283596846283e-08	-1	
23.023787858579052	20.899314604889593	1.0088210191889095e-07	-1.0071441149823252e-07	-1	
23.523777905193672	19.423918367355139	1.022670053744606e-07	-9.8648720102218496e-08	-1	
21.781410577594656	23.160195055461305	9.9776862423839918e-08	-1.0219447744710092e-07	-1	
23.051064067006561	22.865007182084629	9.8450884076698902e-08	-1.0301121485578661e-07	-1	
20.355575662767748	23.977609689398854	1.0093510298263118e-07	-1.0109514513689295e-07	-1	
24.565060826417557	18.446542580544836	1.0249335480771238e-07	-9.7139692534916542e-08	-1	
11.519479737228126	29.829561341066174	1.053147025769422e-07	-7.3103611495673644e-08	-1	
12.745993110953476	29.749159085146335	1.0598200701161477e-07	-7.9673189208263192e-08	-1	
9.6977520836662521	31.142700852543943	1.0216515833224246e-07	-6.1786061227502201e-08	-1	
10.969216759928337	31.242138129150188	1.0472471592987387e-07	-6.9830674794233447e-08	-1	
8.6662454976844892	32.793087833949492	9.9243584721937058e-08	-5.4560531181325211e-08	-1	
9.5977718761346971	32.227756230644793	1.0209599032611103e-07	-6.1021142498307656e-08	-1	
0	39.325000000000003	0	0	-1	
1.2192807234206837	37.980169949672018	2.4375881594089134e-08	-3.323617678585032e-09	-1	
3.429812421570444	37.823869538753563	5.8741029073125713e-08	-1.5244944539730427e-08	-1	
4.6516303708673101	37.667198082204685	7.3126680206954681e-08	-2.361146600557644e-08	-1	
2.4407015769994245	38.443397335511413	4.4992772052380377e-08	-9.0768383458221123e-09	-1	
5.7283135075133638	37.1261802892666	8.3067580862681959e-08	-3.1649742847825061e-08	-1	
6.5708055550772553	36.264696697545212	8.9276883672497545e-08	-3.8252385211798892e-08	-1	
7.644828452343174	35.340537015159377	9.5414748162967018e-08	-4.6515841217933382e-08	-1	
9.075861564756881	34.059915786012965	1.0115071128815719e-07	-5.7112384440021591e-08	-1	
32.439837041370517	3.8600255628191071	6.2393769535861238e-08	-1.8476050906716079e-08	-1	
33.312904931454682	3.1134649506832606	5.2929919187010491e-08	-1.3561698705309538e-08	-1	
33.581636085382307	1.7975676520858874	3.3295676637450062e-08	-6.2228183371312664e-09	-1	
35.982500000000002	0	0	0	-1	
35.091239082862323	1.2310787475959861	2.3892964411364859e-08	-3.4957775936934461e-09	-1	
29.604540248614239	8.7259976969819792	9.7751967825381713e-08	-5.3850990397371386e-08	-1	
31.563087802782139	7.9091231258235783	9.3946034279039616e-08	-4.8020679786552761e-08	-1	
30.77975731776699	8.787356227047697	9.7734053583736091e-08	-5.4264381324702776e-08	-1	
31.529405944900816	6.4680384347586859	8.5902991532718508e-08	-3.7481454901379967e-08	-1	
29.290100367873162	9.9086054759086011	1.0130888168273781e-07	-6.1764982138963641e-08	-1	
28.628452415012308	11.510678542759685	1.0411265280376596e-07	-7.1449506980394224e-08	-1	
32.675063357549313	5.5679428038487888	7.9268288779860685e-08	-3.0732127488166572e-08	-1	
27.709486928100333	12.261987666098108	1.0491436757061776e-07	-7.5353678807111832e-08	-1	
27.02801084036393	13.905221602399461	1.0526783330728077e-07	-8.3167909859888255e-08	-1	
26.375764684448519	15.046763900371403	1.0495665697268036e-07	-8.7692531482486705e-08	-1	
26.093495379618698	16.514334560971065	1.0363401322848261e-07	-9.257370720786681e-08	-1	
26.238441758180528	17.984511730581676	1.0158917178083527e-07	-9.6583705845372089e-08	-1	
20.758931696376333	25.196077079718798	9.9322473801037764e-08	-1.0243865512578419e-07	-1	
18.388150616456468	26.342515692971258	1.020040136947225e-07	-9.8876291913347158e-08	-1	
16.120566584697109	27.348648664282184	1.044753799994635e-07	-9.3158739098519037e-08	-1	
17.935706062211167	27.611150963534097	1.0205475286377098e-07	-9.824424756083216e-08	-1	
19.72818935291842	26.077638648431023	1.0020636605166927e-07	-1.0128077067757291e-07	-1	
14.675343356877685	28.386982864792436	1.0552660991927841e-07	-8.8196413756869076e-08	-1	
14.325214213079974	29.480305224469845	1.0560651938746763e-07	-8.689815370397848e-08	-1	
23.92794669238943	21.900521451207233	9.8552208430076818e-08	-1.0249991809292426e-07	-1	
24.362956148444155	20.736383216598554	9.9570864445741356e-08	-1.0122458558588872e-07	-1	
25.056051974914219	19.70484590197313	1.0026351183440222e-07	-9.9818166972064388e-08	-1	
21.587568889478014	24.337542405974578	9.8884288386800851e-08	-1.0287005976090618e-07	-1	
22.877744142961664	24.156949931471594	9.7304467609272409e-08	-1.0393446730711258e-07	-1	
24.62757479592306	23.417464225227828	9.5937370365642206e-08	-1.0433805413087546e-07	-1	
26.077360506757266	19.14029694808276	1.000987213678558e-07	-9.9018343901059614e-08	-1	
12.18657169000589	30.861931383843128	1.0583236346579169e-07	-7.6748273070611966e-08	-1	
13.419404522554323	30.68490674727359	1.0595621987380746e-07	-8.2864031530620388e-08	-1	
10.614031359097465	32.86292747324012	1.0449834360338186e-07	-6.739900678010562e-08	-1	
11.930100072945361	32.080716362666024	1.0590439966130569e-07	-7.52348687450371e-08	-1	
10.151061214813874	33.8547892686151	1.0404190525065862e-07	-6.4314309336383424e-08	-1	
0	41.189999999999998	0	0	-1	
1.3628021793006779	39.2785728548793	2.684860138604545e-08	-3.886521337902323e-09	-1	
1.2972953623800816	40.873728884643995	2.6142184986758833e-08	-3.1048264697592831e-09	-1	
3.9704875464458911	38.930691771933787	6.6058324148456267e-08	-1.830902805707945e-08	-1	
5.7888487497341732	38.509420973761927	8.4286292933299367e-08	-3.1373487565106917e-08	-1	
2.691944433863608	39.583148177001931	4.899140827523422e-08	-1.0125709225849064e-08	-1	
6.8302775307558683	37.613645283386973	9.155544288886542e-08	-3.951427938014098e-08	-1	
8.1699689769732586	36.65652475514414	9.8537599367297765e-08	-4.9709552217916751e-08	-1	
8.8051445194455269	35.474599924568636	1.0058676030098705e-07	-5.4712378777357653e-08	-1	
9.8212247141675277	34.898503337919443	1.0358028428110753e-07	-6.1777072853700904e-08	-1	
33.743542080106153	4.1784306470744648	6.5844007808036863e-08	-2.0614652025791155e-08	-1	
34.476058518949657	2.7994711623495259	4.8672244752134353e-08	-1.1548775538776794e-08	-1	
37.539999999999999	0	0	0	-1	
36.451138565740955	1.5628961594088215	2.9771153173764867e-08	-4.8048179619655221e-09	-1	
35.646983085626907	2.5158269726217828	4.4328977158722508e-08	-9.9502395379243104e-09	-1	
32.638935490041071	7.3882578340503917	9.1284672047872821e-08	-4.4189684382250186e-08	-1	
32.641973970130458	8.5067461541550937	9.6245802144080672e-08	-5.2175626924710828e-08	-1	
31.283087625748724	9.8511036735343236	1.005826840259497e-07	-6.1309416480172215e-08	-1	
29.830148912543194	11.006686149984054	1.0297884356469848e-07	-6.8465463770698996e-08	-1	
29.409166552644788	13.171659375641349	1.0414174615016725e-07	-7.988355624078642e-08	-1	
28.213466939909228	13.336681628416693	1.0470531073621225e-07	-8.0642095913843573e-08	-1	
30.196908301801813	12.257114218504732	1.0379016875019935e-07	-7.5374233849746889e-08	-1	
33.607332612269886	6.6875753724364877	8.6975625969871823e-08	-3.8967996406534913e-08	-1	
34.125306061170654	5.7075821698334703	8.0049364517868626e-08	-3.16796502266007e-08	-1	
28.06233404558812	14.541716547542027	1.042173531676357e-07	-8.5891408098692503e-08	-1	
27.741990268093222	15.713181515980086	1.0333847991711711e-07	-9.0188344622062205e-08	-1	
27.230135205992333	17.144505790629463	1.0195903029814293e-07	-9.4529124480408208e-08	-1	
27.20941283948008	19.423570940060419	9.8735030215212656e-08	-9.9737669865823863e-08	-1	
28.013868773811001	18.300772825385664	9.9761905685721746e-08	-9.7459333064912121e-08	-1	
21.36683397325309	26.408527243558744	9.7614302399927321e-08	-1.0369387465870687e-07	-1	
22.097225646344263	25.416417456197308	9.7262202214041579e-08	-1.04013593123277e-07	-1	
19.071025098314305	27.123846248193892	1.0062047968159459e-07	-1.004758450533432e-07	-1	
17.168125330990968	28.78719958908162	1.0276968884190909e-07	-9.6464230795303067e-08	-1	
15.573957933474301	29.101430933048754	1.0459730124836594e-07	-9.1580031260554094e-08	-1	
18.236483381789668	28.982939413922828	1.0125592508671173e-07	-9.9102864942877816e-08	-1	
19.124933099213223	28.358151367185965	1.0009094037933306e-07	-1.0086896552624898e-07	-1	
20.523821829475033	27.306905978693326	9.8371871476118289e-08	-1.0288484403672644e-07	-1	
14.505311434763621	31.072092483667543	1.0550698683763127e-07	-8.7539986591890878e-08	-1	
15.633302762610608	30.405035473996229	1.0450271958281468e-07	-9.1816405621396003e-08	-1	
25.375777992593832	22.15257707993846	9.6639417018400083e-08	-1.0336402669480098e-07	-1	
25.597520776887055	20.878865616678326	9.8103104299257913e-08	-1.018195717976063e-07	-1	
26.421004543108495	20.170643166108981	9.8315909117414906e-08	-1.0092767786434717e-07	-1	
24.327727115049811	25.060840697976026	9.4699159847178135e-08	-1.0527004866453237e-07	-1	
23.267911451370725	25.586368358962101	9.5566256320843176e-08	-1.0499355486704327e-07	-1	
25.667185421556898	24.456192900530425	9.374431478582363e-08	-1.0536042215061153e-07	-1	
26.650332339985233	23.161585371617889	9.4139155294714645e-08	-1.0459038044075279e-07	-1	
13.441644510660391	31.837561075066574	1.0617818825811949e-07	-8.290652723008359e-08	-1	
11.682671120353024	33.591567114558437	1.0613921923699228e-07	-7.34779491258128e-08	-1	
12.975809327878647	33.56510501951206	1.0674384513225392e-07	-8.0256403820486942e-08	-1	
10.938576039208289	34.796909425003761	1.0581756987838562e-07	-6.8805321954133487e-08	-1	
0	43.055	0	0	-1	
0.63944620967810095	42.122499999999995	1.3305685234561739e-08	-1.0929057777440863e-09	-1	
2.6269272509278596	40.996536525360142	4.8109348633424648e-08	-9.2908731486500764e-09	-1	
1.7701308275409651	42.122499999999995	3.4505749326169956e-08	-4.6946456729472156e-09	-1	
4.8373883762530374	39.556955315915324	7.5573899725439293e-08	-2.3975148267845429e-08	-1	
4.1281611629792287	40.357405086477151	6.8123654718223056e-08	-1.8654754885511379e-08	-1	
6.9670018689432744	38.980500962950209	9.3021219897814859e-08	-3.9630937067483978e-08	-1	
6.0854743704012026	39.893118296683205	8.7086569343884182e-08	-3.2599965503490604e-08	-1	
8.0724563228118082	38.300101391303912	9.8832056763362741e-08	-4.7984968407295103e-08	-1	
9.2196624904181501	36.904074881110233	1.0279540293716082e-07	-5.6813058501411045e-08	-1	
9.8378464443968507	36.020340681207699	1.0417048405865523e-07	-6.1383869900560748e-08	-1	
34.745617980277999	4.7889438874134269	7.1798677606722579e-08	-2.4931071689402775e-08	-1	
35.271081849495111	3.7047094023189966	6.0169185151499437e-08	-1.7328695517147589e-08	-1	
39.097499999999997	0	0	0	-1	
38.028562105673984	1.5011286802649655	2.8410420298588004e-08	-4.6632931672803383e-09	-1	
36.452395227005681	3.4676958992539255	5.7517093214773222e-08	-1.5614906744741418e-08	-1	
37.658875913033192	3.0358639554135469	5.1878503006159413e-08	-1.2838119223809978e-08	-1	
33.651022624342836	8.0242047901207947	9.4159698971416619e-08	-4.8691968867799833e-08	-1	
32.525164269313542	9.6191223712538569	9.9592497000322057e-08	-5.9644056912453331e-08	-1	
33.781788441431551	9.4869656342114297	9.9119321178898985e-08	-5.8692032470301945e-08	-1	
31.115099433481216	11.223446300599457	1.027277744297314e-07	-6.9602138667856032e-08	-1	
33.05801859493581	10.764825640326009	1.0176311892577557e-07	-6.6799664269374862e-08	-1	
30.0702621046253	14.181551735726616	1.0342947895432163e-07	-8.4356093756517919e-08	-1	
31.18646228154293	13.912493914565095	1.0313723426862379e-07	-8.3107213922168948e-08	-1	
31.756853915374297	12.448066855617004	1.0326537731432406e-07	-7.617726327143754e-08	-1	
34.923305405482033	6.9256985021392623	8.8396398615588229e-08	-4.0625611753208631e-08	-1	
35.223125920791368	5.860796812530058	8.1052579018345899e-08	-3.2732767384415422e-08	-1	
29.270794952623493	15.50170947626162	1.0266879747632944e-07	-8.9453531269905693e-08	-1	
28.523505168150223	17.016991028442611	1.0124958676917342e-07	-9.4230628075558217e-08	-1	
28.399513324399166	19.627084718267227	9.7543195399949087e-08	-1.0010090886800334e-07	-1	
27.811050525446021	20.681346809197606	9.6427508057040294e-08	-1.0181328777773617e-07	-1	
29.379259839704378	17.55821342827943	9.9971127984869838e-08	-9.5612784069403505e-08	-1	
29.488697364371543	19.106090333274345	9.7614318496748698e-08	-9.9076386515971143e-08	-1	
21.699568843663346	27.594714974195153	9.6535885287042702e-08	-1.0438372941260879e-07	-1	
22.694594374385179	26.621112816631616	9.5619317775257429e-08	-1.0502596207009728e-07	-1	
16.652937637193222	29.835399193184514	1.0331904922924864e-07	-9.5046127397215002e-08	-1	
18.059363410011578	30.054541727905306	1.0142019254083202e-07	-9.8774050974771674e-08	-1	
19.318799892356321	29.662785099495625	9.9579084857070706e-08	-1.0134623664588133e-07	-1	
21.106834457363622	28.650120586536868	9.7068945979819251e-08	-1.0391402324450742e-07	-1	
15.677310662596962	31.658392150909215	1.0464642145818699e-07	-9.1841952653141832e-08	-1	
15.001172765057401	32.714648369037356	1.0559639630186597e-07	-8.9256072790725253e-08	-1	
16.824794116388343	30.990650733084273	1.0317306699420388e-07	-9.552644047496667e-08	-1	
26.710289409847267	21.53708801338497	9.6154041828362771e-08	-1.0290194918642105e-07	-1	
24.990495337879022	25.975520651620148	9.3207653137213509e-08	-1.0594593991350535e-07	-1	
24.676268388064781	27.06049187649251	9.2861601870092781e-08	-1.0624058638609997e-07	-1	
26.111303248164869	26.115844430899593	9.1886814978200123e-08	-1.0626264003032755e-07	-1	
27.112925302643784	24.719980144462994	9.2081828551962748e-08	-1.0569378773667358e-07	-1	
28.009650503980609	23.605941483403122	9.2478133002621311e-08	-1.0495505915337894e-07	-1	
28.277436399904168	21.995292111812656	9.4240834978672611e-08	-1.0348566931872892e-07	-1	
14.13436397935531	33.48727324244566	1.0644204702429296e-07	-8.5526054613866209e-08	-1	
12.563858082535596	34.538359702148917	1.0709970122404323e-07	-7.7831400483866141e-08	-1	
13.618123361295362	34.46451372855627	1.0713373270577007e-07	-8.2948615326833741e-08	-1	
11.269331384426126	35.914680101184935	1.0680878754149106e-07	-7.0151427687599937e-08	-1	
12.385972118021549	35.580129873272639	1.0760889379997566e-07	-7.6449954904727622e-08	-1	
0	44.919999999999995	0	0	-1	
1.0457729073034328	43.987500000000004	2.1215738848809594e-08	-1.7691137736498641e-09	-1	
1.5510104557607831	43.110563335936227	3.0634464890083308e-08	-3.5240839979274697e-09	-1	
4.0872364477775989	41.413702310595419	6.7831295535559416e-08	-1.7733009882433505e-08	-1	
3.3767332246486093	42.196405209477	5.9020779413499378e-08	-1.2815750102942796e-08	-1	
2.5396413324747069	42.894017999439775	4.6908865264050001e-08	-7.9204751050276451e-09	-1	
5.2098131438647348	40.559463604015725	7.9626892315786993e-08	-2.5880981309356211e-08	-1	
8.0753584780142713	39.598163294361477	9.9621296240524155e-08	-4.6936235732111179e-08	-1	
7.4674679514949265	40.644960675964846	9.6880835349818297e-08	-4.1703519906544956e-08	-1	
6.3985884405809061	41.213126357357019	8.9890281230288849e-08	-3.3615517763478305e-08	-1	
9.3296515954088743	37.976940172662459	1.0368207089741185e-07	-5.6784170585031008e-08	-1	
10.22927837905825	36.952233675379929	1.0560406125686082e-07	-6.331006264693739e-08	-1	
35.917097989072452	4.7217343990256628	7.111981501879596e-08	-2.4361389840039496e-08	-1	
40.655000000000001	0	0	0	-1	
39.876249999999999	1.2464831284136397	2.4046699547822701e-08	-3.5427143599392048e-09	-1	
38.50268346392469	2.4396709735546902	4.3276644713322527e-08	-9.3874627228499051e-09	-1	
37.524447256923338	4.3102278790612889	6.7223584231722532e-08	-2.1310256583933217e-08	-1	
38.703102864315909	3.45322379334559	5.7059125668630509e-08	-1.5522165587592583e-08	-1	
34.688611955221475	8.1500421597766746	9.4514995005300525e-08	-4.9480625715063501e-08	-1	
34.720742842833467	10.616183778774998	1.0125501136910776e-07	-6.5690056685785726e-08	-1	
35.453262146817693	8.8625986471143179	9.7046395952728919e-08	-5.4334775073395141e-08	-1	
33.103648752060906	12.760617630173105	1.029148393848261e-07	-7.7563273958843006e-08	-1	
34.389411285144902	12.252327331899799	1.025857072946779e-07	-7.4827219670245881e-08	-1	
30.626105755788899	15.4203134261315	1.0210534397637787e-07	-8.907408694191758e-08	-1	
31.715890846837453	14.931316931741936	1.0213180724757458e-07	-8.7090478469398125e-08	-1	
32.33462888612528	13.909596639815009	1.0273291127764954e-07	-8.2920198706460929e-08	-1	
35.660296020521692	7.765000940688723	9.2681243209287947e-08	-4.6639438595425925e-08	-1	
36.321531552054594	5.9927552118160552	8.2073023651751196e-08	-3.3617644485646641e-08	-1	
36.58976002447978	7.1455815227191088	8.9443927768486593e-08	-4.2074342019236661e-08	-1	
29.490056720798176	16.551753396727371	1.0127474550485576e-07	-9.2780183611787946e-08	-1	
29.515842437191626	20.815974296505047	9.5045697884196441e-08	-1.0191213523862344e-07	-1	
30.120327102722506	18.124167441639095	9.8735322082806001e-08	-9.6864497175746978e-08	-1	
30.332256217878129	17.216108697006103	9.9954564594262663e-08	-9.4634466660118076e-08	-1	
30.825704802171394	20.118556325906695	9.535616728856739e-08	-1.0066179244973135e-07	-1	
30.916225450335446	18.609997096787982	9.7611588712810507e-08	-9.7873061882364414e-08	-1	
22.85479104862145	27.956207320498969	9.4782139276902888e-08	-1.0545872078349965e-07	-1	
22.227125445411335	28.923621747446866	9.5399049880022563e-08	-1.0509898142845439e-07	-1	
24.06546069457729	28.118272627358589	9.3150303434991955e-08	-1.0620419798162952e-07	-1	
18.754887443964385	30.85511737680444	1.0047130677093577e-07	-1.0021419400713868e-07	-1	
18.002845691757564	31.602852794150678	1.0170284504409368e-07	-9.8549338744381011e-08	-1	
19.805564541336118	30.999175311243228	9.8943095693290963e-08	-1.020969737858205e-07	-1	
20.652995595487557	29.933664072185188	9.7579018452371963e-08	-1.0339751968623969e-07	-1	
16.425866724009538	32.664624468888555	1.0412522133201424e-07	-9.408809928605428e-08	-1	
16.059365483296961	33.669888358948569	1.0497488586587503e-07	-9.2606789157632691e-08	-1	
15.096727394912239	34.137014208044363	1.0615880220365004e-07	-8.9155279072197567e-08	-1	
25.581312292020794	28.288346378552628	9.1319789298936259e-08	-1.0674017495936714e-07	-1	
26.3936814110623	27.335629498750226	9.0851552665293387e-08	-1.066877329868247e-07	-1	
27.086437308638132	25.75826945252226	9.1221710074135845e-08	-1.0619210742085932e-07	-1	
28.367668794021686	24.812042476761253	9.0943891645066781e-08	-1.0571460750057008e-07	-1	
29.380628798328338	23.198981114968984	9.1974930690939478e-08	-1.0448867547393806e-07	-1	
29.505345482775066	24.401886672556927	9.052514949113552e-08	-1.0535616814190047e-07	-1	
29.470997967407566	22.008769258955027	9.3416992211430573e-08	-1.0335831713512083e-07	-1	
14.045345615075648	35.483819614590246	1.0759706865911757e-07	-8.4262974416167222e-08	-1	
15.068127348227975	35.198470191293552	1.0682116800940592e-07	-8.8509825344808508e-08	-1	
11.585273347163902	37.036727809217929	1.0793543440169584e-07	-7.1271580801014524e-08	-1	
13.264146940116509	36.367397940822023	1.0831112429687315e-07	-8.022240918320022e-08	-1	
0	45.852500000000006	0	0	-1	
0.96394588762248157	45.386250000000004	1.9771736745213143e-08	-1.0442607820226518e-09	-1	
2.4940261434524054	43.982735453691973	4.6349939681284255e-08	-6.9494201913112814e-09	-1	
5.116220637464429	41.655839039260933	7.8961547838810508e-08	-2.4334737874732915e-08	-1	
4.8368912339203591	42.870624632468818	7.6503345030279602e-08	-2.1255947591536832e-08	-1	
3.9166378730197704	43.711375906568882	6.6209687883856207e-08	-1.471766462092986e-08	-1	
8.8728642955186121	40.382447488483088	1.0334794083323436e-07	-5.1421955418447561e-08	-1	
10.048850905720071	39.044138680772114	1.0650261464715883e-07	-6.0440981893962956e-08	-1	
7.6643631877211815	41.839342489421092	9.8419688548493839e-08	-4.1582855763405066e-08	-1	
9.0844594375138321	41.480784741782962	1.0485216285659117e-07	-5.14039669263334e-08	-1	
6.574874655500988	42.737867443284919	9.1761934283305849e-08	-3.3006183042278994e-08	-1	
10.6156149465052	37.886250574966525	1.0698195141851819e-07	-6.4973101954684818e-08	-1	
42.212499999999999	0	0	0	-1	
41.16664052935846	1.186158002860016	2.2965013545542179e-08	-3.2885514355585372e-09	-1	
40.559644157722147	2.1812072502640345	3.9338276337075603e-08	-7.957888907011499e-09	-1	
39.509896228145138	2.6698441738857905	4.6674740165960141e-08	-1.0652557931259985e-08	-1	
37.490971820124877	6.3782665183564751	8.4773759501480431e-08	-3.6375133582937305e-08	-1	
39.089537997683017	4.5092858406720744	6.8840043444930059e-08	-2.2708022283759142e-08	-1	
38.672276723445258	6.0308068322833641	8.2252592693476188e-08	-3.3745250402930856e-08	-1	
40.114657616673973	4.0139629674849591	6.3725110070107314e-08	-1.9193435563397855e-08	-1	
36.122143790525946	9.6921801921432902	9.9161612783955138e-08	-5.9690255375497685e-08	-1	
35.847208058157392	10.721752208181741	1.0110406942359203e-07	-6.6097645960158509e-08	-1	
35.841762465810355	11.853140258386521	1.0214683660376196e-07	-7.2485441839484046e-08	-1	
37.157770549934547	9.3084909097455757	9.8136712673696788e-08	-5.7091678630009457e-08	-1	
37.117997639882553	8.2047887914835762	9.4464202459184829e-08	-4.9602367097278741e-08	-1	
34.295115599695997	13.894165279336432	1.0223599376069288e-07	-8.2542979987732865e-08	-1	
33.318624838262807	14.378631751545866	1.0213854572458654e-07	-8.4723912335399792e-08	-1	
35.839878114432217	12.979530010372615	1.0230452799582219e-07	-7.816166273728224e-08	-1	
31.787498003071882	16.123634645848796	1.0078299131220535e-07	-9.1213327259609675e-08	-1	
32.69218383785217	15.162242943554	1.0158948539160236e-07	-8.7812125282633768e-08	-1	
38.234064968042432	7.3601127800353483	9.0506682124961158e-08	-4.3489113280311246e-08	-1	
31.406154148591511	21.4842831643134	9.3059073060241896e-08	-1.0246335972143574e-07	-1	
32.150199309933598	17.646569784036721	9.8540131315643075e-08	-9.5431869000702976e-08	-1	
32.398110055801375	19.526252426241687	9.5582802611894126e-08	-9.9327730249456485e-08	-1	
32.207392695968764	20.659915545868554	9.3924710684186452e-08	-1.0118833978843779e-07	-1	
32.841065361309631	18.51164143605925	9.6974174686297528e-08	-9.7259052822361062e-08	-1	
24.130524763686271	29.338007361732135	9.2808552969303288e-08	-1.0635868905292437e-07	-1	
22.933414769167094	29.835219341820984	9.4320610646507257e-08	-1.0569674792284875e-07	-1	
21.936166583745884	30.663342610903356	9.5746735640358756e-08	-1.048423486667578e-07	-1	
25.212923831449483	29.423575235286851	9.14865196875477e-08	-1.06766130110937e-07	-1	
19.743906472238251	32.366350739575076	9.9400437126630208e-08	-1.0183159749093514e-07	-1	
17.547594804386662	33.448650286711363	1.0303867654271032e-07	-9.6962328880707699e-08	-1	
18.916139056758521	33.456200029701591	1.0110703618449107e-07	-1.0001612134792904e-07	-1	
21.277875217937478	31.750552930240115	9.6912825241087708e-08	-1.0404717256232326e-07	-1	
16.773151336847267	34.467000900170902	1.0461693660131913e-07	-9.4479217728191738e-08	-1	
16.074059254697627	35.538481612560794	1.0614573091448787e-07	-9.175844089968494e-08	-1	
27.104686596638896	28.366204418256753	8.9764184642718345e-08	-1.069156802654853e-07	-1	
26.275577392609708	29.646458639408468	9.0316794414438221e-08	-1.0697718766998731e-07	-1	
27.961353229874195	27.615615835096964	8.9300270150014391e-08	-1.067654329640394e-07	-1	
27.829107880204084	26.484345704156013	9.0038979106739776e-08	-1.0646867909148324e-07	-1	
29.347730361212978	25.600925247962376	8.9536330487788666e-08	-1.0598469889209638e-07	-1	
30.519978559090966	22.686951823538156	9.1901355210399941e-08	-1.0388462937646514e-07	-1	
31.371934165492004	23.600441570253928	9.0358186108338181e-08	-1.0445063370483613e-07	-1	
30.954336723536375	25.202237025053449	8.8906458571173225e-08	-1.0551074256388971e-07	-1	
14.414596811366579	36.5974159197849	1.0822376046306478e-07	-8.5078842350930977e-08	-1	
15.683475479507441	36.681816907102657	1.0741176555566137e-07	-8.9713648951496646e-08	-1	
11.809600974142192	38.270931743496227	1.0898483201788192e-07	-7.138787282740488e-08	-1	
13.64554990558088	37.483423839392231	1.0923040141901066e-07	-8.1205041965311868e-08	-1	
0	46.785000000000004	0	0	-1	
1.4762803822029287	46.326512783708523	2.9222506161150411e-08	-1.8058197352523507e-09	-1	
2.7231432934245063	45.41275834459482	4.9763847919402598e-08	-6.9326674091036833e-09	-1	
5.2974879757439668	44.028890402735378	8.104751241528006e-08	-2.2844444849647025e-08	-1	
3.9016303305971771	45.78957375220746	6.5464318371677619e-08	-1.2454937812032505e-08	-1	
5.0854364624217379	45.429817459068808	7.8959249467472086e-08	-1.9598752057675763e-08	-1	
9.9901542582540994	40.32971831939426	1.0706717554627343e-07	-5.8613970051863253e-08	-1	
11.262457760844224	39.472296017342735	1.0913595696357656e-07	-6.7086956096040536e-08	-1	
7.6361552102513715	43.731717694425377	9.8646258086835467e-08	-3.8459034026854284e-08	-1	
8.6273528338340011	42.87229132456968	1.0356485015109738e-07	-4.6335734284403673e-08	-1	
10.270280010949259	41.481977586199044	1.0836498737128604e-07	-5.8588513350923874e-08	-1	
9.6763993232755521	42.446068094310426	1.0720897689373812e-07	-5.3464621755150258e-08	-1	
6.6136269927735389	44.553619427396413	9.2107849018892383e-08	-3.0493430771704665e-08	-1	
43.769999999999996	0	0	0	-1	
42.371313206550226	1.3458684082843388	2.5745645302808026e-08	-3.9290803743723928e-09	-1	
41.703482591636231	2.3611249978008955	4.2256354200643323e-08	-8.8121236234028796e-09	-1	
40.974765167399511	3.2680206217722163	5.4593359297346419e-08	-1.4303577442666105e-08	-1	
40.07624132941789	5.7403624564988958	7.9979647754710706e-08	-3.1528305831280666e-08	-1	
39.850945104389723	7.1562424518504697	8.9463491328728675e-08	-4.1911740203395422e-08	-1	
41.180952715961645	4.4129989848789055	6.7981008435389461e-08	-2.1924298736972905e-08	-1	
36.928525862866977	10.388855257399326	1.0050949394507508e-07	-6.3972281573368856e-08	-1	
37.329905165327439	11.620534201899494	1.0186528029033411e-07	-7.1038693754734205e-08	-1	
36.960128006631706	12.862066811086867	1.0221562508819529e-07	-7.7467037264362454e-08	-1	
37.91328232636878	10.033308595168226	9.9819850064112137e-08	-6.1673754946468548e-08	-1	
38.629023342498947	8.7029052910915752	9.6326562500072449e-08	-5.2925982243616629e-08	-1	
35.545362488218665	14.066736508732264	1.0185176979845566e-07	-8.302054252260999e-08	-1	
34.612277576699782	14.91658982511786	1.0133091239239071e-07	-8.655769701696591e-08	-1	
33.663663068629255	15.412648477447828	1.0103762680029829e-07	-8.8523203959001888e-08	-1	
36.671088292051117	13.955704226547969	1.0179035795291286e-07	-8.2412368426739826e-08	-1	
32.921060369245509	16.283977805356677	1.0018755346120631e-07	-9.1513905245568451e-08	-1	
32.694792113960851	21.70107210829546	9.2224572079413365e-08	-1.0240664761952698e-07	-1	
32.436925391286216	22.982122460686469	9.0608776422284301e-08	-1.037424703319097e-07	-1	
33.453840036674329	17.484734129316777	9.8339660141395928e-08	-9.4758991169847446e-08	-1	
33.574177196973196	19.341214760417557	9.5467826421428149e-08	-9.8763932380066266e-08	-1	
34.120663088150899	20.398913218893043	9.3679845748219509e-08	-1.0038828707127333e-07	-1	
34.609619028316644	18.753649383440806	9.6097500178661103e-08	-9.7450197945466781e-08	-1	
24.603397216457338	30.322122345067726	9.2190932432840996e-08	-1.0658461932016528e-07	-1	
23.123224968181429	31.117507991256712	9.4172856055147376e-08	-1.0576915055850968e-07	-1	
22.348580348901805	31.865544210918991	9.5422866062290284e-08	-1.0508738081918501e-07	-1	
25.444848618012326	31.017859505090453	9.1283659854476705e-08	-1.0679316173073438e-07	-1	
21.332346093055136	32.846871663682784	9.7264273818860368e-08	-1.0388255998140388e-07	-1	
20.47021110141354	33.526286925301605	9.8882703291675485e-08	-1.0258739118411498e-07	-1	
18.024934767596541	34.731271403347939	1.0317769194942055e-07	-9.7611732478111064e-08	-1	
19.982978948959133	34.588412349596794	1.0028243598448771e-07	-1.0145316480341164e-07	-1	
16.878560824333043	36.50421538748634	1.0601819460117126e-07	-9.3542381520855419e-08	-1	
27.715331390391029	29.23722401788962	8.903495310248088e-08	-1.0698844320629471e-07	-1	
28.505838802220982	28.525423316201923	8.8531210871262902e-08	-1.0686986744094863e-07	-1	
26.597642699001213	30.736448775739802	9.0055214092394503e-08	-1.069756952292157e-07	-1	
27.650167138782333	30.30750022108074	8.9037877197198942e-08	-1.0701337221525368e-07	-1	
28.904117908750109	26.585329810773715	8.9144925361995492e-08	-1.0639875450183235e-07	-1	
29.099889519526457	27.647176234545974	8.8407489958200641e-08	-1.066533280153693e-07	-1	
30.439618288615726	26.564500086050771	8.8124193006891421e-08	-1.0614990441984575e-07	-1	
32.322572087715415	24.703611210624658	8.8735285887568882e-08	-1.0493520221706733e-07	-1	
32.182021380845143	26.444478579668921	8.731742749156812e-08	-1.057104040600251e-07	-1	
15.568656733862422	37.884558748411699	1.0858466773371684e-07	-8.826082207639794e-08	-1	
16.991617304894923	37.75604713807455	1.0705751748908273e-07	-9.2738449674228625e-08	-1	
13.026559660078151	38.575224024599052	1.0993064714945553e-07	-7.712803344494846e-08	-1	
12.760898999905514	39.801845800894341	1.1087345583252591e-07	-7.445318982731264e-08	-1	
14.999869616789283	38.906472400773588	1.0989427112918418e-07	-8.5067756764866086e-08	-1	
13.951073546218629	39.424017664289295	1.1072690966563785e-07	-8.0293584167559731e-08	-1	
0	47.717499999999994	0	0	-1	
0.97591938275098045	47.201192632567356	1.956490084175864e-08	-6.4145844003864232e-10	-1	
1.9733359405326412	47.057713790798793	3.7300957314981722e-08	-2.9341839388843638e-09	-1	
3.0030341874515636	46.568663795555985	5.3602629259767473e-08	-7.1152492667246924e-09	-1	
4.6571093590882668	46.769406893976225	7.3918271407937345e-08	-1.5036766556888209e-08	-1	
5.8542416388942087	46.143092035552037	8.5511592754055564e-08	-2.2927435516499129e-08	-1	
6.7996917348412831	45.618651611779661	9.3224778877342213e-08	-2.9643391075197549e-08	-1	
12.019603754050447	40.806709428445224	1.1114316006361298e-07	-6.9373592734329892e-08	-1	
8.4145163527228028	44.78776709956216	1.0282650172951404e-07	-4.1255574393433191e-08	-1	
9.6350717579248908	44.515108837960597	1.0758147740306822e-07	-4.902373718479395e-08	-1	
10.431280364518171	43.550666056052613	1.0978903802160132e-07	-5.5676652642814162e-08	-1	
11.388858247602887	41.875620296972883	1.1092018569625802e-07	-6.4231544691426473e-08	-1	
45.327500000000001	0	0	0	-1	
43.534039756487658	1.6991539059258232	3.165361340650682e-08	-5.5123054140585199e-09	-1	
44.775142273472937	1.2130626840980188	2.3349595768578463e-08	-3.4196158491430253e-09	-1	
42.771495120979623	2.4524965974816677	4.3501553509874481e-08	-9.3361887554590444e-09	-1	
42.413066839396784	4.1087948520561497	6.4863137024738905e-08	-1.9714314999610174e-08	-1	
41.501334611871677	6.1099481515081218	8.278210082434534e-08	-3.4164649674476069e-08	-1	
40.219512096664275	8.7437004381399728	9.634270613860508e-08	-5.3046661319772136e-08	-1	
41.653103334933306	7.57434246464602	9.1443384830208038e-08	-4.4778916946994012e-08	-1	
42.724347179849701	5.1877341410388489	7.5347512637830352e-08	-2.738700400680814e-08	-1	
38.081206830394592	10.995849983924039	1.0126381566712602e-07	-6.7440324632578351e-08	-1	
38.360180827924296	12.405817861368673	1.0210167104904728e-07	-7.5035316697456595e-08	-1	
38.515939119293272	13.878060085786229	1.016975157943006e-07	-8.184271408214304e-08	-1	
38.880563305510748	10.433965841230762	1.0042506271170878e-07	-6.4005818198384036e-08	-1	
39.405013984724171	9.4739521693015405	9.8516824156340939e-08	-5.7970854700781198e-08	-1	
35.600708319482713	15.327623081916975	1.0071047820023469e-07	-8.7868282149972286e-08	-1	
34.752166100907608	15.974172662166872	1.0010383069549417e-07	-9.0189394337307446e-08	-1	
33.892259307323194	16.457971780753152	9.9676309421272294e-08	-9.1842005562605796e-08	-1	
37.594959227204548	14.608428707688358	1.0114130550106872e-07	-8.4822263504681769e-08	-1	
36.861725089527965	15.699768961348447	1.0011057108062075e-07	-8.8941527226367009e-08	-1	
33.616266315024369	22.627608966061221	9.0658769169018847e-08	-1.0312829100478906e-07	-1	
34.854656268515598	21.450699511135387	9.1934185857573059e-08	-1.0157816625994094e-07	-1	
33.293071770007394	23.867299398071069	8.9257079716658111e-08	-1.0417632786786059e-07	-1	
34.689602012833127	17.039130873229205	9.8675226008572067e-08	-9.3354154935088778e-08	-1	
35.288971531776049	20.243897685867548	9.363124156930707e-08	-9.9887654349703326e-08	-1	
35.729479087734212	17.946766435369614	9.7112904987167931e-08	-9.5394474050659955e-08	-1	
35.753599695680073	19.16080253573891	9.5221515043639791e-08	-9.7937108298494484e-08	-1	
24.31311425501541	31.37465569813158	9.2716632578199299e-08	-1.0636863569676655e-07	-1	
23.395181345408783	32.174255992987952	9.4119990616518544e-08	-1.057873381800761e-07	-1	
22.426092331530796	32.939613279766256	9.5767170979409527e-08	-1.0491050470470606e-07	-1	
26.305478098608912	31.834831407229515	9.0602600629514118e-08	-1.0684096483297997e-07	-1	
24.404647621640958	32.588568009984243	9.3001512610979917e-08	-1.0622431664970388e-07	-1	
21.806453155590514	33.751407383746127	9.7095105493068977e-08	-1.0408826861171214e-07	-1	
21.150257497223681	34.533947883373436	9.8570000040140126e-08	-1.0302684493643077e-07	-1	
18.578426956685171	35.770503356140111	1.0321814891666603e-07	-9.8196709484095786e-08	-1	
19.755314957064186	35.734568837217076	1.0153506842839435e-07	-1.003745863080823e-07	-1	
21.13708463714902	35.749542463253611	9.9585251982729398e-08	-1.0233768069866283e-07	-1	
18.089369525341258	36.841568005885229	1.0483360019052283e-07	-9.6275055213024294e-08	-1	
28.728249134745425	29.562123772049564	8.8172387186760658e-08	-1.0692504088628542e-07	-1	
29.584790437305362	28.734819131476119	8.7694485906381386e-08	-1.0674237533779558e-07	-1	
28.275293317678667	31.459482903784156	8.8686038418080107e-08	-1.0690897952145941e-07	-1	
28.925009262506347	30.611842791827812	8.8043712305048452e-08	-1.0689316319922366e-07	-1	
30.790359262176814	27.977891922757898	8.7189757297264354e-08	-1.0640365006003074e-07	-1	
31.856514291336424	27.547275870721631	8.6848046953595111e-08	-1.0606395896712177e-07	-1	
33.731731588748509	25.070987332947681	8.786515044891853e-08	-1.047514940317756e-07	-1	
33.570364837442881	26.449931879887146	8.6810898797129362e-08	-1.0533138679651291e-07	-1	
32.82129666061293	28.172824997814651	8.6146198758321572e-08	-1.0593462452406037e-07	-1	
16.608147661877297	39.132376696570091	1.0884978565081304e-07	-9.0084384741441825e-08	-1	
18.00339985384273	38.332660287495806	1.0644134476517823e-07	-9.4628590393839074e-08	-1	
13.252468975369451	40.949725808005034	1.1198686014710833e-07	-7.4976214935007051e-08	-1	
15.112685586836312	40.070559534253867	1.1092816880941338e-07	-8.3859171734688686e-08	-1	
14.243409826196038	41.076401755722294	1.120999814160901e-07	-7.8884438882154527e-08	-1	
0	48.650000000000006	0	0	-1	
0.67870881604426814	48.183750000000003	1.3691540053252915e-08	-1.6480193652944622e-11	-1	
1.7025367863070395	47.89937106006402	3.2444291704789109e-08	-1.6404882567125422e-09	-1	
2.6093901655903826	47.671842575030972	4.7095259734394293e-08	-4.4904411412793541e-09	-1	
3.5433303498302617	47.628161969711947	6.0206319947421475e-08	-8.2726843595756001e-09	-1	
5.7157774098492551	47.182635049622746	8.3703746222330358e-08	-2.0089774661744329e-08	-1	
5.0660453203918259	48.115042558306783	7.7168014123577823e-08	-1.4732707076493035e-08	-1	
6.7438954864514216	46.698373993078896	9.2180485909004691e-08	-2.6964237446567501e-08	-1	
8.1348852947503563	46.228952577969459	1.0090304558837305e-07	-3.6186479102599487e-08	-1	
12.709502870060946	41.838431071374309	1.1236884789878162e-07	-7.088686202712498e-08	-1	
9.5984905179196733	45.765212768706881	1.0739603339470583e-07	-4.569886724464826e-08	-1	
10.82470640442542	44.686345882759412	1.108530498734435e-07	-5.5075102343509018e-08	-1	
11.552991161726883	43.798065116385182	1.1201891597536789e-07	-6.1018846451136282e-08	-1	
12.245349644045566	42.770724490547501	1.1248576985528705e-07	-6.6727725724672337e-08	-1	
46.884999999999998	0	0	0	-1	
46.106250000000003	1.3645558774043338	2.6139268273147369e-08	-3.9169714932356714e-09	-1	
44.000636559776588	2.6360964437224634	4.6218789233583517e-08	-1.0320832771383473e-08	-1	
45.040787657251684	2.5192221933779066	4.4434268211829903e-08	-9.6892334902260239e-09	-1	
43.280609092348719	3.3957900280850417	5.6148350942310131e-08	-1.5065869055659592e-08	-1	
43.485527376045056	4.4417120144180418	6.8270366943370087e-08	-2.2048102305941606e-08	-1	
42.997204520665711	6.694979076044719	8.6723234351098747e-08	-3.8380498414101812e-08	-1	
41.287495462937052	8.8431692947376987	9.6603127716565037e-08	-5.3629211879449144e-08	-1	
40.468238977087637	9.8404797033240836	9.9286847095228799e-08	-6.0197901145113015e-08	-1	
42.292989883003251	8.4697211788180624	9.5373115749068793e-08	-5.1035015221996557e-08	-1	
44.022938478652648	6.0000758555970251	8.1918964987091627e-08	-3.3250468899349104e-08	-1	
38.949692026046307	11.506801180500897	1.0163577753028554e-07	-7.0182665034974536e-08	-1	
39.810461731260702	12.150874126505368	1.0192883871440868e-07	-7.3516854207844503e-08	-1	
39.535427425895286	13.293008055456685	1.0191039636319804e-07	-7.9115974223992572e-08	-1	
38.018293132757307	15.684839838134677	9.9994608337646296e-08	-8.8669075406549112e-08	-1	
39.532730141002205	14.467787398756444	1.0116796766077899e-07	-8.4066119570257694e-08	-1	
40.078508490152828	10.895420443430606	1.0104087773199342e-07	-6.6625667290705016e-08	-1	
35.880384687310411	16.574770026998468	9.9100288075509433e-08	-9.1821291783051052e-08	-1	
37.770724131910569	17.090344077590238	9.8121931846566759e-08	-9.2919259474060981e-08	-1	
35.023629310560466	22.63995632624296	9.0270178776500763e-08	-1.0276292183036695e-07	-1	
34.354293786021529	23.529908446791403	8.9325573884104762e-08	-1.0366541014698069e-07	-1	
36.02469510979995	21.976065577090125	9.0934086711821693e-08	-1.0192837002993642e-07	-1	
34.699567640466199	24.565681745120255	8.8079605750324511e-08	-1.0423824840603585e-07	-1	
36.463444869162863	20.145985405266568	9.3566675840827616e-08	-9.9482028539635995e-08	-1	
36.847938550400926	17.751745303749523	9.7244245767987008e-08	-9.4758116483606756e-08	-1	
37.688335055926416	18.51510532687599	9.5954807986782931e-08	-9.6307804850933582e-08	-1	
23.573402140307604	33.176955422217546	9.4374364244033533e-08	-1.0563262289803691e-07	-1	
22.976237180030317	34.001917728828424	9.5663690172058427e-08	-1.0496738376405367e-07	-1	
25.683960164775623	33.041138027228747	9.1805075953723948e-08	-1.0645327434461933e-07	-1	
26.867886859801711	32.887861550587495	9.0519473490790795e-08	-1.0665002898340626e-07	-1	
24.86933893535387	34.126427138989186	9.3401049288728765e-08	-1.0587607500497754e-07	-1	
23.923145368298599	34.058739709301911	9.4484419533143473e-08	-1.0551090498858934e-07	-1	
22.282495601227307	34.976531867176384	9.7329939165504867e-08	-1.0397443420078388e-07	-1	
19.189262858960358	37.653007359334147	1.041755174140321e-07	-9.7814185646071232e-08	-1	
20.633998213573197	37.036560609470719	1.0155405800936732e-07	-1.0067683089272462e-07	-1	
22.117206564266354	35.996595556509909	9.8479475966215069e-08	-1.031698788568588e-07	-1	
21.665066075691815	36.92941402994871	1.0003276327933391e-07	-1.0200571986202291e-07	-1	
29.862582087710855	29.892803488136614	8.736459083186981e-08	-1.0675453300260463e-07	-1	
31.039569171262155	29.789064739502866	8.6624146608503594e-08	-1.0652446628036864e-07	-1	
28.706653529453135	32.552996435385069	8.8765502729972738e-08	-1.0667748583129569e-07	-1	
29.837599685555567	31.166643015439472	8.7489084102596228e-08	-1.0671647105822143e-07	-1	
31.744812279448691	28.776318424887787	8.646448329978299e-08	-1.0627348354351283e-07	-1	
34.935504871815326	26.197107872888974	8.6589225585139576e-08	-1.0488419336650062e-07	-1	
34.428445270908917	27.271200037610566	8.6047301607750662e-08	-1.0531421938087997e-07	-1	
33.664628528468235	28.774293062172742	8.5681727232752228e-08	-1.0576844200641062e-07	-1	
32.27682919885288	29.898724617978687	8.6045992169578867e-08	-1.0620731050053815e-07	-1	
16.111681487044773	40.678698900516792	1.1081834825747941e-07	-8.6126776530433666e-08	-1	
17.806260331815725	39.480407062396864	1.079023170214217e-07	-9.2632196990692662e-08	-1	
17.279278120559688	40.61128674407135	1.0970287157126605e-07	-8.9523312295208327e-08	-1	
18.957729059016859	39.000075015077186	1.0596154171263965e-07	-9.5764067805721352e-08	-1	
13.662866090743977	41.889408235889796	1.1279169978483569e-07	-7.5007589763404164e-08	-1	
15.1893131692451	41.39776981756976	1.121162584304061e-07	-8.1841319849402592e-08	-1	
0	49.582500000000003	0	0	-1	
0.79958242442143113	48.998258618907194	1.5864545958826944e-08	2.4940456552562314e-10	-1	
2.1472949074347505	48.875043247404975	3.9210546421573036e-08	-1.9557568968156757e-09	-1	
3.0594489089929633	48.491354253108803	5.2994274678933309e-08	-5.1982938062163854e-09	-1	
4.0386311897001903	48.473035101137079	6.5466453981142775e-08	-9.1971067900782106e-09	-1	
6.6858882037309764	47.90873239646627	9.0684892805801567e-08	-2.3695547393523954e-08	-1	
6.5664121744950208	49.254027721081655	8.7875737877769613e-08	-1.9520549110871681e-08	-1	
5.2908179431509055	49.697822030368755	7.6821882208582042e-08	-1.2297530667851154e-08	-1	
4.1756102283929586	49.442762007610639	6.6006083808857423e-08	-8.0330218809819715e-09	-1	
7.74113114384122	47.354146346908252	9.7830304642170512e-08	-3.097338018431759e-08	-1	
8.8753703684294347	47.119573174723172	1.0364750062765901e-07	-3.7821821172164408e-08	-1	
13.230105969431296	42.740418681921213	1.1320891972307787e-07	-7.1315893942916492e-08	-1	
10.036986020546356	46.869558670106407	1.080695600794321e-07	-4.4687798149792699e-08	-1	
11.588637678228308	45.614226115640662	1.1223726994435512e-07	-5.6209150434373767e-08	-1	
12.58953436914689	44.910592741987024	1.135592629305052e-07	-6.2880005623798151e-08	-1	
12.694595846672112	43.925266338624397	1.1341888142712046e-07	-6.6066749997985992e-08	-1	
48.442499999999995	0	0	0	-1	
47.338095148048971	1.1630743931801748	2.2630593152169967e-08	-3.1142556011291166e-09	-1	
46.61400874888475	2.444810287154791	4.325847051949248e-08	-9.2921111965552994e-09	-1	
45.119014565764459	3.7709650999673925	6.0848610370052739e-08	-1.7425436035812118e-08	-1	
46.341250636110217	3.6068651691504687	5.8934920921004128e-08	-1.6310658305811445e-08	-1	
44.471948776339097	4.8453419507827356	7.2101837415291754e-08	-2.4890541698925739e-08	-1	
43.372697705188749	8.2566745761587335	9.4413938103748302e-08	-4.9469534957715288e-08	-1	
44.309793705125244	7.205370308169293	8.9595715050181794e-08	-4.2008501694858369e-08	-1	
42.0926328709836	9.551855599270441	9.860947740874589e-08	-5.8239071209906506e-08	-1	
41.626391934906074	11.193449514634489	1.014229248252595e-07	-6.8253522735273286e-08	-1	
43.789013816890524	9.3661060910648057	9.8086323668337202e-08	-5.6912622943704699e-08	-1	
45.118747052376079	5.9523163298648063	8.155981022640334e-08	-3.2870600531385049e-08	-1	
40.676423657491831	13.013291448384289	1.0197643521664292e-07	-7.7704993498394498e-08	-1	
40.898768903361272	14.215046950305537	1.0133122490996629e-07	-8.2894557803955072e-08	-1	
38.978386060163857	16.329893392564998	9.9098170792333902e-08	-9.056392932265581e-08	-1	
40.651633571770496	15.582110870694843	9.9946078577857423e-08	-8.7912279989724111e-08	-1	
39.112929752913182	17.882722007657474	9.6818240167739401e-08	-9.4639319499542575e-08	-1	
35.44260330351252	23.765720268838166	8.8760248376103032e-08	-1.0357548412184144e-07	-1	
37.032167256417658	21.249966659738359	9.182842174240467e-08	-1.008329462385511e-07	-1	
37.303290050869862	22.688143360961565	8.9783811703713419e-08	-1.0227904422669378e-07	-1	
36.353882196975285	25.357213027699892	8.6953915650830505e-08	-1.0420839295082588e-07	-1	
37.93021065674769	20.392215055185172	9.3001872666756424e-08	-9.9528279389668358e-08	-1	
38.858373990996427	19.230086085971926	9.4728182651272289e-08	-9.7442909847234947e-08	-1	
23.399053983045118	34.874172337205174	9.5787454537397316e-08	-1.0483016194624317e-07	-1	
26.575100607199868	34.558403801589293	9.1919733514078235e-08	-1.0604626519387396e-07	-1	
27.929120008914243	33.43463417308395	8.9928245309548401e-08	-1.0647031699551741e-07	-1	
25.526313326122228	35.115998245342382	9.3498228936759916e-08	-1.0556583575868822e-07	-1	
24.104343279223848	35.539130350497629	9.548663777936058e-08	-1.0484561733299262e-07	-1	
23.120749900703583	35.875868613385613	9.7037861017748964e-08	-1.0405668233347153e-07	-1	
20.048551541934522	38.494133604196087	1.03960769628702e-07	-9.8253028842689292e-08	-1	
21.233617450279393	38.6978225664934	1.0263376635353754e-07	-9.960444682549319e-08	-1	
22.696410745241604	36.824965485735071	9.8564761700720343e-08	-1.0301684030040506e-07	-1	
22.294833605475606	38.003787280857466	1.0042105933395961e-07	-1.0154422620661945e-07	-1	
31.370495674448179	31.587102614629892	8.6733746400952356e-08	-1.0633191378827057e-07	-1	
32.423180679482925	30.976334470273148	8.6069115739147229e-08	-1.0613586861329078e-07	-1	
28.726924200915978	34.462473872810982	9.0024211408902558e-08	-1.0604400469796442e-07	-1	
29.862604334902976	34.050745227307992	8.8918890014084135e-08	-1.0604589598574506e-07	-1	
29.864522972940087	32.755929498082182	8.8084422242756829e-08	-1.0644199051509703e-07	-1	
35.827644417760872	27.275003856809416	8.5676517086402074e-08	-1.0495581112682064e-07	-1	
34.644741135065786	28.439103936198244	8.550684601690381e-08	-1.0545103832019884e-07	-1	
33.514951005508401	29.799265798836306	8.5608129544255342e-08	-1.0585851373804813e-07	-1	
34.42918640022458	29.409357138524935	8.535036500135972e-08	-1.0559358916681883e-07	-1	
33.470446743431879	30.683255059625509	8.5653432593616265e-08	-1.0585780570546891e-07	-1	
16.803580126225693	42.51731940549238	1.1202178198054667e-07	-8.4308665144214976e-08	-1	
19.001637080554108	40.725669363821602	1.0790052683974965e-07	-9.3101355358673321e-08	-1	
17.994218068226822	41.553740186630733	1.0994231398718711e-07	-8.9328818913665357e-08	-1	
20.396540967653756	40.018736566745659	1.053253828216744e-07	-9.6582222696147814e-08	-1	
14.212797321480597	42.669841284468383	1.1336173157677051e-07	-7.5506342084004755e-08	-1	
15.549853796813293	43.301315886322506	1.1343871147275477e-07	-7.8630236072161747e-08	-1	
0	50.515000000000008	0	0	-1	
1.3931254437713303	49.6372600299133	2.6381831964971932e-08	1.0573176328218128e-10	-1	
3.0322309419916507	49.480546524194153	5.1890288721604754e-08	-3.6245297555173878e-09	-1	
7.7165342571283944	48.545992957081275	9.6359025439658441e-08	-2.7372822615944557e-08	-1	
7.6539740145763799	49.732509696452247	9.3518513531288392e-08	-2.3259708985860361e-08	-1	
6.4414958395457065	50.95009376785935	8.2944746959029322e-08	-1.4003481077753987e-08	-1	
4.3082811223483999	51.26299457855194	6.3984079435537891e-08	-4.9433236465509106e-09	-1	
5.4150002406092694	51.38000781765809	7.3910473668981592e-08	-8.6369079687542122e-09	-1	
3.5928324926698973	50.427197872972378	5.7751595230120376e-08	-4.0386238122004225e-09	-1	
9.6400458945516583	47.989512558504103	1.0561573068070454e-07	-3.8917577476902954e-08	-1	
13.706235445467559	43.60295226646916	1.1382312786630326e-07	-7.1168958472580248e-08	-1	
11.634443915041299	48.066058132874581	1.1035506758093326e-07	-4.7725518985342772e-08	-1	
12.136774279931819	46.830329474308968	1.1248337872192991e-07	-5.4582444478865485e-08	-1	
13.341761369355629	45.555620319211648	1.1414220939275643e-07	-6.397689453320911e-08	-1	
13.523378802731173	44.57917064090298	1.1414441462109592e-07	-6.7784282626902436e-08	-1	
50	0	0	0	-1	
49.221249999999998	0.83214751450339708	1.6392061264342706e-08	-2.0611593941222053e-09	-1	
48.510948193957901	1.8804346347023673	3.4631078894849154e-08	-6.3344406477651959e-09	-1	
47.740513312427844	2.8394696404848512	4.9137562979427319e-08	-1.144573600356956e-08	-1	
45.894808358155515	4.7564212101519416	7.1391796718297859e-08	-2.4204415543533399e-08	-1	
47.456893202751033	4.1323472929638898	6.4958697590276951e-08	-1.9826764938316328e-08	-1	
44.571880351778439	8.751633555725773	9.6282148043336319e-08	-5.2814598202465853e-08	-1	
45.435517874459492	7.0024275853137574	8.8319972974333096e-08	-4.0492468223596071e-08	-1	
45.359910323181865	8.1437970050780581	9.3923997209806637e-08	-4.8597136647962978e-08	-1	
42.450111403418752	10.540392841714876	1.0042798099309466e-07	-6.4288533823177867e-08	-1	
43.501005948629818	10.515544588309957	1.0048392299251003e-07	-6.4119382788632649e-08	-1	
42.995689733172945	11.379361277785819	1.0140424378198425e-07	-6.9071852396629362e-08	-1	
42.343888061486453	12.138754674785943	1.0183217528488415e-07	-7.3172167467200569e-08	-1	
44.76209978270969	10.042316926718193	9.9634963086789474e-08	-6.1152684148823752e-08	-1	
46.197725616551395	6.1495031970597624	8.3027458194661102e-08	-3.4285320303996321e-08	-1	
41.879081029357849	13.23070566285757	1.0182203921394915e-07	-7.8523555816177889e-08	-1	
41.761505806675643	15.785095442217003	9.968361918315072e-08	-8.8458301593668654e-08	-1	
42.263150495896319	14.202507992865527	1.0128301190517729e-07	-8.265897723360116e-08	-1	
40.20571013736037	17.096975213843027	9.7935954719752565e-08	-9.2500013548324352e-08	-1	
41.535732142566658	16.89055705018183	9.8192959691324768e-08	-9.1765038776658651e-08	-1	
40.020486887532471	18.430114118963353	9.5913646598783228e-08	-9.5678308392796505e-08	-1	
37.060082130220891	24.105023038777382	8.8112864128897172e-08	-1.0337390852212786e-07	-1	
38.578397674313607	21.969839565726925	9.0618418361486787e-08	-1.0132403362031746e-07	-1	
38.406874096674507	23.156271937395072	8.907182741019598e-08	-1.0241101333655046e-07	-1	
37.120077525752926	26.598550103865978	8.5897499408405897e-08	-1.0443478646048179e-07	-1	
37.640225250537753	25.42036788862584	8.6729643717379148e-08	-1.0390895153553621e-07	-1	
39.414705300279081	20.483355438413383	9.2740059669745574e-08	-9.9341689574191949e-08	-1	
39.965898638178274	19.488564967680826	9.4250299661410587e-08	-9.7701292953231367e-08	-1	
26.784522734699365	35.927834392954779	9.303712959804333e-08	-1.0525334608909677e-07	-1	
28.298853753146496	35.691173050338548	9.148379568094208e-08	-1.0543562468389273e-07	-1	
25.450481552774793	36.301374078909745	9.4750639052563053e-08	-1.0478458414655107e-07	-1	
23.999660242349201	36.838236517749799	9.6960238053540522e-08	-1.0382979214314321e-07	-1	
21.680852043427119	39.906928516425999	1.035779536626728e-07	-9.8374067110961564e-08	-1	
23.245824708510707	37.625757658934269	9.879158992878864e-08	-1.0262806090235993e-07	-1	
23.027697094013497	39.88093684801288	1.0190331277700122e-07	-9.953261295278749e-08	-1	
23.396124554326434	38.58520216699084	9.9793370598384736e-08	-1.0161487003947821e-07	-1	
31.735799956597546	32.702314996915995	8.7016172981532718e-08	-1.0604622553606652e-07	-1	
33.341472421239132	31.558916676203818	8.5905320836124576e-08	-1.0581158066867565e-07	-1	
32.995583069554122	32.77230562283119	8.652038288243136e-08	-1.0570372557443322e-07	-1	
29.759349487306011	35.25433497498291	9.0022039798635569e-08	-1.0551315533013431e-07	-1	
30.795706845706839	33.404718598143056	8.7924683402667568e-08	-1.0607394247841379e-07	-1	
30.973352476657663	34.525643542580809	8.8661821523937169e-08	-1.0562834875315933e-07	-1	
36.991526336580392	28.051632211066941	8.5149245289943777e-08	-1.0478144141355235e-07	-1	
36.093531001230744	29.267679275095368	8.4956720633472331e-08	-1.0514414791214181e-07	-1	
34.295033203904012	30.361580050121102	8.5371794432984938e-08	-1.0563883279652749e-07	-1	
35.219723888884431	30.625535899766732	8.5131967643654471e-08	-1.0538235179889621e-07	-1	
34.492432046189478	31.421719109036619	8.5496265700791367e-08	-1.0551379049981095e-07	-1	
18.033621185829748	42.736028228727697	1.1108477825713842e-07	-8.6672901328343596e-08	-1	
16.83178856480664	43.956874027566059	1.1308617133909853e-07	-8.0455586381089529e-08	-1	
19.087588309175842	42.00529210653518	1.0922873502923355e-07	-9.0545709671763406e-08	-1	
20.164361483054069	41.290268111269825	1.0715971081743858e-07	-9.3886411361329492e-08	-1	
14.483758760903251	44.325972690049426	1.1423878419423288e-07	-7.214526823259237e-08	-1	
15.482672203172756	44.692699153814644	1.1417047856084735e-07	-7.4320009331457928e-08	-1	
0	52.380000000000003	0	0	-1	
1.2009762595442679	52.084775594945384	2.1467839409816244e-08	1.6177795801019922e-09	-1	
2.0213314620615703	51.159292603728588	3.5657965873028302e-08	7.5303484638775482e-10	-1	
8.9497062232994296	49.205920785916604	1.0080398839321905e-07	-3.1233030215866031e-08	-1	
8.2768587354458969	50.744315202101937	9.3866958703398483e-08	-2.2502382005151391e-08	-1	
6.9163584374801843	52.148291939134722	8.1763762194154656e-08	-1.2069845241816786e-08	-1	
3.1545946774168998	51.436341317705967	5.0493748542816327e-08	-1.272202124528571e-09	-1	
3.8664067558620641	52.247935434389561	5.6962376836473747e-08	-1.5783440788570299e-09	-1	
5.6667686259607759	52.464042865517584	7.2054851210501671e-08	-6.6169891013997729e-09	-1	
10.587221301308798	49.331152347558422	1.0574943920153303e-07	-3.8071140099182081e-08	-1	
12.851315516392742	47.956736121345592	1.1207931597726569e-07	-5.2977678742368523e-08	-1	
12.026552892691599	49.456622294336803	1.0827501346666239e-07	-4.3272165546784207e-08	-1	
13.627450330116165	46.864620942264423	1.1373750344736771e-07	-6.0316361496124384e-08	-1	
14.432107157592071	46.003328778088353	1.1439762035085885e-07	-6.643452104141354e-08	-1	
51.557500000000012	0	0	0	-1	
50.778750000000002	0.83275755176165456	1.6432962780018999e-08	-2.0346807107657359e-09	-1	
49.740653112688214	1.846613608034362	3.4169554860637757e-08	-6.1202991032407925e-09	-1	
49.056317546455844	2.9831088016031759	5.106747092073938e-08	-1.2336238994145211e-08	-1	
48.512872227794865	3.9143811236991057	6.2416620111723785e-08	-1.8376526236501797e-08	-1	
47.054629383291612	5.2336998950571019	7.5655628856766163e-08	-2.7614275653592817e-08	-1	
48.28017582349856	4.9672122287221541	7.3444232462498042e-08	-2.5679570762617502e-08	-1	
45.452023244798823	9.2161817189974666	9.763769437577986e-08	-5.5844596404591023e-08	-1	
47.055320662982773	7.6829168607710905	9.2048420946751323e-08	-4.5343907988571483e-08	-1	
46.513772712406663	9.0395979343192288	9.7204101591292456e-08	-5.4672508437802681e-08	-1	
45.138532846991467	11.335607391449649	1.0140407313145393e-07	-6.8717419930184746e-08	-1	
44.004260265914525	11.950251037541101	1.0181402394284279e-07	-7.2117116384040868e-08	-1	
43.023247914817929	13.111828529715886	1.0184908347572554e-07	-7.7876884628559267e-08	-1	
46.053289812571954	10.425892714319762	1.0034214871106298e-07	-6.3445405819292086e-08	-1	
47.445466363981716	6.4581981636140666	8.5037410437770437e-08	-3.6501614423769327e-08	-1	
42.696382987401449	15.153412158404983	1.0036988693914891e-07	-8.6169701193235437e-08	-1	
43.002685722515452	16.614373716430478	9.8570236664467116e-08	-9.0854223485877808e-08	-1	
43.307821900996778	14.226398976550762	1.0125229517354725e-07	-8.2653975712953411e-08	-1	
40.916748719509272	17.875201975709309	9.6734183269351752e-08	-9.4290815507102053e-08	-1	
42.625501079588716	18.339306510072625	9.5988391445021331e-08	-9.5149087392416493e-08	-1	
40.955789194202275	18.928619556502866	9.5093267476586124e-08	-9.6518153481962611e-08	-1	
38.287853412232273	24.349115676911328	8.7718344227578002e-08	-1.0322028712416167e-07	-1	
39.654002388742107	22.730955534426187	8.9523391411745167e-08	-1.0181176021642003e-07	-1	
40.171895910640856	21.539277770776188	9.1132801676023181e-08	-1.0054006783974063e-07	-1	
40.332903931608811	23.86025430561256	8.809245066743267e-08	-1.0253220987885972e-07	-1	
38.107594552765597	27.418141090157384	8.5308037937757561e-08	-1.0439532135941686e-07	-1	
39.054844807206507	26.500217422926177	8.5751829344357884e-08	-1.0396254464941974e-07	-1	
38.928110118967396	25.424789831292554	8.6603727522278664e-08	-1.0361966098493836e-07	-1	
41.28552123382854	20.869839026784128	9.2065966052253933e-08	-9.9578635492072244e-08	-1	
41.855299192526573	19.774443989856604	9.3740265760398629e-08	-9.7888028884546758e-08	-1	
26.102258477275115	36.992872638073578	9.4876249062497041e-08	-1.0433405969054421e-07	-1	
27.002913835036981	37.295863303229474	9.4382473120743077e-08	-1.0418240166549027e-07	-1	
28.913749212922291	36.727039163527742	9.2173663939069387e-08	-1.0464178155576732e-07	-1	
25.239512187399118	37.833886943421916	9.6760383290595697e-08	-1.0334143199154467e-07	-1	
24.183261556091686	37.879403010733959	9.799188555642775e-08	-1.0287057592273449e-07	-1	
21.328249288708893	41.864877333314432	1.0646518713225784e-07	-9.4097173497405372e-08	-1	
22.319445038671908	41.026819120857837	1.0424270579451678e-07	-9.6860011422411104e-08	-1	
24.14980977034449	39.49975043518738	1.0012818445604856e-07	-1.0077782264832063e-07	-1	
24.197646084532582	41.395885108297904	1.0265568376170848e-07	-9.7346436302233608e-08	-1	
24.747796764019569	38.701576755493043	9.8408534240401458e-08	-1.0214266502347739e-07	-1	
32.22306854110051	33.769889445241446	8.7456284585835155e-08	-1.0562686013529422e-07	-1	
34.204813204154377	32.46101527899026	8.5964963111910391e-08	-1.0543679304027326e-07	-1	
33.960401492108176	33.685516039140531	8.6769315430087006e-08	-1.0518564810425726e-07	-1	
31.124123781453736	35.933500948521143	8.9968614765182664e-08	-1.0481705443219797e-07	-1	
30.118339066194146	36.735888813298708	9.1433621435052518e-08	-1.0443602779966766e-07	-1	
32.201522938979224	35.23019430533094	8.8707647760236547e-08	-1.0501621860317373e-07	-1	
37.570625539411004	29.589172369142407	8.4712621086431242e-08	-1.0477028781099974e-07	-1	
38.002556957320259	28.548663642529284	8.4868832312814445e-08	-1.0459027181326337e-07	-1	
37.049294803920006	30.438867405888566	8.4781094441905989e-08	-1.0490027826914025e-07	-1	
36.504447322239521	31.349491580477345	8.5033372340614134e-08	-1.0498233361564903e-07	-1	
35.659620560857611	32.037605688415404	8.5417686130982465e-08	-1.0511759062784377e-07	-1	
18.098177894501713	43.983692842731919	1.1200806255960536e-07	-8.3231380473584963e-08	-1	
19.155387756432326	43.286004881642505	1.1043282016241702e-07	-8.7354206599648553e-08	-1	
16.485791269568043	45.047760420368313	1.1376211151872878e-07	-7.5949188986481789e-08	-1	
17.624852376335465	45.15860736603355	1.1301634247992577e-07	-7.8311020776227556e-08	-1	
20.248967638533102	42.585961032897565	1.0853617681555163e-07	-9.0969249315107601e-08	-1	
15.583684070428243	45.751997490944468	1.1426115992381004e-07	-7.095477622288425e-08	-1	
0	54.245000000000005	0	0	-1	
1.0519990446351293	53.312500000000007	1.7949704513108962e-08	2.3319572344556193e-09	-1	
2.4543808035246024	52.369476911284288	3.9848976367578604e-08	1.4157968915104527e-09	-1	
9.7195163533855755	49.908567874203271	1.0176967495419292e-07	-3.1961279661698622e-08	-1	
8.4462170550238529	52.112421740127317	8.8925985681163485e-08	-1.7862449584268195e-08	-1	
9.7841345532469717	50.948829887019116	9.8639401562690167e-08	-2.7849676344849361e-08	-1	
6.3888442875782081	53.32426054680159	7.2605012752529188e-08	-6.4841442050603436e-09	-1	
7.3856279718366036	53.841744852930908	7.4791381487237495e-08	-7.8201756767806014e-09	-1	
8.5172639578290124	53.489138877886518	8.1676107467632332e-08	-1.2666999084217802e-08	-1	
3.4117887267982354	53.227059478066344	4.8943639468296252e-08	9.7527999107991399e-10	-1	
4.663688756452566	53.213226298655627	6.0883684575431366e-08	-1.7127229166765368e-09	-1	
5.4876926477371697	53.868071410977208	6.3930123363760232e-08	-2.4198997836748199e-09	-1	
11.216067477379307	50.43572682908583	1.039694966058358e-07	-3.565155410494149e-08	-1	
14.060369722791721	48.132564794687873	1.1256044607784087e-07	-5.6397263155919608e-08	-1	
13.24988430747943	49.1116693294369	1.1029647850686259e-07	-4.9156393027892613e-08	-1	
13.139503692359632	50.377903280255545	1.0665396158621501e-07	-4.243521416577271e-08	-1	
12.200412146569876	51.15946253265205	1.0290240652202504e-07	-3.5508837876255142e-08	-1	
15.048606376121418	47.087268336195265	1.1384990645215658e-07	-6.4076839333943782e-08	-1	
53.115000000000002	0	0	0	-1	
52.213078874689941	0.73076306026743731	1.463158602205494e-08	-1.6502988434940533e-09	-1	
50.953351636234217	1.9594567002216161	3.5951765772609911e-08	-6.6739445946394995e-09	-1	
50.356967162067541	3.0213874095609627	5.135950455689392e-08	-1.2628385402827293e-08	-1	
49.276328735237364	4.635250840252656	7.0338370612907545e-08	-2.3290925201825335e-08	-1	
50.277958155575341	4.3201992709601198	6.7120209031341501e-08	-2.107452022026988e-08	-1	
49.117485638494088	5.8192062453730324	8.0645460263322499e-08	-3.184655044641408e-08	-1	
48.188866062883505	7.3695168009699605	9.0459438810137082e-08	-4.3091239656302725e-08	-1	
48.077815420569195	9.1745306263255948	9.772807572605108e-08	-5.5562242016982047e-08	-1	
47.273244696090231	10.136227870269842	9.9879887720461547e-08	-6.1665086842076254e-08	-1	
45.172922423889425	12.625250154723391	1.0191355849403647e-07	-7.5418701823205377e-08	-1	
46.897842448524209	12.039830712012419	1.0191932166818197e-07	-7.2475916766011962e-08	-1	
44.117553294274913	13.466434467425511	1.0171380369688886e-07	-7.937913279277395e-08	-1	
43.90703040391255	15.662180100151382	9.9807969241595591e-08	-8.7834542925914252e-08	-1	
44.144089741845804	16.792873822368929	9.8302090580579951e-08	-9.1205986691691332e-08	-1	
43.809899499996824	17.983540117577956	9.6527954684222913e-08	-9.4214960255119283e-08	-1	
44.35461263220818	14.597128189643055	1.0092448817691042e-07	-8.3988073433213238e-08	-1	
43.596197100291967	19.421494624499932	9.4276081243247566e-08	-9.7070619681663228e-08	-1	
41.287775332118422	22.517496113104141	8.9722615601431359e-08	-1.0135239699287974e-07	-1	
41.782275871717523	23.880045163660835	8.8033257526585293e-08	-1.0229613143438644e-07	-1	
40.651004134363589	24.987019830891388	8.6914311623148649e-08	-1.0307902207675153e-07	-1	
39.385925347754458	27.531232389704279	8.5132657263800654e-08	-1.0413388587587209e-07	-1	
39.9722502298523	25.924914479643192	8.6125070793986359e-08	-1.0359241549714387e-07	-1	
40.429611489555327	27.002023390407146	8.53520849600395e-08	-1.0381907232593445e-07	-1	
42.479281209721734	21.692035973258779	9.0844924132410989e-08	-1.0036146325954234e-07	-1	
42.871907404184562	20.475189987442832	9.2640744993389772e-08	-9.8816961668998131e-08	-1	
26.291072049456947	37.924179704296478	9.5839646370692643e-08	-1.0344386489785104e-07	-1	
28.283700740977881	37.753759161339751	9.3937747361321663e-08	-1.0370290043238159e-07	-1	
26.953723935898601	38.60417434026273	9.6135288643020436e-08	-1.0273183762780913e-07	-1	
30.257672920049423	37.936376530036121	9.2876922214591033e-08	-1.0330323813338728e-07	-1	
29.293488804710208	38.6650284857702	9.4446346447268874e-08	-1.026172864773969e-07	-1	
25.953208617382106	38.811506323312365	9.7331163912162272e-08	-1.0232850425007441e-07	-1	
21.43237739424589	43.188979993284356	1.0784305835862947e-07	-9.0756358045347574e-08	-1	
22.244192173359266	42.481312408107343	1.0616927353358687e-07	-9.3481856010888129e-08	-1	
23.129500584249005	41.868070478437623	1.0442448293772137e-07	-9.5627325674006775e-08	-1	
25.157203211541439	40.897148950530017	1.0101390457840321e-07	-9.871656270799312e-08	-1	
25.289716136734334	39.823869881640952	9.937956658226025e-08	-1.0067432982358193e-07	-1	
24.660554567400723	42.82990559429583	1.0408440418942485e-07	-9.4022896668019734e-08	-1	
25.963801848566298	41.617486561521005	1.0127444458763709e-07	-9.7455494063432471e-08	-1	
33.321780398606975	34.732067574044251	8.7836779346392099e-08	-1.049481511410221e-07	-1	
36.046183859545238	33.465197712116549	8.6096798946689684e-08	-1.0469885186333425e-07	-1	
34.48865333278416	34.676062695293979	8.7430399937981284e-08	-1.0466597626760717e-07	-1	
35.607763014329763	34.587596849538429	8.7074151004192768e-08	-1.0440878679048888e-07	-1	
31.5346319886552	37.152891038202192	9.1176055670185792e-08	-1.0383721234473493e-07	-1	
32.745581747402611	37.191190551934895	9.071977287399537e-08	-1.0351376055577638e-07	-1	
33.391140927995551	35.956116647095214	8.9038724314192392e-08	-1.0425777031536987e-07	-1	
38.56540978155266	29.524583648569109	8.4623234521940886e-08	-1.0453162161156993e-07	-1	
38.085424775001442	30.442840418371226	8.4661612786592768e-08	-1.0464158520061456e-07	-1	
39.533463757780083	28.757511535924323	8.4681650910268792e-08	-1.042718990615997e-07	-1	
37.564094039510444	31.292535455117381	8.4859260431547136e-08	-1.0471869874892361e-07	-1	
37.128828975603994	32.207537451384553	8.5229764151280766e-08	-1.0470785988267609e-07	-1	
19.338321068512624	44.997299852244446	1.1146483431093139e-07	-8.2143497884743409e-08	-1	
20.395381492695932	44.018877587370973	1.0975354621100469e-07	-8.7015585208229133e-08	-1	
16.968552685753099	45.994821897817125	1.1359293030200741e-07	-7.3673340392259174e-08	-1	
18.178120259393634	46.268491873772177	1.1272496448739876e-07	-7.5117570387389804e-08	-1	
16.282661854311108	46.806941220557547	1.1374368096159968e-07	-6.8671476565904445e-08	-1	
0	55.177500000000002	0	0	-1	
1.5187471612778771	54.638548428800284	2.2800937788200305e-08	3.6075271675783968e-09	-1	
2.245214220250026	53.637675291206328	3.4192225253331105e-08	2.831074414335478e-09	-1	
9.7619488079936829	52.523818986137819	9.127859527099933e-08	-2.0747935400123697e-08	-1	
11.105686862259509	51.701960779904482	9.8670274028690817e-08	-2.9171094626019791e-08	-1	
6.3665991108296183	54.447146503791565	6.5729758781239507e-08	-3.1458099789115625e-09	-1	
7.2922120746523564	55.499707399209903	6.1556325560826655e-08	-2.4094049646890294e-09	-1	
8.2181893470627578	54.685410980561699	7.1881154526318384e-08	-7.2379787819331966e-09	-1	
9.6349264667022396	53.645145357045621	8.3827861282647364e-08	-1.5278423760033213e-08	-1	
3.2748485051892162	54.700455586676547	4.2204135201982688e-08	3.4987659795881755e-09	-1	
4.8173952146018557	54.9035917961127	5.367543692143463e-08	1.3480543720961019e-09	-1	
14.547497535695086	49.089208930338181	1.1093754834709451e-07	-5.3262617049432848e-08	-1	
15.478260383146633	48.483262755479281	1.1225298840501733e-07	-5.8905921057884494e-08	-1	
14.170189136326005	50.094246183450558	1.0822492220162195e-07	-4.7001364081248514e-08	-1	
13.971087159027871	51.144547204876304	1.0425978304073935e-07	-4.0625855256831209e-08	-1	
12.344293463526546	52.825595867423807	9.4298471104676573e-08	-2.6952824306658432e-08	-1	
13.923245332774078	52.274584871883292	9.8833780334460097e-08	-3.407599912389626e-08	-1	
53.105399535894847	1.1401066186362034	2.2107053378291804e-08	-3.0980006217495442e-09	-1	
53.858759977590587	0.61581897709605093	1.2325256949450841e-08	-1.3888912469439853e-09	-1	
54.672499999999999	0	0	0	-1	
52.377108214709054	1.6986952308269521	3.1669146028803756e-08	-5.4841578117957588e-09	-1	
51.656432073737982	2.9539662129285373	5.0606722651063651e-08	-1.2174281083362922e-08	-1	
50.28235167514319	6.083911076001729	8.2622208967782666e-08	-3.3742204250681655e-08	-1	
51.298743521966877	4.861541116266511	7.2284489329508616e-08	-2.4927732045820999e-08	-1	
52.153179799066564	4.0344336309147426	6.3732679591367016e-08	-1.9185724892896944e-08	-1	
50.163313633258191	7.1747274996954831	8.9363567107627192e-08	-4.1666301611699478e-08	-1	
49.275445104171325	7.8195065321344774	9.2712726076167297e-08	-4.6277552221832518e-08	-1	
49.181175217333148	8.9429575240544601	9.6907230999886987e-08	-5.3977867288749094e-08	-1	
49.087411058025417	10.618786550735889	1.0072029856499292e-07	-6.456347241114864e-08	-1	
47.916740817089142	11.212382311768794	1.0126617446112136e-07	-6.7904670265908741e-08	-1	
46.049233029622187	13.651639345020961	1.0168392042632895e-07	-8.0133491369883857e-08	-1	
47.244985246982885	13.39340768306443	1.0176098090781084e-07	-7.8890216288596066e-08	-1	
48.623114130779726	12.318665043368547	1.0195725131324417e-07	-7.3831243189377339e-08	-1	
45.192293047134001	15.392714103051052	1.0013939269454665e-07	-8.6849903690043708e-08	-1	
45.216078906073676	16.502959669268108	9.8719315721334399e-08	-9.032664246977024e-08	-1	
44.981770156771631	17.588459735776922	9.7136021649963572e-08	-9.3210523964686158e-08	-1	
45.029375111143843	19.66518021871407	9.3897339236224356e-08	-9.7401854084266054e-08	-1	
44.150307388939588	20.498916781433607	9.2605394854387696e-08	-9.8701197575705416e-08	-1	
43.20600066976548	23.128559954014811	8.8904912982729385e-08	-1.0158786764525091e-07	-1	
42.963550583725038	24.72008132574452	8.7131287726232281e-08	-1.025941294645391e-07	-1	
41.818091928355066	25.080263431559846	8.6786349613315026e-08	-1.0293291119746945e-07	-1	
41.122217038283232	26.058815840927405	8.5976251612730438e-08	-1.0342031129585304e-07	-1	
40.755310422225023	28.938118444628913	8.4545403035123346e-08	-1.0405810010081875e-07	-1	
41.748288013229228	27.244442159889815	8.5175585565116518e-08	-1.036420864199765e-07	-1	
43.928786907016239	21.690052958503724	9.0835920463786281e-08	-1.0019483346251099e-07	-1	
27.872899346460617	39.050418688573821	9.6005101953987428e-08	-1.0217505919973851e-07	-1	
26.628095943256813	39.572670010975578	9.7766003367810122e-08	-1.0134820442637742e-07	-1	
31.26479268151412	38.604429272665669	9.3257924183917471e-08	-1.0238821502655864e-07	-1	
29.805631902728191	39.931290629772683	9.5987411507981613e-08	-1.0071442310273061e-07	-1	
28.559688704041214	40.352309772966407	9.7396460388118658e-08	-1.0014033969622178e-07	-1	
21.514588902225739	44.354543385658125	1.0884653176341306e-07	-8.716973470855564e-08	-1	
22.704660793685349	44.150425390428055	1.0746086926890313e-07	-8.8944558054718029e-08	-1	
23.167734790983825	43.035303094065455	1.0581847180811773e-07	-9.2644650990145643e-08	-1	
26.160741854723078	40.476231418946377	9.9475033111781981e-08	-9.9774420126756951e-08	-1	
24.724377938684921	44.33543725953934	1.0571514070686187e-07	-8.9456916471778126e-08	-1	
25.985295244706105	43.527865070700194	1.0376957278734405e-07	-9.2443159152382495e-08	-1	
27.090736316733079	41.495064976386914	1.0015444665522272e-07	-9.7835471357967138e-08	-1	
26.74321186449005	42.564027694751715	1.0190864457788346e-07	-9.5229311556003837e-08	-1	
36.703051044674154	35.089928206104133	8.7331910465542366e-08	-1.0390325203613497e-07	-1	
37.486695582880301	33.827957542023675	8.6139927611563812e-08	-1.042193891608697e-07	-1	
35.04318852324333	35.652138208631321	8.8237151870399797e-08	-1.0402008213982405e-07	-1	
36.086551782725785	35.839177458103485	8.8212603858588303e-08	-1.0364575706658096e-07	-1	
32.396752246186722	38.351442313426368	9.241324474723049e-08	-1.0244143797829553e-07	-1	
34.189164708434078	37.098619273752313	9.0139041914829968e-08	-1.0322023005851895e-07	-1	
33.531854263619245	38.112950662378474	9.1681320776182713e-08	-1.0242175807138223e-07	-1	
39.936791876457022	30.263565943854527	8.4486371528712211e-08	-1.0424804147380036e-07	-1	
38.558353708953092	31.364751111026841	8.4771584350476875e-08	-1.0447652343063698e-07	-1	
38.163853780737114	32.329369835555454	8.5158352890641188e-08	-1.0443745247082276e-07	-1	
19.282429383451699	46.111334501868349	1.1177855679208093e-07	-7.7643580296028713e-08	-1	
20.736462243530742	45.725555281507368	1.1040089548506943e-07	-8.1273827632679572e-08	-1	
17.457349666290913	47.27766912433831	1.128077944435364e-07	-6.9266786775779065e-08	-1	
19.492476812283275	47.206814834262708	1.1140068101843018e-07	-7.3142798691788739e-08	-1	
16.665490843447341	48.204984811914656	1.1229749263047276e-07	-6.3131429869832962e-08	-1	
0	56.110000000000007	0	0	-1	
1.2285500020875681	56.180384643999105	1.5852264951451728e-08	3.6555994201241515e-09	-1	
2.4302675032003878	55.915499474049177	2.8830866271135268e-08	4.7985110977353302e-09	-1	
10.988160953424497	53.230580292064509	8.9748098831834439e-08	-2.1119910409457673e-08	-1	
5.9801668695202697	55.992841434792972	5.1951372857001426e-08	1.2917815621773978e-09	-1	
8.6520178421071883	55.839666326371876	6.2224491667077498e-08	-4.2076878218870874e-09	-1	
7.5504686093378144	56.436904993191575	5.2995918524750285e-08	-4.9222544213607949e-10	-1	
10.286036447357329	54.566862937637282	7.8056692117182644e-08	-1.2861079314221095e-08	-1	
9.9009887331156907	55.757814752171733	6.5842231972816234e-08	-7.0140320731270702e-09	-1	
3.5320541028882495	55.780297503201844	3.8762305136257698e-08	4.3421816242645981e-09	-1	
4.443535238293701	56.413871037981139	4.0515104137257152e-08	4.0787971249076485e-09	-1	
15.225192734340295	49.921789692853963	1.0899936043518008e-07	-5.0717279525703061e-08	-1	
16.307559250175768	49.370677633492654	1.1030326760957182e-07	-5.6232637651976617e-08	-1	
15.078000803093694	51.376960960439106	1.0374797375250062e-07	-4.202636312842357e-08	-1	
12.334981438094342	53.902623300384612	8.6580516347740328e-08	-2.1034144988348345e-08	-1	
13.532610796483802	53.692992011415164	8.9254480483405231e-08	-2.4854987472711441e-08	-1	
15.018417091311754	52.838343410012008	9.5784334024075204e-08	-3.2982860016696303e-08	-1	
53.910944945296862	1.5800226101335306	2.9733246403813512e-08	-4.9269354618836557e-09	-1	
54.714014580534887	1.0640950984317588	2.0786285797165854e-08	-2.8008191049837818e-09	-1	
56.230000000000011	0	0	0	-1	
55.608429595946767	0.73074270744308134	1.4504445569880764e-08	-1.7481210361927741e-09	-1	
53.154526110498423	2.919637798672654	5.0200196039220983e-08	-1.1961801922427104e-08	-1	
51.260467074198814	7.1921875297074109	8.9466680779694073e-08	-4.1800628394617052e-08	-1	
51.493935524074793	6.0003799284045289	8.1842694492706627e-08	-3.3161181046757625e-08	-1	
52.404492063248441	5.1967633129846229	7.5257299321788872e-08	-2.735037889444265e-08	-1	
53.736820073248502	4.300361494401578	6.6832763573567448e-08	-2.0998334140492889e-08	-1	
50.908941952256178	8.627950922593369	9.5893412852265569e-08	-5.1865487583694693e-08	-1	
50.135177618352976	9.5437140152044755	9.8565712698996984e-08	-5.7895282074866285e-08	-1	
50.071361363266632	11.034240006666877	1.0109255987575777e-07	-6.6875339505665243e-08	-1	
50.039134957278932	12.101817280678651	1.0189476805184871e-07	-7.2707293243204091e-08	-1	
46.981825473875745	14.588084999488435	1.0095692936530026e-07	-8.382406751378156e-08	-1	
48.287317078059864	14.033760172310451	1.0141743738295798e-07	-8.1604544030774463e-08	-1	
49.131436479716228	13.308609332126316	1.0180120151627072e-07	-7.8479405928388143e-08	-1	
46.984545929551324	15.909694521991492	9.9510191636306701e-08	-8.8430290692285413e-08	-1	
46.48205409431057	17.344262754707263	9.7515645655330168e-08	-9.252482990821389e-08	-1	
45.917394586660208	18.605918154968197	9.5562821177219508e-08	-9.5320078561477879e-08	-1	
46.774031304160992	20.22593033288809	9.3037231976854225e-08	-9.811428261712587e-08	-1	
46.80147466270342	19.174924684304127	9.4679230393918056e-08	-9.6410230987830273e-08	-1	
45.536891350446922	21.08059073967641	9.1733115063195512e-08	-9.9353836370796685e-08	-1	
44.176129168542261	24.090575875159132	8.7782726038925913e-08	-1.0210895750214348e-07	-1	
44.444344861937196	22.849935642408177	8.9264900799839838e-08	-1.0122074005105781e-07	-1	
43.467186822362066	25.672934325435392	8.6250964640329589e-08	-1.0294125363475423e-07	-1	
42.927081964304804	26.60559988295925	8.5550884270197977e-08	-1.0331242639091371e-07	-1	
42.057525795921691	28.851514950095147	8.4550338162963972e-08	-1.0382321705389981e-07	-1	
41.493440864969365	30.203336303866497	8.4422919839533078e-08	-1.0396205552561811e-07	-1	
42.800101799153154	27.778274099129163	8.4912571794542084e-08	-1.0357680404050885e-07	-1	
45.244772464903512	22.122200061700429	9.0243001865107836e-08	-1.0049997497013465e-07	-1	
27.244861372663191	40.381646813567919	9.8414701830019032e-08	-1.0007438523636542e-07	-1	
30.946697869107268	40.68207610549301	9.6517538960366719e-08	-9.9281356895591727e-08	-1	
32.26012455424862	40.307081821616819	9.5367861314924755e-08	-9.967944779001316e-08	-1	
29.507334230455381	41.264230564240037	9.8159696732733086e-08	-9.8322617764609773e-08	-1	
28.200441411647983	41.673975961182691	9.9595880120459535e-08	-9.7520887291006365e-08	-1	
22.244680922456894	45.266827549546193	1.0875523954095438e-07	-8.4561845811535457e-08	-1	
23.628319135826857	45.183952482133307	1.074175007848575e-07	-8.5841327112719534e-08	-1	
25.64194205654265	44.884014847448739	1.0543740730711545e-07	-8.7751054403790797e-08	-1	
24.790534099115042	45.55306129932076	1.0660618249692185e-07	-8.4895374579813521e-08	-1	
26.710005206337286	44.838163038462767	1.0459589738750752e-07	-8.8152803745803241e-08	-1	
27.296090597720262	43.658443153415249	1.0291605790036756e-07	-9.2181869546815909e-08	-1	
28.448808833325494	43.020888636160294	1.0131364811241155e-07	-9.4068919193539303e-08	-1	
37.027951093186417	36.074152179868854	8.832286917489047e-08	-1.0327044524033763e-07	-1	
37.750924374914568	35.289755019350856	8.7393934867852693e-08	-1.035481945814336e-07	-1	
38.862583312522219	33.102607521189682	8.5511341824186282e-08	-1.0411371920521822e-07	-1	
38.738973342831805	34.887600187825527	8.6885633831750918e-08	-1.0353633502778774e-07	-1	
35.200870880648324	36.72059088296848	8.9420933638367002e-08	-1.0326069202525854e-07	-1	
36.278647296536143	36.790253214906485	8.9290793116867497e-08	-1.0293295786996577e-07	-1	
33.127665067775027	39.252053941619543	9.3467166630849763e-08	-1.0108446364192639e-07	-1	
34.734710644478945	38.231532759847099	9.1513463542712663e-08	-1.0198799729544797e-07	-1	
34.539685250013342	39.473739840338929	9.3374665791869691e-08	-1.0047010772296467e-07	-1	
40.317722341927798	31.496366335589311	8.4682106970145683e-08	-1.0409651006452502e-07	-1	
39.127808675109002	32.160619636368509	8.5009719219216433e-08	-1.0424661585325632e-07	-1	
20.543558215584987	46.826540591249589	1.106154034626459e-07	-7.6254492743290735e-08	-1	
21.657574026267181	46.91791558682263	1.0966785755989649e-07	-7.7043066238532894e-08	-1	
17.858272916236931	48.421780042375303	1.1140479970438434e-07	-6.4417399315030312e-08	-1	
19.221334083767474	48.394302037647584	1.1045505558130188e-07	-6.6706893763808835e-08	-1	
20.374132185557542	48.000981845006727	1.1012145143159008e-07	-7.0340986662804734e-08	-1	
17.503785011225439	49.581119324173038	1.094049020591263e-07	-5.7454338120015259e-08	-1	
0	57.975000000000001	0	0	-1	
1.0027434458720594	57.39005422901409	1.037596693608626e-08	3.1793995706662571e-09	-1	
2.0937859703489061	57.940077661645475	1.6443158953683247e-08	4.549216653818108e-09	-1	
3.2904260726703938	57.100343224029601	2.8757679718029477e-08	5.1136432612041655e-09	-1	
11.31763725783324	54.256297760950623	8.2366722386009586e-08	-1.6810934031678231e-08	-1	
5.4077477556923341	56.91832037700069	4.0602877763888445e-08	3.3441260901518632e-09	-1	
6.5181944843066519	56.965380848273988	4.4026387363690623e-08	2.0367312895837065e-09	-1	
8.4258920165718507	56.85959829327988	4.99782624088359e-08	-9.2445717230302917e-10	-1	
9.3746823567074387	57.296852220146484	4.6131597910355436e-08	-1.15726796925529e-09	-1	
7.537290806477837	57.408945174143255	4.1376597489927233e-08	1.4372736279761974e-09	-1	
11.084431784942218	55.350272717690466	7.1863942074164712e-08	-1.1078148897124318e-08	-1	
10.884642000691299	56.692156756943533	5.5888238479424156e-08	-5.1529506625982088e-09	-1	
4.6223872721591972	57.697658434215604	2.9805945669843205e-08	4.3886709018026943e-09	-1	
16.59084812051568	51.265470639950536	1.0429324481092762e-07	-4.5843095240292272e-08	-1	
16.166668922167286	52.413841663441282	9.8322016753054315e-08	-3.7752300576692147e-08	-1	
13.072778923731478	54.591820277417668	8.1182044983934931e-08	-1.8774819998225926e-08	-1	
12.132903739717506	54.960564418304941	7.7041852065270667e-08	-1.4945899412356898e-08	-1	
14.761940433858515	54.043102553655729	8.6777654924820297e-08	-2.5064490420776795e-08	-1	
14.017355822581292	55.082055154001367	7.6903018349178225e-08	-1.7673176055318761e-08	-1	
15.968778645376798	53.62194904205316	9.0403206606038983e-08	-2.963607887592714e-08	-1	
54.631793533291443	2.3754314998117958	4.2295860018409558e-08	-8.9108106145033203e-09	-1	
55.446350543154047	1.676292839547127	3.1323683390034847e-08	-5.3902549075552965e-09	-1	
57.787500000000001	0	0	0	-1	
57.313721349284179	0.88348142431321186	1.7380502717934365e-08	-2.2316649683403433e-09	-1	
56.393735781390966	1.2817679943213049	2.4674673403568288e-08	-3.6397227162952367e-09	-1	
54.847232443596923	3.4270417244289657	5.6774135845451659e-08	-1.5160733854954807e-08	-1	
52.08900452748518	8.4163248260144545	9.5066244078119332e-08	-5.0418592358511637e-08	-1	
52.719290769725085	7.0972661071009746	8.9005763388460239e-08	-4.1147484658628778e-08	-1	
53.074809801296077	6.062055064329078	8.2342437416865936e-08	-3.3626866424644593e-08	-1	
54.560691203381992	5.019852923504021	7.365277157672788e-08	-2.6124426845385206e-08	-1	
54.169168325011107	6.0411958587277814	8.2359343608320272e-08	-3.3510066803288878e-08	-1	
51.635905336188529	9.5812911161397007	9.8684829210612997e-08	-5.8160080619878614e-08	-1	
51.087220776013055	10.704407578358516	1.0077589855850536e-07	-6.5041314928188068e-08	-1	
50.223527363075625	13.522428900350826	1.0172282355013928e-07	-7.9431500349967483e-08	-1	
51.436820385768414	12.415844948649621	1.0197125278202339e-07	-7.4317281035223432e-08	-1	
48.005650208158563	15.423813450793379	1.0011753743985737e-07	-8.6829104452751666e-08	-1	
49.111590336749749	15.187951637202604	1.0040533811868526e-07	-8.6016378342434644e-08	-1	
47.771691631284916	16.990700139082747	9.8042669908700589e-08	-9.1545304832196604e-08	-1	
47.714045016112372	18.652831434623057	9.5504890092488115e-08	-9.5398659958990321e-08	-1	
46.774094992516645	21.548746530331282	9.1053940290488781e-08	-9.981857251896692e-08	-1	
47.873529434250649	20.431913391791138	9.2722807769730726e-08	-9.8391081760885978e-08	-1	
44.61956908059954	25.715663231317642	8.6197160859980692e-08	-1.0283974326508854e-07	-1	
45.526791088624762	24.296333777347812	8.7558487256522395e-08	-1.021092905679756e-07	-1	
46.028970397526834	22.867396026187471	8.9255298564504165e-08	-1.0110065883905158e-07	-1	
44.007295717812205	26.605597544901009	8.5552814877450812e-08	-1.0317467739120798e-07	-1	
42.736031812785185	29.777717515675029	8.4428289944095375e-08	-1.0376190985365828e-07	-1	
43.362115295633572	28.815303322143393	8.4539539684588939e-08	-1.0363834549029557e-07	-1	
41.607999274745943	31.486865702840383	8.4654817670352579e-08	-1.0386196565745661e-07	-1	
42.76788853920003	30.925413797967884	8.4500101494106854e-08	-1.0373183666774492e-07	-1	
44.744060740016515	27.395558971382254	8.5079556625594668e-08	-1.0328096137011528e-07	-1	
32.145950942749728	41.668211777432397	9.7506922850275319e-08	-9.7036795055823542e-08	-1	
31.155240245961359	42.220640883189503	9.8747650102712743e-08	-9.5968600583734895e-08	-1	
33.220843053300896	41.602197277904715	9.7034399458340631e-08	-9.6947848745716418e-08	-1	
33.832561208115706	40.715883641237077	9.5480445911386439e-08	-9.860193492819854e-08	-1	
29.373169541207055	42.380637393427122	9.9887502621299164e-08	-9.5774748863568693e-08	-1	
22.996487956862836	46.22691667188549	1.0840758302300576e-07	-8.1130309090271062e-08	-1	
24.22191563138151	46.764320534777966	1.0748815187798882e-07	-7.9440373649366406e-08	-1	
26.247976971525411	45.76468672854768	1.0557691108399637e-07	-8.4407448719529587e-08	-1	
25.537004744981083	46.517305311320229	1.0640923961456214e-07	-8.0973233441107672e-08	-1	
27.856971203745484	44.672532592144819	1.0366786702839896e-07	-8.8841231617813218e-08	-1	
27.679788676514214	46.331508299845922	1.0498273376118492e-07	-8.2242661445030123e-08	-1	
28.799184212391886	44.078298797742214	1.0244345743070355e-07	-9.0900783744220679e-08	-1	
37.971185867778544	36.503762505695214	8.8684487027490065e-08	-1.0277894663473417e-07	-1	
39.796043123230042	32.857099462088357	8.5310493779821216e-08	-1.0397259179070293e-07	-1	
40.130304543062628	33.762577638800465	8.588379731363815e-08	-1.0365941980610259e-07	-1	
39.833809890996022	34.818749235701475	8.677712859744803e-08	-1.0331991640825919e-07	-1	
39.451728348724352	35.866092551633784	8.7853043892872474e-08	-1.0285549683583494e-07	-1	
35.678997864539028	37.695485530350915	9.0578808781989841e-08	-1.0228819605403774e-07	-1	
37.004133185886573	37.922061787248019	9.0653048109826795e-08	-1.0176831246585977e-07	-1	
35.827471104898692	38.8536162843466	9.21710060511192e-08	-1.0100813410624166e-07	-1	
35.114371079432445	41.053629304033613	9.5693720669161838e-08	-9.769214250644236e-08	-1	
36.222490483276601	40.680559051734676	9.48955420985954e-08	-9.8144838643113515e-08	-1	
40.972760637848644	32.608045091463659	8.5110343728793116e-08	-1.0380781898273375e-07	-1	
23.069396260038321	47.444155070534059	1.0825782051493785e-07	-7.5511196269391857e-08	-1	
21.395573953733322	48.604864410083266	1.0862249409597666e-07	-6.8143067124772607e-08	-1	
18.524428209073339	50.025250472996902	1.0778094682630835e-07	-5.6566715289177351e-08	-1	
19.540114279626128	49.569896961147229	1.0816071233959314e-07	-6.0556382318332146e-08	-1	
20.680631034217154	49.496504237181441	1.075101290737964e-07	-6.2269903217767055e-08	-1	
18.063268122124377	51.038313348081182	1.0448449335602945e-07	-4.9566513709202062e-08	-1	
0	58.907500000000006	0	0	-1	
0.51015495200012451	58.441249999999997	3.7853026575092202e-09	1.5010215390087608e-09	-1	
1.210984128296001	58.784802749664287	6.9385534037197924e-09	2.5947741231353535e-09	-1	
2.2340476812586827	59.153842968083694	8.0360034338832132e-09	2.6869148524322548e-09	-1	
3.7397736392312289	58.364855610085385	1.9988338179578167e-08	4.3244634356666938e-09	-1	
5.6953099219461283	57.967835939002939	2.9851995667162731e-08	3.532081309117959e-09	-1	
8.4931282505052206	57.961712955205783	3.5232350712620419e-08	9.6409299275233617e-10	-1	
10.488078602968756	57.786189886190712	3.9958902351740578e-08	-1.3799562657017383e-09	-1	
9.693318573056775	58.636206069070731	2.570329472125316e-08	6.311533482261129e-10	-1	
7.3939269538210555	58.759641223480692	2.1697225581254216e-08	2.1155510004066677e-09	-1	
6.2958744848824795	58.897355523975747	1.8239946036890686e-08	2.677526386359762e-09	-1	
12.233593518098759	56.836720017757834	5.5128137605934313e-08	-6.4225655974838377e-09	-1	
11.743016897817666	58.014060030803165	3.7394326224252511e-08	-1.8789968710303508e-09	-1	
4.7944856187204463	58.842710935588734	1.6730237240810022e-08	3.2381754056015532e-09	-1	
17.155813126591674	53.196126447958946	9.3424021651309812e-08	-3.4189207073759172e-08	-1	
18.220255432979265	52.51985851466145	9.7440485450083983e-08	-4.0112701921930198e-08	-1	
13.022046680728145	55.844685812154466	6.8113104362879465e-08	-1.201669367783158e-08	-1	
15.831627358586763	55.472732538133656	7.327252940363695e-08	-1.7780986974474806e-08	-1	
14.189731643237211	56.337827032827086	6.2526534290550557e-08	-1.1026535214559141e-08	-1	
16.999869972799388	54.62883100243188	8.1695313291645397e-08	-2.4438039485876213e-08	-1	
56.275821575083604	2.3012212218313213	4.1377469322557652e-08	-8.457808014882184e-09	-1	
59.344999999999999	0	0	0	-1	
58.536600671732167	0.97049094683615511	1.915079662554011e-08	-2.4406202107733002e-09	-1	
57.226047111087674	1.8821399570145902	3.4729298383823406e-08	-6.3494285920086392e-09	-1	
56.257216628391902	3.3395908726557368	5.5539574899594441e-08	-1.469494675387755e-08	-1	
55.654445032156396	5.0314338414571012	7.3923571373969202e-08	-2.6204298989134728e-08	-1	
52.881576996393548	9.4776212109409137	9.8425212703295887e-08	-5.7511138383650519e-08	-1	
53.986836128909204	7.8256241327376541	9.2809881069245208e-08	-4.6408112813367567e-08	-1	
55.411578321581885	7.2764890874119592	9.0001014422892512e-08	-4.2515421539040001e-08	-1	
56.121784828134089	6.2176540612113582	8.3480861878044786e-08	-3.4843331063111617e-08	-1	
52.831313431927377	10.801250580974923	1.0089381912601869e-07	-6.5624706595960708e-08	-1	
51.921925855416873	11.425325755781955	1.0144586155281243e-07	-6.9077276069690363e-08	-1	
50.532420170696255	14.932589366332198	1.0061827737848629e-07	-8.5014971697938298e-08	-1	
51.21847413196982	14.043399222561789	1.0141163525621086e-07	-8.1635421262521485e-08	-1	
52.315551612670397	13.80308661178729	1.0158574539967734e-07	-8.0688076478479262e-08	-1	
52.894210767658194	12.46461046945487	1.0198070577929131e-07	-7.4597049334731177e-08	-1	
48.7226927915329	16.298218561006308	9.900701950470892e-08	-8.9544164726611117e-08	-1	
50.697535765540778	16.366710751276894	9.8911905698243714e-08	-8.9728358405653577e-08	-1	
49.033735076941149	17.432761041240632	9.7383340669768402e-08	-9.2608664738256491e-08	-1	
49.325169180305473	18.454966930663161	9.581596501375663e-08	-9.4913371819971641e-08	-1	
48.927555333310835	19.440736653089239	9.4268026151434796e-08	-9.6787441453619909e-08	-1	
47.937825983987615	21.548690501297614	9.1068425765259353e-08	-9.9751007623289012e-08	-1	
47.525971787255891	22.637104918826029	8.9568569939658367e-08	-1.0081756150063637e-07	-1	
48.895295652840183	20.887236302674143	9.2034249967852647e-08	-9.8969579425439795e-08	-1	
45.653787721627864	25.643656528398086	8.6282183058380469e-08	-1.0270914939888877e-07	-1	
45.776032922207968	26.819288448423677	8.5425185137824855e-08	-1.0305659818698502e-07	-1	
46.409029750838442	24.933443433595052	8.693256821719866e-08	-1.023552014766068e-07	-1	
46.969518323026506	24.000648530288515	8.790272968289203e-08	-1.0183238414863791e-07	-1	
44.592375090778631	30.300481066468851	8.4410524664760451e-08	-1.035388311086443e-07	-1	
44.70068548932975	28.735787150687088	8.4582424693344668e-08	-1.0346994289179399e-07	-1	
42.435229099381765	32.194851353921919	8.4904063607705569e-08	-1.0363362113724716e-07	-1	
44.15881390782733	31.856506602252409	8.4738433235485942e-08	-1.0347119921738539e-07	-1	
46.011469776015325	28.453054876701511	8.4661480839611099e-08	-1.0332875301802674e-07	-1	
32.100679807881278	42.847402110751624	9.926745010073198e-08	-9.4149935294643159e-08	-1	
33.054871319087432	42.579333663442874	9.8561650160033277e-08	-9.4695959732688754e-08	-1	
30.319631040846165	42.987741175162633	1.002397025385273e-07	-9.4056873994846307e-08	-1	
31.39323691724891	43.791893441754453	1.0082756804338396e-07	-9.1556356293861627e-08	-1	
34.014233303947805	42.330402519338385	9.7919726371428439e-08	-9.5149515725170571e-08	-1	
24.201886902884453	48.047212775781553	1.0709093708765399e-07	-7.3002223109138828e-08	-1	
25.923450315335767	47.478072646751336	1.0611003555292622e-07	-7.6489994582089085e-08	-1	
26.634475666944574	46.72517358243546	1.0566174065497993e-07	-8.0240717281106442e-08	-1	
28.894815005581233	45.188133878944193	1.0351377579706305e-07	-8.6928553953082495e-08	-1	
29.114917000349312	46.639300453725568	1.0423275314734761e-07	-8.0778349707197965e-08	-1	
26.90473629029059	47.808968230032711	1.0535185075132156e-07	-7.4937960395472688e-08	-1	
28.520814128718683	48.015606503995336	1.0441399178934249e-07	-7.3986041363908265e-08	-1	
30.261136519800029	44.511364869823247	1.0218289704523004e-07	-8.933183731546764e-08	-1	
38.914339594535718	37.18332169988939	8.9464060908388989e-08	-1.0203026909236552e-07	-1	
38.322735528582392	38.18399361408369	9.0863471332228966e-08	-1.0120503234748276e-07	-1	
41.488487427037292	34.207568569247805	8.6164611715531118e-08	-1.0327731316104869e-07	-1	
40.627124022771895	35.576416846946152	8.7475542451182993e-08	-1.0280983447658878e-07	-1	
40.046680355636873	36.920369134854106	8.9063165111461752e-08	-1.0201883093354689e-07	-1	
37.477816392928823	38.987455126063942	9.2125301176284927e-08	-1.004326679149628e-07	-1	
37.401986348178305	40.150936346943901	9.3901097538506685e-08	-9.878289992892344e-08	-1	
35.263139030453694	42.370814475409254	9.7692115744704517e-08	-9.4756857143843046e-08	-1	
36.174923330625347	41.848825884403901	9.6731300624275787e-08	-9.5802778663237706e-08	-1	
37.13197207931556	41.415374166435484	9.5913300833757039e-08	-9.6519011429186108e-08	-1	
41.957698646532549	33.173379601601049	8.5424841004111066e-08	-1.0350993393591267e-07	-1	
23.052568780425478	48.84064463011083	1.0689609050341622e-07	-6.7921680443492205e-08	-1	
22.538141413288663	49.827878624312213	1.0553676582616046e-07	-6.1775895454747187e-08	-1	
21.518240201992285	50.274048989265232	1.0507596470002302e-07	-5.8273170153239294e-08	-1	
19.325725731004681	51.829402396271718	1.0055611226287161e-07	-4.6048249051962559e-08	-1	
20.195678601174905	50.858847794551231	1.0405161137488063e-07	-5.3361326749157412e-08	-1	
0	59.373750000000001	0	0	-1	
0.51213588747956817	59.132367365897345	2.5411596456312194e-09	1.146056940909895e-09	-1	
1.328125	59.556468507830267	3.068246011441317e-09	1.2824765198929081e-09	-1	
1.7175	60	0	0	-1	
3.2750000000000004	60	0	0	-1	
8.6459701449598505	59.094800168675768	1.6952379614596509e-08	1.2057824791367295e-09	-1	
10.810291354397036	58.884012895810613	2.1890307413463709e-08	3.0015291378158746e-10	-1	
9.5050000000000008	60	0	0	-1	
6.3900000000000006	60	0	0	-1	
7.9475000000000007	60	0	0	-1	
4.8325000000000005	60	0	0	-1	
13.189031367995403	57.736601772133703	4.2497204571831313e-08	-3.8750847241011401e-09	-1	
11.84125	59.237512970906295	1.5529635927976395e-08	9.2579357963198162e-11	-1	
12.902604423470747	58.932444514153332	2.1645781708667862e-08	-6.3644532572260758e-10	-1	
18.772479363414881	54.564903557724293	8.2006047015944838e-08	-2.6651126659618112e-08	-1	
19.427325477878558	53.222268057768019	9.2327092902656866e-08	-3.654726909662885e-08	-1	
15.327913559375887	56.507370360035942	6.0475260294994478e-08	-1.1405540348974084e-08	-1	
17.026594676533389	55.896397414283236	6.8418002467816606e-08	-1.6337798089208017e-08	-1	
14.497774510585696	57.637404778244822	4.4116842990527707e-08	-5.3593516969570406e-09	-1	
18.301378808163395	55.757554475153071	6.9864796804553065e-08	-1.8301681259762861e-08	-1	
57.928716821828075	2.7447906880460309	4.7539278651949053e-08	-1.1088597670758648e-08	-1	
57.257251217800679	3.6319462261278277	5.9263040356321501e-08	-1.6547877009697843e-08	-1	
60.902500000000011	0	0	0	-1	
59.7901567754909	1.1927422074072713	2.3144062017213855e-08	-3.2906357142981122e-09	-1	
58.930245905322316	2.1315456071998602	3.8794952504008316e-08	-7.5826925323976176e-09	-1	
56.550324871810901	4.3973193208099666	6.7712300827404898e-08	-2.1779170353245728e-08	-1	
54.165000298643236	9.8052578425497376	9.9293005709745139e-08	-5.9687916079921977e-08	-1	
54.961967881202298	8.7356977995187233	9.6193545789327317e-08	-5.2676394702822638e-08	-1	
56.280214072298627	8.9390275635931218	9.6935416884002906e-08	-5.4111308550459349e-08	-1	
56.936483562980818	7.1983634300344823	8.9513044577208487e-08	-4.2012390188215569e-08	-1	
57.340518296800234	6.0339725614366735	8.2047835045617626e-08	-3.3561690440610472e-08	-1	
54.180017214866005	11.776812111239986	1.017798781594929e-07	-7.1116583703950127e-08	-1	
52.097205358871811	15.430640885699463	1.001127996806409e-07	-8.686048442682343e-08	-1	
53.382053283362247	13.720497983839286	1.0161102275154303e-07	-8.0351889357467648e-08	-1	
53.22716257177165	14.753808110407999	1.0078729802663231e-07	-8.4432028790158159e-08	-1	
53.91080462881073	12.819308234178923	1.019357282132369e-07	-7.6325003088864795e-08	-1	
50.177200273722278	17.385999838009088	9.7463875449307001e-08	-9.2519002726630619e-08	-1	
51.471855093709884	17.404449186235759	9.7449548695301504e-08	-9.2624548097851071e-08	-1	
50.386624918392648	18.511095649298973	9.5733446019030188e-08	-9.5067004736783021e-08	-1	
49.958453497232505	20.187337184442608	9.3105391968576406e-08	-9.7993070829021995e-08	-1	
49.477250995228317	22.753336031660265	8.9415230441082783e-08	-1.0088852882485764e-07	-1	
48.435587322617089	23.803627589244396	8.8127498829910824e-08	-1.01661420727881e-07	-1	
50.562892430866327	21.628807236977011	9.0952178695655656e-08	-9.982074813796473e-08	-1	
46.627520531971193	25.999518266685143	8.5989422612032588e-08	-1.0277146500481591e-07	-1	
47.516338159800981	27.77482600546352	8.4916771135265664e-08	-1.0314892816694599e-07	-1	
47.874146836853129	25.179000626524321	8.6708593918027945e-08	-1.0239295579442534e-07	-1	
45.985525598849598	29.901875618254934	8.4426916965864978e-08	-1.0341138098406502e-07	-1	
45.562483132068195	31.057192223367799	8.4531152330553999e-08	-1.0340816078150815e-07	-1	
43.088273093016916	33.066107003706421	8.5350178765134924e-08	-1.0337042543925333e-07	-1	
45.242089329786204	32.126694394689295	8.4884535824698544e-08	-1.0330941982882817e-07	-1	
44.664042120076608	33.740152352816779	8.5767371925341883e-08	-1.0301908442017108e-07	-1	
47.253952311695414	29.201269940556429	8.4497006770651792e-08	-1.0331078194166482e-07	-1	
32.733625790807594	43.843353264445021	1.004035222846443e-07	-9.1150229203616889e-08	-1	
33.747562803443607	43.275794573150712	9.9359490607839301e-08	-9.2669478111362579e-08	-1	
31.347965782380456	44.971083775073673	1.0217198403186143e-07	-8.7507442819113688e-08	-1	
32.482080773357133	44.949432242553883	1.0175722592885727e-07	-8.7434786460698394e-08	-1	
34.7063266592804	43.489455893917011	9.94163124355735e-08	-9.1857927596825067e-08	-1	
25.275567162164521	48.749654483558572	1.0561331884716528e-07	-6.9454141492802739e-08	-1	
23.612310387540781	50.120158439079297	1.0422634175187702e-07	-6.0579939781539851e-08	-1	
26.159311233128498	48.399088310202927	1.0538949229181874e-07	-7.1615150112247375e-08	-1	
30.522492217057913	46.194788202329995	1.0344697532898264e-07	-8.2722575422566671e-08	-1	
30.120786335053811	47.708204657742328	1.0377120560457947e-07	-7.5503801689499753e-08	-1	
27.118111063472753	48.844359221562144	1.0440287992096407e-07	-6.9258454206130606e-08	-1	
29.448171165858657	48.524848750322263	1.0359147587262182e-07	-7.1139301819044986e-08	-1	
28.662778919001777	49.214410079496531	1.0315721873156829e-07	-6.7171754085575734e-08	-1	
40.136669299803323	38.381541469939187	9.1004687607412186e-08	-1.0067782482962373e-07	-1	
38.531913479157581	39.249953605870338	9.2403705620516088e-08	-9.9894055660264242e-08	-1	
42.238791960307815	35.711394551342551	8.7572683956612634e-08	-1.0247636789079087e-07	-1	
43.13580779044679	34.540412522724395	8.6425807734188423e-08	-1.0290470176472474e-07	-1	
41.510581726997216	36.931110541627845	8.9010843982229545e-08	-1.0177674339361009e-07	-1	
38.683070625739923	40.325675519811725	9.4049598528298654e-08	-9.8262530229559852e-08	-1	
36.13734830271315	43.263650847981673	9.8847272301499027e-08	-9.2255279635394083e-08	-1	
36.979138440058584	42.524888571540643	9.7640390363779599e-08	-9.4029038886174439e-08	-1	
38.02618024418242	42.103833237167144	9.6884751681901406e-08	-9.4859574929977451e-08	-1	
22.660807661547626	51.497063203494179	1.0021140475084439e-07	-5.0959860585202049e-08	-1	
21.423708641964783	51.507575755149908	1.0077725702121047e-07	-5.0075241017466068e-08	-1	
20.519689315738916	52.352130996567112	9.720583156413003e-08	-4.3578897142097201e-08	-1	
0	59.840000000000003	0	0	-1	
0.33657170011692927	59.663428299883066	7.5078110207040764e-10	3.9311118980372491e-10	-1	
0.74406250000000007	59.641345308341698	1.4876895753505411e-09	7.0626442050414915e-10	-1	
0.93875000000000008	60	0	0	-1	
11.062499999999998	60	0	0	-1	
13.995257273449621	58.772289199038283	2.4568333487265856e-08	-1.4906401951280201e-09	-1	
12.620000000000001	60	0	0	-1	
14.177500000000002	60	0	0	-1	
20.050671415849511	54.766456197602835	7.9769871779030867e-08	-2.6159114047064072e-08	-1	
20.77344628877777	53.791437085879366	8.7720886315228227e-08	-3.3547795301628182e-08	-1	
15.830006419649642	57.542795767145634	4.5910176687909604e-08	-6.5526885370276945e-09	-1	
17.769006489107429	56.924144230767681	5.4814667402391268e-08	-1.0971081243158948e-08	-1	
15.236225305634434	58.750276355652218	2.5114021407058507e-08	-1.9347453660616231e-09	-1	
19.293690986391653	56.915164081316952	5.4794749528332107e-08	-1.1774215718904196e-08	-1	
20.444171574470097	55.914595305171261	6.7353079511848024e-08	-1.8585279905262462e-08	-1	
58.377610596720992	3.7628306602492212	6.0853547254322021e-08	-1.7434713486508883e-08	-1	
57.627959588365023	4.6056587795599526	6.9806592817637357e-08	-2.325705487132015e-08	-1	
62.460000000000001	0	0	0	-1	
62.241224427666253	1.0601357289060716	2.060706281773968e-08	-2.9143504324293583e-09	-1	
61.215958370395299	1.4073820774271673	2.6774218294801187e-08	-4.2696255408418369e-09	-1	
60.271627337381837	2.4969780401224284	4.4235866449695109e-08	-9.6177200829744365e-09	-1	
59.505561876798389	3.7549704565783792	6.0628608899058003e-08	-1.7450559654284387e-08	-1	
55.297891568230177	11.418890115856545	1.0152614990831343e-07	-6.9221033574922259e-08	-1	
55.907209143456015	10.225762891490998	1.0004084553968861e-07	-6.2330198177480236e-08	-1	
57.778206684103125	7.9473618307323619	9.322478853671638e-08	-4.7395962173548181e-08	-1	
57.385823082713848	9.0035490898112833	9.7140055251773115e-08	-5.4626604927474359e-08	-1	
58.558418830116473	6.2230980540454048	8.3674724400591876e-08	-3.5000529369650706e-08	-1	
54.863457489614866	12.509311252861096	1.019647568724279e-07	-7.4890926198294028e-08	-1	
52.862153638059084	16.313346455938927	9.8985052902741906e-08	-8.964287773608183e-08	-1	
54.425969877998917	13.76475963370306	1.0164381705515241e-07	-8.0681807973804804e-08	-1	
53.939382446160522	15.861801232777726	9.9588551743657107e-08	-8.8360072426966692e-08	-1	
52.764590066119403	17.477303647159339	9.731197406643375e-08	-9.2771168122344914e-08	-1	
52.054914423593672	18.564221050332726	9.5647004331208938e-08	-9.5185163839439771e-08	-1	
51.200655236017795	19.169309125517817	9.4698379276278911e-08	-9.6309676398237499e-08	-1	
51.230993457528946	20.215717234529084	9.3064567329836109e-08	-9.8018437191336903e-08	-1	
49.716657623989605	24.032475104850953	8.7887898151563258e-08	-1.0176733136373556e-07	-1	
50.994096116389869	23.131413274826926	8.893215600152531e-08	-1.0118675974719868e-07	-1	
49.284686446728273	25.392036495311974	8.6511880718462361e-08	-1.0245329700356658e-07	-1	
51.633112755615208	22.13485991757863	9.02440897353358e-08	-1.0034354472181956e-07	-1	
51.942838184595011	21.06826342421828	9.1768258483062825e-08	-9.920164293115506e-08	-1	
47.849031579698242	26.498111609298601	8.5653690296652426e-08	-1.0285091290990469e-07	-1	
48.606816255801917	27.377284162940363	8.5112800570754892e-08	-1.0304064028164057e-07	-1	
48.699064622825112	29.324716453147143	8.4485557378915187e-08	-1.0326334402843815e-07	-1	
46.775988361429171	30.854395662589308	8.448232606084282e-08	-1.0334179617747912e-07	-1	
46.113171501480608	32.825051705210392	8.5197227178843339e-08	-1.0312063224078876e-07	-1	
45.43493418990996	35.148973329553513	8.7004704246663104e-08	-1.0238807529846654e-07	-1	
45.674538372487902	34.155608817288893	8.6115500337400329e-08	-1.0277880863225969e-07	-1	
44.503075424943624	35.568285219071313	8.7405166576051557e-08	-1.0227912446072368e-07	-1	
47.887153481425941	30.309016995985793	8.4454002496520421e-08	-1.0329844700445269e-07	-1	
34.381531806313554	44.799763583394508	1.0110047356319753e-07	-8.7666944148396118e-08	-1	
31.980911765306772	45.967034928767077	1.0276512978732108e-07	-8.349685542105804e-08	-1	
33.52811190483564	46.096816384892428	1.0241273800377071e-07	-8.2726324154892316e-08	-1	
35.513782994402384	44.571311801369106	1.0063452411722443e-07	-8.8269275609307988e-08	-1	
25.171272636244044	50.31760582712473	1.0263917925864742e-07	-5.9798662678270615e-08	-1	
26.358358968384458	49.609122250587134	1.0364621601646484e-07	-6.45826195362319e-08	-1	
24.133211770234997	51.497342408904082	9.9445329491267559e-08	-5.1607005105012688e-08	-1	
31.775850924163127	47.61215337279851	1.0321507020378024e-07	-7.5849831634435661e-08	-1	
30.653157807096413	48.831999596038962	1.0286997726653507e-07	-6.9351344700725529e-08	-1	
27.737744536200537	49.700874054268574	1.0278267459252387e-07	-6.4169710511475106e-08	-1	
29.647789122443093	49.563824886326451	1.0218173999636187e-07	-6.5029601830977056e-08	-1	
28.756064735086657	50.514527917945514	1.0042389674749116e-07	-5.8973803394349803e-08	-1	
39.771790594072556	39.624210899997529	9.2891801220842667e-08	-9.913072347310929e-08	-1	
42.035768273092366	38.251025816430193	9.0778400179105874e-08	-1.0047167584274566e-07	-1	
40.869604017150522	40.220850153466742	9.3759737675905252e-08	-9.8075987168433418e-08	-1	
41.946941249146761	39.58798587162967	9.2752479927382016e-08	-9.8850395222726472e-08	-1	
43.393244700769799	35.992845842388313	8.7878324183065285e-08	-1.0214935726997039e-07	-1	
42.899973632737598	37.227062181459466	8.9370673404066273e-08	-1.013291799750892e-07	-1	
39.86129364949953	40.958741007968946	9.4966042543597501e-08	-9.6932878320197121e-08	-1	
37.204305527619596	43.622012137554819	9.9184278970908458e-08	-9.0977206771412229e-08	-1	
36.66814729957521	44.611635746885611	1.0050548384998773e-07	-8.7916769605958716e-08	-1	
38.251568918935604	43.209628914261366	9.8508264152584213e-08	-9.1997488819820038e-08	-1	
39.912098811896648	42.295303854035964	9.7047137560355231e-08	-9.4074083128130286e-08	-1	
22.993383296969235	52.534848461425504	9.488557235472627e-08	-4.3789997171369131e-08	-1	
22.055751835885111	53.0902330471325	9.2132349874303176e-08	-3.9371389746673946e-08	-1	
0	60	0	0	-1	
0.16	60	0	0	-1	
0.54937500000000006	60	0	0	-1	
15.735000000000001	60	0	0	-1	
21.215778914572727	55.106441934923375	7.5972521297076396e-08	-2.4443375389604785e-08	-1	
21.806906437089193	54.158255239558571	8.4303458166295905e-08	-3.1499191264296773e-08	-1	
17.109639181640866	58.205499234062941	3.4787163645035999e-08	-4.5226135107523424e-09	-1	
16.513750000000002	59.172787939241971	1.6920214399965564e-08	-1.370902678318351e-09	-1	
18.539956307229406	58.381080585218591	3.1946338211806831e-08	-4.0942115446918428e-09	-1	
19.559046488469846	57.978335975191015	3.8320662065695804e-08	-6.3737510934927246e-09	-1	
20.668671476805738	57.334442239438687	4.8436901665077489e-08	-9.9397938848865603e-09	-1	
21.758352360984897	56.396912990000651	6.1152588369634186e-08	-1.5912033764099496e-08	-1	
59.416775985909048	5.1366955985154092	7.4988528444941767e-08	-2.7099913409109694e-08	-1	
64.017499999999998	0	0	0	-1	
63.442887992745952	1.1470845949326325	2.2297414539389172e-08	-3.191871798604276e-09	-1	
62.573331685951885	2.0904052488605211	3.8059580307991704e-08	-7.4958587847216162e-09	-1	
61.554305656394114	2.4252507778187273	4.2952871231299713e-08	-9.3586470185083875e-09	-1	
61.273806688720342	3.4605555186141683	5.6905932409501531e-08	-1.5652592930980963e-08	-1	
60.446838995393115	4.2221606001577863	6.5994604827349062e-08	-2.0641491136466514e-08	-1	
56.126326853357874	12.250422558425083	1.0194256400210711e-07	-7.368539739147577e-08	-1	
57.149226150880565	10.727972244519705	1.008858343615565e-07	-6.547040355862205e-08	-1	
58.479506699080481	8.829220496206954	9.6584715079055609e-08	-5.3522612939985778e-08	-1	
59.162600504869758	7.5662041555198938	9.1445044253669768e-08	-4.4779911663351559e-08	-1	
58.011974156874778	9.9170419160469194	9.9350413362830377e-08	-6.0523327511866285e-08	-1	
60.129029573977881	6.3240212187919163	8.4295062714460143e-08	-3.5831428463500071e-08	-1	
55.512236301267208	13.272679876250507	1.0180396241171504e-07	-7.8490748729340178e-08	-1	
53.890952782069149	17.858708780640541	9.6746781452708841e-08	-9.3816056812156011e-08	-1	
55.587972564087934	14.462798042025906	1.0103715891035366e-07	-8.3445141073144603e-08	-1	
55.217469031607394	15.766728636187812	9.9694247400011669e-08	-8.8112676836030895e-08	-1	
54.842762779250776	16.992346579499049	9.8018627094078463e-08	-9.1642830119106545e-08	-1	
52.954035979291803	19.500495255357333	9.4170681380920283e-08	-9.6994619537685514e-08	-1	
50.640638474846597	24.94886568190179	8.6922382453609091e-08	-1.0226326307125258e-07	-1	
51.624991420781846	24.197205994891863	8.7706255024355575e-08	-1.0188016937127683e-07	-1	
52.635079549982024	23.480501747314001	8.8491833684313007e-08	-1.0149882518864094e-07	-1	
49.422757929862087	26.547535997376137	8.5637940817343234e-08	-1.0282115206417341e-07	-1	
50.360785928028207	25.998902647767856	8.6007911420003953e-08	-1.0266986146018546e-07	-1	
52.771018277176516	21.808314540869695	9.0688666723996334e-08	-1.0007006519350507e-07	-1	
53.044501494596474	20.668836067219598	9.2369585425145691e-08	-9.8709060774979646e-08	-1	
49.809739112701351	28.868164615989844	8.4578450059213766e-08	-1.0321601559260115e-07	-1	
49.729989764673363	27.669967034635796	8.4991522391111068e-08	-1.0306996917538197e-07	-1	
49.202245178127505	30.566777669063914	8.4457047466695803e-08	-1.0326200127011548e-07	-1	
47.778552957204589	31.580336462642144	8.4684846386188358e-08	-1.0321971125370532e-07	-1	
46.712883550758498	33.815688178358059	8.5857837952659522e-08	-1.0282011722422144e-07	-1	
47.704887724702132	33.218241207608393	8.5446432449844033e-08	-1.029387865426522e-07	-1	
45.340417637181609	36.184039451033108	8.8091635079123682e-08	-1.0183905464127411e-07	-1	
46.435173677027507	34.939917865749315	8.679639735587441e-08	-1.0242225306491857e-07	-1	
44.183148973456724	36.880554803243413	8.8922120887553209e-08	-1.014647464282098e-07	-1	
34.893674904331512	46.066025727396976	1.0210924558021781e-07	-8.2646206479883503e-08	-1	
33.092142202190814	47.691102990616749	1.0292564024930475e-07	-7.5359566781643666e-08	-1	
34.232248604026701	47.028522306278425	1.02597921058305e-07	-7.8380326529083416e-08	-1	
36.007653175198151	45.615474247619638	1.0155499469739763e-07	-8.4247872478404063e-08	-1	
25.792171784868557	51.280113803802195	9.9300275833820915e-08	-5.3521196578978349e-08	-1	
26.933685131199095	51.374372161944372	9.8425691724144879e-08	-5.3055928147491325e-08	-1	
23.822015747689587	53.242642963006901	9.0437293696053634e-08	-3.8980236743647432e-08	-1	
25.344526501450666	52.334415021748995	9.4945914437930858e-08	-4.5991694075575986e-08	-1	
31.664966753563171	48.636662366470993	1.0264733082466817e-07	-7.0316137547581376e-08	-1	
31.381383469095287	49.70563512533468	1.0137285323147074e-07	-6.4057696518948327e-08	-1	
28.065336688066402	51.411703276114096	9.775876396654728e-08	-5.2862367179243774e-08	-1	
30.023105719556124	50.809411827683505	9.9221961597614783e-08	-5.7020582684314779e-08	-1	
29.016013214348142	52.267113576682348	9.386177188301492e-08	-4.685554494499459e-08	-1	
43.356784395084368	38.475232941248358	9.107257571405852e-08	-1.0008481165957118e-07	-1	
42.463428361168297	40.54514049764505	9.4233978645730546e-08	-9.7280334655016523e-08	-1	
41.066834897373518	41.582163233555818	9.5902232564312833e-08	-9.554469639472116e-08	-1	
43.356394616196532	39.924241808350374	9.3257526417130813e-08	-9.8175701046696522e-08	-1	
38.235627751338974	44.705120560740582	1.0041436554477492e-07	-8.7284767532310529e-08	-1	
37.947628679737697	46.172705624806788	1.0176267108992282e-07	-8.1699412676285817e-08	-1	
39.754149425248251	43.973476430979112	9.9463132939425512e-08	-8.952330773093144e-08	-1	
40.580240543781251	43.204708644155104	9.8355419841425822e-08	-9.1608447933132684e-08	-1	
22.880300757228138	53.845351179401476	8.6472010858449752e-08	-3.4236748941388364e-08	-1	
17.2925	60	0	0	-1	
22.333049813250152	55.120423927335537	7.5421002963350865e-08	-2.4804604972032374e-08	-1	
18.850000000000001	60	0	0	-1	
19.395930213888825	59.056299043021284	1.9075131336258699e-08	-2.1557824061596924e-09	-1	
20.484000453172289	58.669621896239065	2.6298267620526994e-08	-3.6096479080703202e-09	-1	
21.682353294064306	57.643998549046728	4.3568691882948854e-08	-8.482960234047091e-09	-1	
22.581965703746192	57.083575987219376	5.1734479585968038e-08	-1.1836446034954399e-08	-1	
23.367671834181152	56.353842551833026	6.1332643268629643e-08	-1.6598048355176813e-08	-1	
60.54260309684441	5.2686301320224009	7.6056874688279766e-08	-2.8126183934906764e-08	-1	
65.575000000000003	0	0	0	-1	
64.99401841595018	1.3424553827121621	2.5922861556644207e-08	-3.9156611397951287e-09	-1	
63.841719228331833	2.36647611217938	4.2381881214331755e-08	-8.9844663457521812e-09	-1	
62.501056215851349	3.8481699167125258	6.1978879302836526e-08	-1.8128522415973632e-08	-1	
61.437447354518078	4.5728232914716314	6.9628636901644812e-08	-2.3165620536590371e-08	-1	
57.172885693046531	12.561989190255893	1.0192732874975895e-07	-7.5267443925984015e-08	-1	
57.050986799536027	13.647115832985572	1.0167891221002515e-07	-8.0305658476393969e-08	-1	
58.241027110482264	12.335200558796412	1.0195856500811701e-07	-7.4283972682070326e-08	-1	
58.456189159116974	11.014591528259018	1.0111394870328612e-07	-6.716095002763022e-08	-1	
59.302984214692827	9.8275218499578489	9.924929172834063e-08	-6.0096828422003855e-08	-1	
59.687905041772112	8.6712236561674452	9.6055339239290402e-08	-5.254352413783628e-08	-1	
60.573342112315885	7.833852322654522	9.2769235775923136e-08	-4.6793372105789843e-08	-1	
61.078777266558546	6.9178477848935334	8.794153560478993e-08	-4.0227600372368481e-08	-1	
61.547584410381795	5.6377771999939563	7.9158510291231497e-08	-3.0885989485854058e-08	-1	
54.070347216667564	19.034285439375569	9.4898686341272851e-08	-9.6189783272517349e-08	-1	
55.007167599674403	18.268864025256487	9.6096924820016175e-08	-9.4771571636596402e-08	-1	
56.670692768530294	15.278411198408431	1.0027319483663832e-07	-8.6603259768896234e-08	-1	
56.096121571340177	16.699741944207979	9.8457872857421482e-08	-9.1024513630023599e-08	-1	
54.093332726377845	20.641894701907493	9.2394721364408842e-08	-9.8777746844983794e-08	-1	
51.836157042069217	25.494113387778587	8.6430566690889361e-08	-1.0250899364033935e-07	-1	
53.279323155894936	25.458604049708082	8.6440169362856741e-08	-1.0257213659020999e-07	-1	
53.740520225145723	22.728748299937813	8.9441222018612435e-08	-1.0096932798864353e-07	-1	
53.905896864865859	24.160574431230675	8.7726266138324808e-08	-1.0197925133622618e-07	-1	
51.225213730440835	26.657431046595157	8.5545544382419948e-08	-1.0286878257899011e-07	-1	
54.482033061580815	21.616412448969093	9.095814502653112e-08	-9.9962852459800095e-08	-1	
50.838981979565609	28.249539912730558	8.4732368859055024e-08	-1.0316986122134804e-07	-1	
50.504713279426063	30.251367491011873	8.4443719326767958e-08	-1.0326268137972336e-07	-1	
50.081784357859526	31.351845415808786	8.463106519035506e-08	-1.0319601130249383e-07	-1	
49.004875151062535	32.21914601125949	8.4926924909279803e-08	-1.0309816872358915e-07	-1	
47.855738174224705	34.59100213487249	8.6493655330092074e-08	-1.02490642365827e-07	-1	
49.480459315577811	33.338764565656604	8.555448544092881e-08	-1.0284917686425351e-07	-1	
49.235426550831981	34.530269894679087	8.6444430648316359e-08	-1.0247552754238851e-07	-1	
46.270289657012341	36.648402758487912	8.8646362203912278e-08	-1.0145512310651509e-07	-1	
45.060713126686963	37.907338886130127	9.0272627470661799e-08	-1.0049945864659503e-07	-1	
47.482619909993367	36.216086771612467	8.8141871598231198e-08	-1.0167952656696903e-07	-1	
36.034740870710564	46.816811203117311	1.0228238855401439e-07	-7.9129671527139618e-08	-1	
35.20690751135529	47.547697541515198	1.0246391219791086e-07	-7.5720571729678914e-08	-1	
32.423203237142765	49.334510066455955	1.0165227251240089e-07	-6.6195449456690154e-08	-1	
33.494579836627018	48.974868011442005	1.0186511255660793e-07	-6.8180226820031236e-08	-1	
34.31126114311553	48.193701019506641	1.024349210358285e-07	-7.2498617187437122e-08	-1	
26.351274208158273	52.20559586099381	9.5088883858906507e-08	-4.7096154043143606e-08	-1	
27.32380243992101	52.267364317106846	9.4372624935319727e-08	-4.6759271892927792e-08	-1	
25.291372745045795	53.868052371378191	8.5353896814359145e-08	-3.472164505240853e-08	-1	
24.317644950926372	55.054105922006045	7.5586024492189544e-08	-2.5824956177923956e-08	-1	
25.914829411322064	53.121920727213919	9.0090759364928867e-08	-4.0333960067437749e-08	-1	
31.324008833004953	50.810094445344134	9.874633109210034e-08	-5.6908433654754468e-08	-1	
32.502404102047009	50.41507474275344	9.9599357980966712e-08	-5.9459107958306442e-08	-1	
30.090490844464863	51.932706017954509	9.5042659808318479e-08	-4.9204088912856139e-08	-1	
31.204026733354116	51.9172553170187	9.4852122864047431e-08	-4.927729322630699e-08	-1	
28.094976693233853	53.145930930309952	8.9317495579454975e-08	-4.038771746359355e-08	-1	
29.242231823409156	53.426250573269463	8.7201373349538989e-08	-3.8335867666514027e-08	-1	
44.482335587720478	39.012165179162032	9.186448817292104e-08	-9.9325988358040398e-08	-1	
42.423116787737534	41.632007045126635	9.5942078017096028e-08	-9.5175250687530883e-08	-1	
43.531704355139681	41.128943398874334	9.5148150395618981e-08	-9.6121084221384638e-08	-1	
41.676412655446747	43.472733172480858	9.8707670142713293e-08	-9.0738270072938472e-08	-1	
42.652890994614452	42.79703273061714	9.7730059690261804e-08	-9.2488915878300372e-08	-1	
44.978770846928761	40.899227622411949	9.4777303950853355e-08	-9.6418559332351694e-08	-1	
39.153918594247244	45.647377085989497	1.0126945290281498e-07	-8.363456058257764e-08	-1	
38.40331062729819	47.225769555095688	1.0208061223919057e-07	-7.6819974424553461e-08	-1	
37.257438281690568	47.285487610821825	1.0219076773581427e-07	-7.6697149586025396e-08	-1	
39.350252470094929	46.708416946139678	1.0191187715284656e-07	-7.9119915115334103e-08	-1	
40.951932868478451	44.631568570048422	1.001644514512501e-07	-8.7101814943988754e-08	-1	
40.445008183998894	45.90074066422892	1.0144387296878977e-07	-8.2498582038786878e-08	-1	
20.407500000000002	60	0	0	-1	
21.625216654371631	58.845808284981665	2.2815122891209162e-08	-3.1889852771921232e-09	-1	
22.610653764809577	58.155500427315907	3.5345198299901643e-08	-5.9230986156281983e-09	-1	
23.782001583251752	57.587805373409822	4.4198550698980508e-08	-9.0828735064811888e-09	-1	
24.783454091915317	56.391598638843149	6.0369112963678793e-08	-1.6631574904353106e-08	-1	
67.132499999999993	0	0	0	-1	
66.353750000000005	0.97752158799251254	1.9161457533709708e-08	-2.6674522978869182e-09	-1	
66.169102346262449	2.2136062377882353	4.0066354343605211e-08	-8.2534582656408844e-09	-1	
65.06400370078687	2.8035604834780936	4.8722483916005936e-08	-1.1554843621537435e-08	-1	
63.980863428592976	3.6570809977938623	5.9600528276341548e-08	-1.6985566830912615e-08	-1	
63.200247350298348	4.9286874228026205	7.314171435579729e-08	-2.5799911984517231e-08	-1	
62.550109518412569	5.6938836918833751	7.9709753961869288e-08	-3.1347885029697171e-08	-1	
57.700175503353485	14.757168566802754	1.0079053478072677e-07	-8.4763323541787032e-08	-1	
58.623236688190985	14.064718834801475	1.0146120259554651e-07	-8.2258033457563209e-08	-1	
59.342588994917989	12.422687829608305	1.0199975147551783e-07	-7.4835264206230883e-08	-1	
59.740000957272485	11.391593100704473	1.0151872211765797e-07	-6.941433050642134e-08	-1	
60.596042594665469	9.7753602011871603	9.9242965080221024e-08	-5.9925629379509308e-08	-1	
61.106032940886813	8.6462202485220487	9.598688160336865e-08	-5.2487237006537915e-08	-1	
61.612843896654695	7.8174598362583225	9.2716557310879214e-08	-4.6763054552079171e-08	-1	
62.066870919544641	6.5740456015502406	8.5914146403451121e-08	-3.7796339099480872e-08	-1	
54.872788664541027	19.939597592140505	9.3476174965582466e-08	-9.7797750181165345e-08	-1	
55.84616620449745	19.719894586900711	9.3815573589035338e-08	-9.7542557670860096e-08	-1	
56.091958218093097	18.609702028641788	9.5563432958633031e-08	-9.555091595817029e-08	-1	
58.096910893133042	15.840741182181493	9.9623947389775074e-08	-8.8633003134319832e-08	-1	
56.931485359571674	17.489919493540079	9.7289150766971307e-08	-9.3111502472939854e-08	-1	
57.983690109643611	17.026154054893524	9.798717548566945e-08	-9.2044232602102182e-08	-1	
55.474878950697452	20.963842545882621	9.1907239057253032e-08	-9.9290854742984398e-08	-1	
52.586127156711925	26.630061998302914	8.5548621435859063e-08	-1.0291432012666607e-07	-1	
53.780668173934352	26.546092995895204	8.559325183750981e-08	-1.0296506864817593e-07	-1	
55.273863713549666	25.198405125154601	8.6667508086158108e-08	-1.026113198967855e-07	-1	
54.716681127356786	22.978790309627051	8.9115361150790592e-08	-1.0124324930403487e-07	-1	
54.939367261381555	23.961552742429639	8.7945540651874e-08	-1.0193640053457453e-07	-1	
51.92548113624909	27.628824167609871	8.5010817164212481e-08	-1.0309277145260785e-07	-1	
55.446944584094581	22.151617823076332	9.0205633308621059e-08	-1.0058682678796054e-07	-1	
51.949558713894639	28.826070719263647	8.4580743548677717e-08	-1.0324771664200738e-07	-1	
51.077863354514662	31.292299943173401	8.4604796695238803e-08	-1.0321577901285156e-07	-1	
52.164617898266457	30.014321417315479	8.4444186393867632e-08	-1.0330236096011796e-07	-1	
50.35926251388301	32.497675424401926	8.5060179508324876e-08	-1.0304095886407245e-07	-1	
48.589542522667983	35.559303638188105	8.7438475669864208e-08	-1.0201110124130479e-07	-1	
50.334755305485501	33.905049655955146	8.5943972478701712e-08	-1.0268968283795876e-07	-1	
49.586956173773849	35.445526329178058	8.7327688310678152e-08	-1.0204965593792344e-07	-1	
50.428199444316796	34.941961858168014	8.6827796746075239e-08	-1.0229499475727494e-07	-1	
46.227072237236342	37.817423941629599	9.0165409022224082e-08	-1.0048656009552578e-07	-1	
47.394877786557572	37.886042240796989	9.0262461312066482e-08	-1.0035464387633407e-07	-1	
45.72802998453772	38.953794081059719	9.1782973948449714e-08	-9.9297818373900204e-08	-1	
48.642970950767911	36.773067217386426	8.8821010261594712e-08	-1.0124916500991321e-07	-1	
36.792853881251595	48.509745699961861	1.0188210581825945e-07	-7.044185392594828e-08	-1	
35.485121424155757	48.877307621205738	1.016818032802766e-07	-6.8519732843750802e-08	-1	
34.079027219604221	49.942138129965365	1.0030003142733625e-07	-6.2292783103411322e-08	-1	
26.926016802550929	53.156967088262732	8.9581065348840352e-08	-4.021402184927891e-08	-1	
26.322734326482262	54.004544217347593	8.3975093073751849e-08	-3.3845269246620915e-08	-1	
25.518674422305772	55.385683021277046	7.1933203900297497e-08	-2.3608177649808736e-08	-1	
32.508346809285896	51.498521779250446	9.6236956097714478e-08	-5.2135195470846348e-08	-1	
33.471434963004967	50.899710675361156	9.8059625999554235e-08	-5.6140567796080955e-08	-1	
30.672462648944805	52.895846408419942	9.00459604831446e-08	-4.2201460015215527e-08	-1	
32.386084936112383	52.862941315353147	8.9963200775351627e-08	-4.2368522290019489e-08	-1	
28.41590630987983	54.270027547139335	8.1221979912823996e-08	-3.2042991078505288e-08	-1	
27.372379674658276	54.113164747140971	8.2760964044775086e-08	-3.3150445581339023e-08	-1	
29.95113049764236	54.525289920915924	7.8917320750994221e-08	-3.0137180963129405e-08	-1	
44.419498907026188	42.048829555910828	9.6578574022686848e-08	-9.4098894601744528e-08	-1	
41.780474805568105	45.355199849301719	1.0094859680127934e-07	-8.448739779438505e-08	-1	
42.763780058088038	44.86201149765833	1.0043157216944075e-07	-8.6182766781549171e-08	-1	
43.784109915100963	43.158176452605893	9.8234449773709969e-08	-9.1373329021787219e-08	-1	
46.229541897488829	41.136816708140472	9.5160629303063881e-08	-9.5858943224407764e-08	-1	
46.700940551418761	39.724394686184162	9.2957771618035043e-08	-9.8186969561488728e-08	-1	
38.369280630742111	48.46141855048085	1.0175157832140353e-07	-7.0474914555818288e-08	-1	
39.404620565232364	47.786098107645259	1.0201120248137433e-07	-7.3928087161349675e-08	-1	
40.549485573029294	47.188128652022989	1.019997059664704e-07	-7.6759686742892119e-08	-1	
42.068289580994154	46.416937399205878	1.0171515046141534e-07	-8.011946632103282e-08	-1	
21.965000000000003	60	0	0	-1	
23.64280457324649	58.792886471595992	2.3950940183005106e-08	-3.3321177368092121e-09	-1	
25.011213308396844	58.340369436167613	3.1765673004378803e-08	-5.4042534863641291e-09	-1	
25.583978220115604	57.285733646806776	4.8373887474927768e-08	-1.1028606615166784e-08	-1	
68.689999999999998	0	0	0	-1	
67.790640814854626	1.4263485943564032	2.7504304288664183e-08	-4.2997496994218935e-09	-1	
67.222861000051807	2.8910143332546969	4.9987621518313588e-08	-1.2180037399196686e-08	-1	
66.275801891287799	3.4617665781815834	5.7437434396721327e-08	-1.5766514674576257e-08	-1	
65.457237913525006	4.1253233107426368	6.5072416073627229e-08	-2.0238887422552594e-08	-1	
64.680042510481798	4.938377178051117	7.3280815627986809e-08	-2.5972904408963832e-08	-1	
63.846902320659787	6.1368965622064513	8.3165008020990621e-08	-3.4711306970378114e-08	-1	
62.995061418004447	6.5109154106573781	8.5577971389942259e-08	-3.7401493367889868e-08	-1	
60.213548626274886	14.407165792868019	1.0118013438301528e-07	-8.3738262354610981e-08	-1	
60.138556852292389	13.18919143548535	1.0193449931550066e-07	-7.8585895019378753e-08	-1	
59.527994642593058	15.416671135530823	1.0016021330303591e-07	-8.7392586314430158e-08	-1	
60.810291736406619	11.591706361943912	1.0176566190026281e-07	-7.0678151027011918e-08	-1	
61.695478405291027	9.4183958828923622	9.8322460716150382e-08	-5.7686807352640919e-08	-1	
61.640184841532445	10.573006314175753	1.0064415854073396e-07	-6.4895107356787818e-08	-1	
62.397197588731132	8.4998248111653574	9.5554653675132451e-08	-5.1616120997865126e-08	-1	
62.594376043549644	7.4747831404273661	9.1067492378205573e-08	-4.4391405900640429e-08	-1	
56.457719503911484	20.50839684293986	9.2597181774901382e-08	-9.8774956958666247e-08	-1	
56.816285489605534	19.486224266867527	9.4182111166503869e-08	-9.7256983249188159e-08	-1	
57.830341397989059	18.20704642816014	9.6200407824213716e-08	-9.4908000390560611e-08	-1	
59.163413002652305	16.864053714620727	9.8264154830173208e-08	-9.1820370610405019e-08	-1	
56.78397856099258	21.456128701245191	9.1184863837213663e-08	-1.0000491893386082e-07	-1	
53.50005946332297	28.196023534130426	8.4742905456804014e-08	-1.032667446034447e-07	-1	
54.811243640593887	27.155923499159513	8.5231608909478571e-08	-1.0318426556700128e-07	-1	
55.495078331303915	26.284109407199434	8.5776301753586969e-08	-1.0302758567129953e-07	-1	
55.933024637740708	24.308418294905767	8.7555982839472696e-08	-1.0224040031638309e-07	-1	
56.794645627876157	25.004247980500427	8.6836442687387261e-08	-1.0270588058579923e-07	-1	
55.693264796309528	23.227175999934992	8.8802941336122978e-08	-1.0151761565049309e-07	-1	
56.630300038279394	22.446595035469134	8.9803387764341873e-08	-1.0098722323587003e-07	-1	
52.970081263388607	29.114644285423473	8.4519151643473906e-08	-1.0331547511357007e-07	-1	
52.057945644307168	31.479803906128744	8.4661702143132817e-08	-1.0322408513987378e-07	-1	
51.364090874993416	32.248225064409091	8.4950996265602496e-08	-1.0309677620400321e-07	-1	
53.369328434442821	30.097162821389631	8.4442411563815297e-08	-1.0336333929390141e-07	-1	
53.149288271719762	31.201682085324816	8.4581383490266503e-08	-1.0330193290811777e-07	-1	
51.128277452444173	33.2563409045475	8.5503974431511691e-08	-1.0287921163843674e-07	-1	
49.540061564254941	36.411574643415399	8.8397577918419517e-08	-1.0147543819017555e-07	-1	
51.268608857990436	34.327445186637789	8.6273843664783547e-08	-1.0256268761186175e-07	-1	
50.407040841302624	35.982861005875584	8.7897558510462032e-08	-1.0175841933938648e-07	-1	
51.848103847841926	35.68095698351042	8.7561287920462903e-08	-1.0196247325023641e-07	-1	
47.480469817117637	38.968500504943506	9.1815854566312034e-08	-9.9164731176819814e-08	-1	
48.824535360530277	38.232969047304735	9.0751620345399683e-08	-9.9973067846366726e-08	-1	
49.960619664162508	37.35043575392092	8.9561076910428693e-08	-1.0076917688455905e-07	-1	
36.405042072360487	49.640110024718929	1.0045657833974689e-07	-6.3842049713677022e-08	-1	
38.411569830271375	49.69681245691924	1.0033634730204931e-07	-6.3327370929635058e-08	-1	
35.341822301391517	50.559620666141548	9.8732183145482662e-08	-5.81999078795587e-08	-1	
26.695316898001558	54.975893260214953	7.5641844894396872e-08	-2.6685962776722978e-08	-1	
26.764123508192487	57.067620393365175	5.1437920132919283e-08	-1.2349489632132912e-08	-1	
33.848573063921279	51.969234112604283	9.4121311066176186e-08	-4.8709048903316796e-08	-1	
34.859659953650535	51.833745356560094	9.4565124880587628e-08	-4.9580039873772461e-08	-1	
31.206997434751287	54.106861229319158	8.1876548679339125e-08	-3.3202855934928689e-08	-1	
32.21127028044652	53.878014918072026	8.3434988424565724e-08	-3.4852639003313357e-08	-1	
33.33734094403902	53.503845078051029	8.5890678074541356e-08	-3.7583592121913502e-08	-1	
27.771106893124692	55.010091332437376	7.4775384147080663e-08	-2.6572098896453422e-08	-1	
29.054046064437824	55.476953904529282	7.0025347670852193e-08	-2.3208324102119562e-08	-1	
30.208721378307246	55.80750353658339	6.6451482109106571e-08	-2.0800709014989262e-08	-1	
31.34664034193732	55.423213838670982	7.0482188835937347e-08	-2.3478929862794651e-08	-1	
45.315869232450169	43.298870184074566	9.8446870142582922e-08	-9.0896437096909919e-08	-1	
46.542605642824498	42.3708620419645	9.7076806328882883e-08	-9.3187773191677227e-08	-1	
43.172650633492204	45.977895136451977	1.0143740727148197e-07	-8.1873080352339323e-08	-1	
44.448150436172369	44.337265308947174	9.9786719290612443e-08	-8.7744227285893443e-08	-1	
44.324376887033601	45.684811394729238	1.0118947581878293e-07	-8.2930163683984873e-08	-1	
47.502154706867124	41.100300520185634	9.5110431653416539e-08	-9.5877344682758831e-08	-1	
48.27521425730049	39.708381011588287	9.2937744532275298e-08	-9.8159814649845107e-08	-1	
39.485646577777182	49.041624599914577	1.0121767551342921e-07	-6.7104983426049124e-08	-1	
40.427970053143923	48.350433523637633	1.0174588116326879e-07	-7.0850245620050026e-08	-1	
41.873263825666577	47.914030213018911	1.0191250599622556e-07	-7.3018383997662562e-08	-1	
42.689752677738468	47.155408876088536	1.0191596742203729e-07	-7.665849851083545e-08	-1	
23.522500000000001	60	0	0	-1	
25.080000000000002	60	0	0	-1	
26.179227931787018	58.822443209490558	2.3243835909460165e-08	-3.3570969941548434e-09	-1	
70.247500000000002	0	0	0	-1	
69.46875	0.98220814973696025	1.926911474576348e-08	-2.7565029544766261e-09	-1	
69.585079711719771	2.230267367114446	4.057930436523886e-08	-8.3979041715583519e-09	-1	
68.328552162363721	2.9022452801108494	5.0359791103657654e-08	-1.2238633181611034e-08	-1	
67.184021832787437	3.996080213493594	6.3816539262628922e-08	-1.9415169165700919e-08	-1	
66.293159911364199	4.8778681261425492	7.3015812411019022e-08	-2.5612607731986708e-08	-1	
65.207616105895085	6.2993464618762225	8.432865172152358e-08	-3.6014064887009899e-08	-1	
63.83049009324408	7.2565751728826156	9.005626031045028e-08	-4.292840929315715e-08	-1	
64.902233911480081	7.3292274661575236	9.0686169170475982e-08	-4.3571226873449866e-08	-1	
61.187362203928899	13.735911383065178	1.017171900056242e-07	-8.1127195869820782e-08	-1	
61.01776721819769	15.324944501387929	1.003406830413169e-07	-8.7291985282921574e-08	-1	
61.089594618429572	12.644111972588933	1.0200374028336966e-07	-7.6062759180828574e-08	-1	
60.395280837451217	16.117798437609512	9.9330856382810279e-08	-8.979246562597775e-08	-1	
61.863534030085283	11.867837381624719	1.0193469406520378e-07	-7.2258809522517652e-08	-1	
63.03824766735687	9.7168547016521334	9.9188533501638417e-08	-5.978332646988825e-08	-1	
62.707870603740581	10.746928955139788	1.0095595769062625e-07	-6.6053456545491907e-08	-1	
63.343924139947866	8.1504528620868673	9.420988465202264e-08	-4.9264549180255966e-08	-1	
63.769568248383344	8.9753213657552653	9.7192525091286977e-08	-5.4973241624979951e-08	-1	
57.510083338572073	20.765178269194848	9.2206185328320063e-08	-9.9276341733886406e-08	-1	
58.602029233202124	19.645484196487928	9.3952733711412906e-08	-9.7758651799193201e-08	-1	
59.459314881660362	18.31216882284097	9.6077859221832913e-08	-9.5354720095697173e-08	-1	
60.622517033083859	17.099872961152048	9.7974451313363263e-08	-9.2645797720425304e-08	-1	
57.59009309626736	22.088358988200333	9.028955655747316e-08	-1.0078395984926334e-07	-1	
54.720388901891575	28.247586984268057	8.4739115507651272e-08	-1.033601502720575e-07	-1	
54.174791799564979	29.197485689497629	8.4496867531454848e-08	-1.0339979325799205e-07	-1	
56.244476300431231	27.653683549897448	8.4969184764313368e-08	-1.0343094462731387e-07	-1	
56.577276092431248	26.521885985040132	8.5604547397912245e-08	-1.0322239702303257e-07	-1	
57.358059840440042	23.425220273820912	8.8549749157990648e-08	-1.0187299953666698e-07	-1	
58.368945422433342	24.48783844526152	8.7381457929133174e-08	-1.0266639202667277e-07	-1	
58.028382551819426	25.914395128088003	8.6064341912583188e-08	-1.0323820838908459e-07	-1	
52.760195463240123	32.21152138534697	8.4921740507211211e-08	-1.0315883376971928e-07	-1	
52.188491317659036	33.04920846744281	8.5354378180330409e-08	-1.029717366463372e-07	-1	
54.151082754101424	30.827080001505021	8.4497856626208044e-08	-1.033991433274267e-07	-1	
54.773558213034761	30.021166798661152	8.4420056867925944e-08	-1.034758154475682e-07	-1	
53.793327204373021	32.125583774273352	8.4863217521577971e-08	-1.032411370451347e-07	-1	
52.538076434901107	34.584741956399377	8.6473995187031538e-08	-1.0251850630178977e-07	-1	
51.173729600024011	36.989783939764138	8.9085306288685615e-08	-1.0109096392579296e-07	-1	
52.776604703398895	36.325368042042705	8.8268736264730899e-08	-1.0161937462899053e-07	-1	
50.268900385836034	38.371350616830881	9.0957565656107469e-08	-9.9795790140370944e-08	-1	
49.803661205813583	39.330963385627776	9.2368763247020548e-08	-9.8649817611642211e-08	-1	
36.728400071652366	50.790571284428644	9.7917974354440555e-08	-5.6503273639604793e-08	-1	
38.296720934370342	51.209900374592031	9.6517838685063888e-08	-5.3524399415414248e-08	-1	
39.634281055940946	50.493270598012039	9.8612353301046898e-08	-5.8173194453943237e-08	-1	
35.867940897200853	51.678750387383481	9.5025324453690292e-08	-5.0549437966480351e-08	-1	
27.707546346432654	55.989591588211525	6.4479612276618859e-08	-1.9601431389873469e-08	-1	
28.17382896812142	57.344129617638977	4.6954113344153845e-08	-1.0849606797893277e-08	-1	
27.416250000000002	58.564703639123138	2.7696993211521035e-08	-4.4532708552593175e-09	-1	
34.564154486709619	52.810131766033734	8.9789104279866082e-08	-4.25778879143371e-08	-1	
35.664764981665833	52.898574824411185	8.9364189115341736e-08	-4.1853499077859091e-08	-1	
32.958822559783563	54.586605189265626	7.7702317038504994e-08	-2.9580956190359512e-08	-1	
34.412364708087004	53.903806991723982	8.2909625828035741e-08	-3.4548531365399664e-08	-1	
29.490869213975614	56.7704294994045	5.4642561447074707e-08	-1.4421835989305364e-08	-1	
30.200699770855977	57.792104516852284	4.012745922524227e-08	-8.3258259396125665e-09	-1	
31.393917492189843	57.440094956963861	4.5302001260980937e-08	-1.0290601168359575e-08	-1	
32.147813900661923	56.492550923503501	5.7975265260538669e-08	-1.6139664398942952e-08	-1	
33.105454837693458	55.751522364151839	6.6484657051378996e-08	-2.1155689463097113e-08	-1	
46.600962808019396	43.722821651584326	9.9021409045104648e-08	-8.9564072972583761e-08	-1	
45.842728821946523	45.144816234461096	1.0072548098348116e-07	-8.4929771858627012e-08	-1	
47.604301200078865	42.618473496709356	9.7454566649251848e-08	-9.2543511303531462e-08	-1	
44.511450350616165	46.752750118696	1.0181103582311148e-07	-7.8385158282570483e-08	-1	
43.628098255214383	47.38138250290303	1.0195842290111572e-07	-7.5526218820769004e-08	-1	
45.591809900977175	46.843924900671617	1.018808466059743e-07	-7.7956760504150295e-08	-1	
48.445913690083273	41.79932486866177	9.6205403855873774e-08	-9.4401174560243019e-08	-1	
49.324755738057831	40.675138733278054	9.4448759167793839e-08	-9.6593913609492933e-08	-1	
41.065183750123232	50.207113662619498	9.9237705792070455e-08	-5.9878268537019426e-08	-1	
41.426366978892823	49.045469245650729	1.0111820331487886e-07	-6.6869391411234711e-08	-1	
42.887968782935161	48.100007668394014	1.0184534938782221e-07	-7.1963595283042288e-08	-1	
26.637500000000003	60	0	0	-1	
71.805000000000007	0	0	0	-1	
71.340616071776452	1.2714927027058904	2.4887436203752472e-08	-3.6968561046831732e-09	-1	
71.574431259276963	2.439162529395928	4.3871431916629566e-08	-9.5822110949335159e-09	-1	
69.982834203542012	3.3026088549809698	5.5842362444708663e-08	-1.4815304985945009e-08	-1	
68.153383420613579	4.2351640025531712	6.6509583218410927e-08	-2.1131077274038499e-08	-1	
69.138766984937163	4.0744089799104994	6.4982700732999857e-08	-2.0016061297953426e-08	-1	
67.53835512693216	5.0216518563152146	7.4336494395820829e-08	-2.674868990186275e-08	-1	
66.959615743879183	5.9394808188146273	8.1724148226022992e-08	-3.3484597170516936e-08	-1	
66.200271461509843	6.6873490959033148	8.7038436558564318e-08	-3.8957508013906546e-08	-1	
64.348183708069953	8.2495217341753033	9.474113312423789e-08	-5.0067941812673089e-08	-1	
65.529683036337147	8.8803311201776491	9.7237504959671654e-08	-5.4558281341840876e-08	-1	
66.25117993401841	7.7519236712475985	9.2897391307988595e-08	-4.6735318159989823e-08	-1	
62.480271290613203	12.732743806695733	1.0212426649943403e-07	-7.671431701941874e-08	-1	
62.368911760214573	13.789165610542097	1.0177805291355627e-07	-8.1542492185686008e-08	-1	
61.379201501693132	16.3369029443515	9.9114209181975315e-08	-9.0639511609531086e-08	-1	
62.822964561721264	15.106183679830227	1.0072547601833359e-07	-8.6800125341848296e-08	-1	
62.84562466916271	11.819880859617124	1.0196504228274064e-07	-7.2121228656602161e-08	-1	
63.789878847335416	10.86887793359165	1.0128765506365155e-07	-6.6948092417623574e-08	-1	
64.422935689155779	9.6346330846928492	9.9195950941440144e-08	-5.944227129224577e-08	-1	
58.964205472825974	20.714113467495842	9.2317211218524194e-08	-9.9386693020830036e-08	-1	
58.563477071742582	21.768891593913015	9.0760099077964938e-08	-1.0058475861045027e-07	-1	
60.114267234228734	19.170294974275528	9.4753751525210282e-08	-9.7124509327226136e-08	-1	
60.027960792330369	20.337862530448398	9.2920045321613188e-08	-9.9069426617100913e-08	-1	
60.527697749840328	18.173089737289747	9.6337899003219496e-08	-9.5191287527938421e-08	-1	
62.234319425404294	17.573996942252414	9.7394669745252486e-08	-9.4107415992116529e-08	-1	
61.55514552011924	18.49733659449441	9.5913009175884948e-08	-9.6096467525339352e-08	-1	
58.71531414440058	23.146187507525163	8.8908852955367453e-08	-1.0187866429232225e-07	-1	
55.714527883027877	28.707664623856502	8.4592037986652878e-08	-1.0350896527122135e-07	-1	
57.263539173076836	28.248017034540105	8.4696161555351601e-08	-1.0366756339311596e-07	-1	
58.167855177741536	27.481335613357601	8.5049978147123849e-08	-1.0367529067464497e-07	-1	
59.366877571183899	25.562630734333126	8.6395226065158552e-08	-1.0333151427728555e-07	-1	
60.268246697761754	24.512468459620536	8.7422642802261552e-08	-1.03023268859446e-07	-1	
59.222104878641424	26.938983876906377	8.5398553364672409e-08	-1.0373035736756256e-07	-1	
53.276853244399867	33.084235550897148	8.5374058271320488e-08	-1.0301411353925406e-07	-1	
55.214758187540518	30.938943661514244	8.4502316457992706e-08	-1.034873713007935e-07	-1	
56.075640730364071	29.960157546880886	8.4400403222437424e-08	-1.0361765776288709e-07	-1	
55.641560052437313	32.269598274680895	8.4928610624298031e-08	-1.0337809391513987e-07	-1	
55.069642641680403	33.544632394496588	8.563705042095945e-08	-1.0304576071903642e-07	-1	
53.728811495740793	34.074938492852588	8.606882881098746e-08	-1.0275787503546442e-07	-1	
53.876514880991152	36.065412175869817	8.7968888562248892e-08	-1.0184372541862531e-07	-1	
54.275419305854768	35.035094398829784	8.6889230534391278e-08	-1.0242438927646987e-07	-1	
52.376836366126192	37.382517382317268	8.9594482228350477e-08	-1.0079237962080255e-07	-1	
51.301915393660707	38.636273538215576	9.1329034721387482e-08	-9.9537155703521061e-08	-1	
53.99133166827896	37.708476940056492	8.9997754218641667e-08	-1.0062511370781054e-07	-1	
50.331215667438549	41.008552288331266	9.496815350581121e-08	-9.597854554726745e-08	-1	
51.233578310799452	40.451894540690077	9.409338389975296e-08	-9.6975286338186135e-08	-1	
36.844948945627365	52.047985254494243	9.3421569021789445e-08	-4.7858128866153523e-08	-1	
37.722430624760705	52.614470043845046	9.0714838645019609e-08	-4.3734047020110493e-08	-1	
39.261585232370173	52.424097798551159	9.1603886718090605e-08	-4.498876305884504e-08	-1	
40.61194438803247	51.661360197129369	9.474299280757278e-08	-5.020727477715833e-08	-1	
29.197157167287497	58.52734699629768	2.8418008195679622e-08	-4.5272002998243051e-09	-1	
28.195	60	0	0	-1	
36.739237439704631	53.087073408259862	8.8105697843881754e-08	-4.0370375616991935e-08	-1	
35.985795760637494	54.225230199241068	8.0535815833769382e-08	-3.2045155130937311e-08	-1	
34.100182518263566	55.127783724353456	7.2648318418090359e-08	-2.5587903727463172e-08	-1	
30.120427385540463	59.020215829207302	1.9229200325408205e-08	-2.7484577794376974e-09	-1	
31.120746764397353	58.712468006063183	2.4657544054953471e-08	-4.0118570586164631e-09	-1	
32.675440475946893	58.380740688419301	3.083785069816821e-08	-5.1031796468000134e-09	-1	
33.283702539358366	56.912022603755901	5.2397463550402493e-08	-1.3435577725937113e-08	-1	
34.467989224006544	57.053157197328034	5.0488555616467373e-08	-1.2547183169676313e-08	-1	
35.018483872077979	55.995135662867391	6.3680960745833382e-08	-1.94091653364049e-08	-1	
47.755025877164854	43.698191497176083	9.8983260612679667e-08	-8.9566003646479905e-08	-1	
47.417366354784448	44.802027653051333	1.0033737484716133e-07	-8.6021108171203829e-08	-1	
46.878170181650781	46.113200715048066	1.0150375562892174e-07	-8.1047783925206828e-08	-1	
48.640417171775574	42.957549567834278	9.7964935916140453e-08	-9.1664278089514967e-08	-1	
44.960859165059993	47.873912051266302	1.0190082176422038e-07	-7.2990994483974575e-08	-1	
43.819331102358916	48.318789068516288	1.0170026712407065e-07	-7.0713554053594015e-08	-1	
46.123081309727212	47.808485021603943	1.0188927163987906e-07	-7.3247123692534049e-08	-1	
47.179734145321589	47.498468374182231	1.0195961056887734e-07	-7.4772249597813321e-08	-1	
50.400463432080151	42.066536662145161	9.6622773223282757e-08	-9.3828644543216316e-08	-1	
42.088337778523702	52.036222117036182	9.3379756066906757e-08	-4.7545263066922294e-08	-1	
42.286077304772704	49.949746384225108	9.9766914829951259e-08	-6.13915884089062e-08	-1	
43.187595751034188	49.087143648996999	1.0107824079821337e-07	-6.6494788541384813e-08	-1	
73.362500000000011	0	0	0	-1	
72.583750000000009	0.73580234221193563	1.4844588063159352e-08	-1.8373126950794363e-09	-1	
72.583750000000009	1.8071830631998456	3.4079924903793095e-08	-6.1867669262027338e-09	-1	
71.103164370087057	3.532794041936377	5.8646400199184638e-08	-1.6403137892580723e-08	-1	
72.747271765909119	3.1903083269740118	5.4781541327217943e-08	-1.4058386873727874e-08	-1	
70.871656457584265	4.8471621188384457	7.3154962590222831e-08	-2.5572974990741072e-08	-1	
68.560245529908784	5.3864658941530656	7.7643746523220823e-08	-2.9483492946706661e-08	-1	
69.934152107128625	5.7970278714621477	8.1441644721818119e-08	-3.2548462574049101e-08	-1	
67.864175338156599	6.6633116116701148	8.7180673709153768e-08	-3.891248101423363e-08	-1	
66.215529289403989	9.9459705771620222	1.0013427592994132e-07	-6.1624596285317014e-08	-1	
67.208999618846718	9.1592118850303539	9.8450075418361807e-08	-5.6638230243122346e-08	-1	
68.197044046206074	7.7729771015753313	9.3265664907873214e-08	-4.7038505587657906e-08	-1	
63.523440266880655	12.532178456732872	1.0227573712906455e-07	-7.5926085455242045e-08	-1	
64.26781647033431	14.043291362894591	1.0186544364372691e-07	-8.2933894044028156e-08	-1	
62.448023809993074	16.447869177285202	9.9035747705369343e-08	-9.109048805087366e-08	-1	
63.945081847587808	15.931746117291503	9.9913291613164622e-08	-8.9795567670839318e-08	-1	
64.534982030749561	15.060754487144507	1.0101209554978978e-07	-8.6929530979230823e-08	-1	
64.356919046892969	11.812700434521579	1.02173183668312e-07	-7.2319624082536427e-08	-1	
65.397846512705684	10.914147943050487	1.0163376502777695e-07	-6.7466616492055416e-08	-1	
59.636331481493137	22.347634465579407	8.9982876284811314e-08	-1.0136571711278157e-07	-1	
61.078494535202324	19.655690470719328	9.405511229236078e-08	-9.8173851146319944e-08	-1	
60.847990321318925	22.21405770151507	9.0234328774709063e-08	-1.0145647621368649e-07	-1	
61.344664808182515	20.879673007265175	9.2198313660787316e-08	-1.0002312860230478e-07	-1	
62.878193701463658	18.64161077537792	9.5826742783595267e-08	-9.6647769489546254e-08	-1	
63.368236795776141	17.406471707760673	9.7783425114462953e-08	-9.390850877925832e-08	-1	
62.379874613997671	19.875689223652351	9.3835005009532361e-08	-9.87991029594148e-08	-1	
60.355865562728503	23.312247457774397	8.8782820339586166e-08	-1.0228293219170257e-07	-1	
57.487615511098276	30.119771949179235	8.4417223325569232e-08	-1.0380084795610953e-07	-1	
58.358400341389078	29.130686845633651	8.450633017474186e-08	-1.0390827006294938e-07	-1	
59.132982022675733	28.169897891634971	8.4795651356694513e-08	-1.0394306951425389e-07	-1	
60.314014743461556	26.90037908436355	8.5457922694827603e-08	-1.0393829324652005e-07	-1	
60.969304465716675	26.026106322117357	8.6105548084620979e-08	-1.0381838986530785e-07	-1	
61.422746818709314	24.896919405860633	8.7110435835364731e-08	-1.0346931726239389e-07	-1	
57.217089406636006	31.409489433562854	8.459691397293676e-08	-1.0369344476518925e-07	-1	
56.697108290702197	33.185359951164997	8.5394699607264533e-08	-1.0332365063510794e-07	-1	
56.312801364224796	34.275117925111026	8.6207667927651846e-08	-1.029325418534351e-07	-1	
55.377233590259856	34.953334111762267	8.6806449782489742e-08	-1.0255917204096562e-07	-1	
55.123232114938432	36.803836074893582	8.8812887503362262e-08	-1.0146456754296836e-07	-1	
52.746889273337025	38.787461573694102	9.1553658833906654e-08	-9.9372737132669313e-08	-1	
52.552192512021669	40.130613798229454	9.3585651602535596e-08	-9.7550836712535827e-08	-1	
54.97172186884162	38.277681026355303	9.0793663711093802e-08	-1.0011112081468414e-07	-1	
53.849865557711581	39.733109843996537	9.2955567909836595e-08	-9.8240015035803725e-08	-1	
51.244250530026612	41.478904958574304	9.570404770812544e-08	-9.5061745375512465e-08	-1	
52.241809508172103	41.723323410879637	9.6084017158751455e-08	-9.4622911301403751e-08	-1	
38.587734421794984	53.293230106983209	8.6743415747136444e-08	-3.8729106479365018e-08	-1	
37.332455711430143	54.002559542118753	8.2105963802330471e-08	-3.3594896508034656e-08	-1	
39.770884146957457	53.514753869508212	8.5326007909533925e-08	-3.7028899842564959e-08	-1	
41.078802664394182	52.917457316414506	8.8971127793259332e-08	-4.1292039275840414e-08	-1	
29.752500000000001	60	0	0	-1	
36.820302694340036	55.088655342250838	7.2879772983333421e-08	-2.5693322445659739e-08	-1	
31.310000000000002	60	0	0	-1	
32.8675	60	0	0	-1	
33.6106156463538	59.090839733768043	1.7918276093046861e-08	-2.4141414109125436e-09	-1	
34.425133456792395	58.245053714712931	3.2760280323323428e-08	-5.8955343200308402e-09	-1	
35.684659547991878	57.013974194622193	5.1066847730824154e-08	-1.2690863927827859e-08	-1	
37.016194417683991	56.273362577269012	6.0452018483426932e-08	-1.7364656769651352e-08	-1	
49.385395018152174	44.747660218298968	1.0029773262182626e-07	-8.6210384239288481e-08	-1	
48.434864383954313	45.986909149127449	1.0142018742886318e-07	-8.1526768204883233e-08	-1	
47.733124790132798	46.681097641477102	1.0177330609614854e-07	-7.8544315087996277e-08	-1	
49.814476395513978	43.519020979654201	9.8739490181021342e-08	-9.005143994502838e-08	-1	
44.453605123938267	49.035027532040417	1.0110236954077172e-07	-6.6706293037479242e-08	-1	
45.703422876478115	48.826577520373675	1.0126732487053185e-07	-6.7798859447667224e-08	-1	
46.89838934666394	48.495282550494551	1.0156267886665311e-07	-6.9593832828911227e-08	-1	
48.233445268999496	47.531988667915911	1.0190800387499095e-07	-7.4535908545741022e-08	-1	
48.329029678226831	48.502385561403841	1.0155293001800521e-07	-6.9514722826506237e-08	-1	
51.546003559815077	42.405249517135196	9.7127177713281469e-08	-9.3010924156018387e-08	-1	
51.258456524332075	43.336101725891695	9.8491508522655163e-08	-9.0596924094967338e-08	-1	
42.663555365091952	53.012577055375175	8.8458198313786003e-08	-4.0521389046679652e-08	-1	
43.343797889090865	51.954191891213561	9.3779340251573005e-08	-4.8065948807738214e-08	-1	
44.120083092297158	50.964095769386596	9.7182070102003697e-08	-5.4742436316791548e-08	-1	
74.920000000000002	0	0	0	-1	
73.78404411650088	1.2261523966683292	2.4287154472550791e-08	-3.4353136002077349e-09	-1	
74.130091703475131	3.0242243618048028	5.2740828860388758e-08	-1.2895579196774235e-08	-1	
72.182879366229741	4.5984577984619426	7.105472532352142e-08	-2.3746594012577708e-08	-1	
74.46421588853498	4.1245959479149903	6.6432567403054064e-08	-2.020257442489937e-08	-1	
73.659541724414993	4.9461530598423096	7.5041495789159182e-08	-2.6115351698989616e-08	-1	
71.295645993477123	6.2032187073138756	8.486796043380266e-08	-3.5584587667480254e-08	-1	
69.019824486028426	6.7447617394061776	8.7890150473606286e-08	-3.9574211654555819e-08	-1	
70.297077816042417	7.0654148449939242	9.0105510949518437e-08	-4.1976866257124173e-08	-1	
67.080280944759437	10.7417674289084	1.0171247658724451e-07	-6.6635952056173835e-08	-1	
68.285103221870088	8.8809753488944168	9.7719320154966e-08	-5.4822019559818146e-08	-1	
68.255217236336421	10.717013329757631	1.0201484177866085e-07	-6.6640089972963359e-08	-1	
69.107224413077205	8.2581380986516617	9.5668611499881232e-08	-5.0555724200544584e-08	-1	
65.207818519427576	12.511489092712456	1.0256026738691078e-07	-7.6107751507021037e-08	-1	
65.349219808417146	14.303144116065658	1.0186598657069259e-07	-8.4175398337210141e-08	-1	
64.921710377645695	16.533555964465791	9.9312291703079942e-08	-9.1875887172761404e-08	-1	
65.476690517084677	15.529576172484267	1.0068127513881923e-07	-8.874295209184913e-08	-1	
66.894126600363677	11.902127120879825	1.0269440456901137e-07	-7.3147353932838268e-08	-1	
62.227499798365585	21.996754221080021	9.0665477859148967e-08	-1.0151778699873443e-07	-1	
61.94245357437876	23.363873765985151	8.8842245910985163e-08	-1.0265636579233782e-07	-1	
63.239036088366667	21.033913874043407	9.2182338695792587e-08	-1.0063672400645495e-07	-1	
63.81865972251056	19.778015320612873	9.418590181480863e-08	-9.8945767177076598e-08	-1	
64.194769253777764	18.446930667310525	9.6336862642436109e-08	-9.6554416927215726e-08	-1	
58.755239890868687	30.479888589355753	8.4450027572061314e-08	-1.0399791474738834e-07	-1	
59.761080868313101	29.232246250328934	8.4519771493429205e-08	-1.0417225035770038e-07	-1	
61.067803198020393	27.691302878842254	8.5060757537495955e-08	-1.0427169130577195e-07	-1	
62.038151168340519	26.777402514948889	8.5660849413132892e-08	-1.0429459802254874e-07	-1	
62.635064560832596	24.792235350408095	8.7343812126189365e-08	-1.0369403016575768e-07	-1	
58.018011188297336	32.118961034917795	8.4862643574280251e-08	-1.037199304545774e-07	-1	
57.798574683154911	33.166182727626449	8.541304980530574e-08	-1.034742505895484e-07	-1	
57.752480914907345	34.689625394702659	8.6559311894004806e-08	-1.0297214974129986e-07	-1	
56.615964456580215	35.390176845056949	8.7231547018390747e-08	-1.0248825950021034e-07	-1	
55.90780035567159	37.638216169062368	8.9912848006190418e-08	-1.0082282608375448e-07	-1	
56.568697774320093	36.702827443485674	8.8707171178964866e-08	-1.0167412860541091e-07	-1	
53.488756565228925	40.871163824723531	9.4741098807745057e-08	-9.6331021604381924e-08	-1	
55.013745694725507	39.470155702045638	9.2558506597834355e-08	-9.865520553612803e-08	-1	
55.987639593916327	38.78074107555183	9.1522684811709169e-08	-9.9638982429338539e-08	-1	
55.494263840595053	40.881201510164956	9.4749763301942244e-08	-9.6441760022314911e-08	-1	
53.838455693246274	42.012775443166639	9.6525964429341587e-08	-9.4033706412286378e-08	-1	
52.803722092018965	43.172113294978317	9.8269330799323907e-08	-9.1144599644311693e-08	-1	
38.722730567853247	54.384670405406666	7.8961657202797504e-08	-3.0705660424959157e-08	-1	
38.051619920313961	55.493605639193227	6.9080234500528639e-08	-2.2698825753360775e-08	-1	
40.749022582655648	54.216295921081148	8.0201861446277286e-08	-3.1829561632221021e-08	-1	
39.77168407842408	54.731406281038666	7.6078775397964607e-08	-2.8112740306190309e-08	-1	
41.854058300266971	53.805583196307317	8.3447813236688273e-08	-3.4759481160272826e-08	-1	
34.424999999999997	60	0	0	-1	
35.203749999999999	59.122586073169842	1.7405540102479306e-08	-2.2202322587922775e-09	-1	
36.403226671563182	57.996564278986014	3.6770602834476912e-08	-7.0591165960112057e-09	-1	
37.886951963963831	56.927119180219648	5.2205795838552521e-08	-1.3121450733450835e-08	-1	
50.53796899640313	44.600789745886118	1.0013143271889776e-07	-8.6707411462470598e-08	-1	
49.807142247908246	46.055312636640714	1.0148329329970797e-07	-8.124700470725708e-08	-1	
49.077197676359887	46.899918563158444	1.0186916719088044e-07	-7.7550494407468384e-08	-1	
45.253500115016799	49.979978542015651	9.9548582790305105e-08	-6.0968820349318456e-08	-1	
46.389348447201876	49.758600043996431	1.0000040146352624e-07	-6.2302063874751228e-08	-1	
47.652837464962609	49.204931361262609	1.0086242981143184e-07	-6.5571146475112333e-08	-1	
49.171963161833091	48.012212477285829	1.0182012423213692e-07	-7.2108694006821357e-08	-1	
49.343267314646141	49.276666364000839	1.0074227288709358e-07	-6.5117279840069138e-08	-1	
51.693184908879992	44.725183903981581	1.0028051270181194e-07	-8.6322056214505815e-08	-1	
44.074271879894184	53.171474633292682	8.7447496730565389e-08	-3.9299397837944473e-08	-1	
43.222408495310191	54.392720323940033	7.8981061394815656e-08	-3.0419393823841197e-08	-1	
44.519394942908235	52.076547763086765	9.3175258594761702e-08	-4.71310771962731e-08	-1	
46.103637138365983	50.87999601381091	9.74554011648145e-08	-5.5204430283251881e-08	-1	
76.477499999999992	0	0	0	-1	
75.080501247078416	1.244808510589148	2.4321270549846604e-08	-3.7086900593855043e-09	-1	
76.327662505774001	1.1037493983072255	2.205028198719712e-08	-2.9515949680359069e-09	-1	
74.892020562621781	2.2876595639304194	4.1757510694127445e-08	-8.6935068848248488e-09	-1	
75.148502761311335	3.3159008632486353	5.6736671434974611e-08	-1.4697690541614817e-08	-1	
72.669536322184882	5.8411662768876464	8.2340898811579877e-08	-3.2842211861363787e-08	-1	
74.755142100905957	5.2143912805122588	7.7595317346796914e-08	-2.796191299652752e-08	-1	
75.571287073950572	4.4358032566066088	7.0259572238772226e-08	-2.219955973471504e-08	-1	
74.350243048650853	6.7052083340020916	8.919427795937094e-08	-3.9037689451948424e-08	-1	
72.363655768228853	7.1402415025163251	9.114954045814697e-08	-4.2495572875102185e-08	-1	
71.308663680171065	7.7022291648576102	9.3771090186616494e-08	-4.6622531355537606e-08	-1	
70.327066308269139	8.3843618777248228	9.6469525889555299e-08	-5.1481894957139028e-08	-1	
68.256790967586682	11.917417005977903	1.0311001128915173e-07	-7.3435665683256466e-08	-1	
69.327901450999875	9.2656653381124343	9.9177508034810664e-08	-5.7485042150974221e-08	-1	
70.031370795650787	10.397105607163125	1.0195730864096121e-07	-6.4765485173154641e-08	-1	
70.029078441164643	11.841424467893024	1.0365802098423503e-07	-7.3163496279563056e-08	-1	
66.376472660910352	13.876871656256393	1.0236422927269334e-07	-8.254082579801049e-08	-1	
67.092945443266359	13.009465365704855	1.0290780049769045e-07	-7.8771214747170496e-08	-1	
67.133766974767894	14.785915517146234	1.019210871088766e-07	-8.6425744693559121e-08	-1	
65.752277787135043	17.324843621499017	9.8357602041084776e-08	-9.4165583960955418e-08	-1	
66.213422257000047	16.335268321742554	9.9875955730288391e-08	-9.151577339364728e-08	-1	
63.068106710293584	22.885297897135779	8.9592221639279608e-08	-1.0252738496178497e-07	-1	
63.865202194600634	22.025307332580624	9.0860852222464668e-08	-1.0192073340237016e-07	-1	
63.471554629024638	23.9795539920556	8.8339743780773891e-08	-1.0341836399398754e-07	-1	
64.828049458841974	20.723730443657786	9.2933073194461429e-08	-1.0061302987985777e-07	-1	
65.928959541806591	19.536643993030911	9.5014123096428602e-08	-9.9016518975317111e-08	-1	
66.114005102257252	18.408905310376539	9.6818365276608801e-08	-9.6821265850055094e-08	-1	
59.803641340348754	30.834281232549589	8.4548604234454926e-08	-1.041726595984637e-07	-1	
59.122886113804682	31.630583101910688	8.4724987281581312e-08	-1.0396831786463325e-07	-1	
60.967181630249009	29.272844424621915	8.4611963916538712e-08	-1.0441697831709414e-07	-1	
60.784285798595732	30.465688242756606	8.456191402060436e-08	-1.0438863496003251e-07	-1	
62.61464810044599	28.948226510043497	8.4819949658340385e-08	-1.0478561469800159e-07	-1	
62.849601770780559	27.801329837991258	8.522137872823933e-08	-1.0470418424943716e-07	-1	
63.344096548777046	26.740174751256813	8.5871613206043096e-08	-1.04594715366396e-07	-1	
63.850266354966791	25.206199465600339	8.7168074448939275e-08	-1.0417234400605498e-07	-1	
58.839250864394479	32.8048116366326	8.5220700186165377e-08	-1.03727494543539e-07	-1	
58.599667248461529	33.922388176837124	8.5955031534081998e-08	-1.0338000763801023e-07	-1	
59.05790196526619	34.969478706139142	8.6858665931306081e-08	-1.0305341578590017e-07	-1	
57.766071156091634	36.024637492021071	8.7917182085686545e-08	-1.0229176908181827e-07	-1	
57.5502247624784	38.097496151898312	9.0540879311037077e-08	-1.006113979385034e-07	-1	
58.528291586446571	37.170353268813933	8.9318352835499031e-08	-1.0158634248608114e-07	-1	
55.007397813321262	41.946022220124433	9.6419702251914127e-08	-9.4281457647968067e-08	-1	
56.051818830740544	39.903990662217119	9.3225209572351141e-08	-9.8117201449090257e-08	-1	
57.135991678915744	39.278585855918891	9.2269110629961477e-08	-9.9165053046512758e-08	-1	
56.196669973265244	41.846076169506411	9.6261491801518676e-08	-9.4589385341447419e-08	-1	
57.340070389609608	41.286676284505475	9.5396405655959589e-08	-9.5910290096449679e-08	-1	
54.546459186360764	43.022320159845457	9.8037504130638919e-08	-9.1601397241988748e-08	-1	
53.078567827127344	44.240372407774267	9.9665978616367744e-08	-8.790551595530502e-08	-1	
54.180875983216183	44.199944209708136	9.9654945540935027e-08	-8.8170411790185188e-08	-1	
38.824532997763214	56.373442193733375	5.9130624778437117e-08	-1.6663946110146221e-08	-1	
39.863169973655069	55.832387464239801	6.5316646355438478e-08	-2.0276456250709932e-08	-1	
40.832337196499012	55.312798056689481	7.0741129608563516e-08	-2.3872754418959604e-08	-1	
41.89312299841113	55.602611342677513	6.7988107724819279e-08	-2.1741793281962492e-08	-1	
35.982500000000002	60	0	0	-1	
36.761250000000004	59.117644805781339	1.7238035337781602e-08	-2.3755995076436669e-09	-1	
37.743508496799073	58.292075719563528	3.1921810244411289e-08	-5.5745792571191161e-09	-1	
38.830300535549569	57.453883947307077	4.4822572537877694e-08	-9.9679439788601775e-09	-1	
50.957533094525935	45.684285790444846	1.0116405209570781e-07	-8.2690009695754611e-08	-1	
50.897355982620475	46.891530063896795	1.018579129559468e-07	-7.757755198817506e-08	-1	
49.989519635715894	47.382374219994119	1.0198462066916374e-07	-7.5307101506697342e-08	-1	
47.261398034873729	50.577877436059786	9.8237176650541908e-08	-5.7135030176953155e-08	-1	
48.430503161473709	50.832591258736208	9.7655116148654144e-08	-5.5506061878498094e-08	-1	
50.590733101724624	49.008304938925704	1.0116467936495868e-07	-6.6725371599298236e-08	-1	
49.504016313911542	50.416661147088625	9.8620819199571906e-08	-5.8135520343617091e-08	-1	
52.882714075947042	45.325894871073601	1.0085826141688959e-07	-8.4130360351948101e-08	-1	
52.021022918845844	46.342419172338197	1.01626029471172e-07	-8.0031431535618795e-08	-1	
44.235788808003669	54.34034089695546	7.9329745343708432e-08	-3.0763846630227758e-08	-1	
45.025721678652751	53.703403441317889	8.4202868162308957e-08	-3.5397427192891137e-08	-1	
43.086201851032556	55.578249074637846	6.7873633010119842e-08	-2.195332733554423e-08	-1	
44.27830779428966	55.524266774505477	6.860013376516688e-08	-2.2250774199472503e-08	-1	
45.957531081263326	52.106394365849823	9.2936853627795783e-08	-4.6829886403426156e-08	-1	
47.558202825721878	52.025961241629126	9.336616359256572e-08	-4.7386690146067278e-08	-1	
78.034999999999997	0	0	0	-1	
77.256249999999994	0.66776294893442889	1.3732581279634502e-08	-1.4910811593569642e-09	-1	
75.948716174387656	2.1511813468691887	3.9933822474008275e-08	-7.7844214464681951e-09	-1	
77.104239186285383	1.9022747067511192	3.6334555385735993e-08	-6.2561192817080546e-09	-1	
76.206612882710232	3.3672743506790392	5.7650601486848452e-08	-1.4868303393576458e-08	-1	
73.457110946885777	7.3801144983313103	9.2867130108666746e-08	-4.4125849641370802e-08	-1	
76.173669544742722	6.2087613678509923	8.6688153475393166e-08	-3.4954733308439413e-08	-1	
76.676202875993269	4.5183078620449404	7.1382845637129585e-08	-2.2541715186124802e-08	-1	
75.496125306898293	7.3170766772004336	9.3328919279043634e-08	-4.3237692643150847e-08	-1	
74.44390149286491	7.9087237114737663	9.5983036148843017e-08	-4.7799449646032496e-08	-1	
73.538611655110813	8.4133305282081619	9.7804917031325328e-08	-5.1534042410200001e-08	-1	
72.635768830939469	8.9223025949053216	9.9396071932914404e-08	-5.5177487627673514e-08	-1	
71.421246845272421	8.9115694334992206	9.8712195162259269e-08	-5.5114201577725519e-08	-1	
70.626967062813705	9.5613928097748495	1.003813283689199e-07	-5.9480806525259252e-08	-1	
68.212838123272675	13.117016776730592	1.0321924313132376e-07	-7.9439199550695024e-08	-1	
69.224879841503849	12.627188373892228	1.0364024953613777e-07	-7.7210278164390213e-08	-1	
70.990076980979524	10.763211115711334	1.0296829068830489e-07	-6.7045024182795398e-08	-1	
70.284665797992758	13.002706722440468	1.0401561004932626e-07	-7.9070525051263259e-08	-1	
71.338245203825537	12.451461035561886	1.0451047426923542e-07	-7.6407471022683269e-08	-1	
67.240201778472539	15.964273294471454	1.0063410626867436e-07	-9.0520431338198651e-08	-1	
68.273514418751546	15.103454778900126	1.0192778699732377e-07	-8.7690464879030056e-08	-1	
68.802196266476386	14.093160358201787	1.0298418254540382e-07	-8.384498590645823e-08	-1	
67.112097528129638	17.852265476000941	9.7975055168724771e-08	-9.5818015113155574e-08	-1	
64.267186246106576	23.126830734311817	8.9485465197095769e-08	-1.0301748659937651e-07	-1	
65.3416668438106	22.110604884471858	9.1054523238203182e-08	-1.0237353514046805e-07	-1	
64.97215617573373	24.582144244331108	8.7992530104466123e-08	-1.0416301849121717e-07	-1	
66.134274721751694	20.831092410830088	9.3101458011192218e-08	-1.0105774204729674e-07	-1	
66.950874453553212	18.934432761619245	9.6261792760362424e-08	-9.8101516784247178e-08	-1	
67.239667497077107	19.879487252725642	9.4897378217855419e-08	-9.9883955638618669e-08	-1	
60.586398727129755	31.530567968783178	8.4762924393612298e-08	-1.0426680182629444e-07	-1	
60.063704213943907	32.479208348400881	8.5109821389557333e-08	-1.0401888076050071e-07	-1	
61.936042024951483	29.992314226125263	8.4645488858133921e-08	-1.0465790475692389e-07	-1	
61.971103158025727	31.237061622795952	8.4785711385056042e-08	-1.0461311074059063e-07	-1	
63.998865845365231	28.971511744294613	8.5033712451192104e-08	-1.0514431430687451e-07	-1	
63.487139380823457	30.25787755267535	8.4841455904323087e-08	-1.0504761890890964e-07	-1	
64.019350738726885	27.753763510019791	8.5430990876028985e-08	-1.0500246757707933e-07	-1	
65.307087337847165	26.164149658597612	8.6668732481061378e-08	-1.0494271755739032e-07	-1	
60.350654980556087	33.713292123543724	8.5861621785999187e-08	-1.0377410144819691e-07	-1	
60.049838620414782	34.637757767868379	8.6593451648646431e-08	-1.0338438478454245e-07	-1	
59.136217168584295	36.152483219728303	8.8108453919146089e-08	-1.0241380541295137e-07	-1	
60.562152093990854	35.46399146051089	8.7406252835361425e-08	-1.0310300570956428e-07	-1	
59.237071929141869	39.352294044498294	9.242447462507603e-08	-9.9359418971911786e-08	-1	
59.421576111909857	38.179437702530478	9.0712785431433625e-08	-1.0078313032609555e-07	-1	
59.873016049138847	37.081332163236688	8.925307472872529e-08	-1.0188311105989824e-07	-1	
56.021760143422981	43.026654008903925	9.8044625715495803e-08	-9.1723700158538235e-08	-1	
58.586380209259005	40.611539244833544	9.4359914016851242e-08	-9.7320261859565032e-08	-1	
57.278780637892851	42.609643385376337	9.7428732991763388e-08	-9.2899374643842406e-08	-1	
58.267036256061253	41.9925235417926	9.652213943000645e-08	-9.4540524450696603e-08	-1	
55.330973999673532	43.973627675283694	9.9341684854337292e-08	-8.8914771735861463e-08	-1	
54.077894404702796	45.915282084239237	1.013831320925124e-07	-8.1927555373188864e-08	-1	
55.466684003649931	45.137898870510014	1.0070273206417895e-07	-8.501549325005196e-08	-1	
39.807590969512887	56.99313341280785	5.1304288454802926e-08	-1.2643937737053593e-08	-1	
40.962956414080715	56.466751191673524	5.7985155594101973e-08	-1.5976689212759339e-08	-1	
41.930275652123136	57.197313953493676	4.8651809381419379e-08	-1.1298392797377372e-08	-1	
43.134953423566316	57.062481004123207	5.0514593989882597e-08	-1.2090588244152108e-08	-1	
37.539999999999999	60	0	0	-1	
38.796749704466833	58.847761667758256	2.2218590251344755e-08	-3.270813884179314e-09	-1	
39.95574935008117	58.574222390841086	2.7303354686823002e-08	-4.1744488221436587e-09	-1	
50.894794147428229	47.971754154332018	1.0181131038114187e-07	-7.2297401043518582e-08	-1	
52.628293386213315	47.435750199181243	1.0197469143562393e-07	-7.5090070367881346e-08	-1	
49.345604525384559	51.52406507488957	9.5339143769585185e-08	-5.0830901233813789e-08	-1	
52.130536553257954	48.897117838071779	1.0125249765771583e-07	-6.7363928400150683e-08	-1	
51.447957569739174	50.16202307014153	9.9265157381167787e-08	-5.9790390839804613e-08	-1	
50.397337377418701	51.142888262890999	9.6618022749077649e-08	-5.340609016879581e-08	-1	
45.167759783160783	54.741730189277327	7.6128036122579885e-08	-2.7791375702524849e-08	-1	
46.052628715103999	53.337798579682051	8.6315567961329847e-08	-3.8000363206155083e-08	-1	
46.094473425013518	54.252343752333772	8.0008245151344538e-08	-3.1336848853806315e-08	-1	
44.96413770800325	56.490251079338094	5.7708087291480085e-08	-1.5713360083676511e-08	-1	
44.175820240659206	57.180014366989823	4.8821633574856754e-08	-1.1397778761571177e-08	-1	
46.947472925328789	52.844916568071348	8.9259551544668581e-08	-4.1557484502682127e-08	-1	
47.944802577866319	53.066304016025398	8.8055467674279178e-08	-3.9946525029796817e-08	-1	
48.934770644481809	52.564571334532282	9.0834877896237074e-08	-4.3550302362059641e-08	-1	
79.592500000000001	0	0	0	-1	
78.118123749786321	1.2946349792689711	2.5656434321975389e-08	-3.5494108643521022e-09	-1	
78.064996955425272	2.590847473826182	4.7059115409759016e-08	-9.82454932201957e-09	-1	
77.440077430088166	3.7157235330623086	6.259249934019627e-08	-1.6800328554708606e-08	-1	
77.074582073825368	5.5522033859044999	8.1337931275422396e-08	-2.9841161453363583e-08	-1	
77.633436626144245	6.5167723871004846	8.9094013228759999e-08	-3.6621486790447749e-08	-1	
77.526325515140456	7.725915772831347	9.6614268696037426e-08	-4.5425995694249698e-08	-1	
76.424339098048634	8.2258385696083653	9.8591378101075311e-08	-4.9460204402142596e-08	-1	
78.18311881810574	5.4344831442464496	8.1046039005396281e-08	-2.8515694147996125e-08	-1	
74.428073501541803	9.1157741009248685	1.0090572891764378e-07	-5.6241825522426545e-08	-1	
73.492269469783992	9.38636851564209	1.0121145277202044e-07	-5.8201864983023283e-08	-1	
72.613128372882016	9.9865195655698198	1.0220887494817513e-07	-6.2146511055214233e-08	-1	
71.585673248142442	9.9274983183230603	1.0165310106607049e-07	-6.1849737868149823e-08	-1	
69.941447867408655	14.141171839966139	1.0344965979397034e-07	-8.419942331570179e-08	-1	
72.011296428920986	10.864510831027207	1.0358266254481604e-07	-6.7633399790217086e-08	-1	
71.450198602314202	13.947894478116764	1.0429705151893374e-07	-8.3393275209300097e-08	-1	
72.327247771285414	13.03466602228632	1.0503284069644367e-07	-7.9183037167600242e-08	-1	
73.13847765632346	12.222163586226184	1.0540047674203538e-07	-7.5110414359954627e-08	-1	
68.234794151600425	16.447792634583188	1.0035662130514908e-07	-9.2186477615654726e-08	-1	
69.255567725806955	16.02232083628407	1.0135464262828492e-07	-9.1094316229500152e-08	-1	
68.530699041332042	17.513365361889576	9.8994220737697693e-08	-9.5219372284055291e-08	-1	
67.931177178346516	19.059076176651811	9.6423178509457985e-08	-9.8568205970869656e-08	-1	
66.066687890322243	23.482391851294604	8.9489346839700765e-08	-1.0375045771088656e-07	-1	
66.695067573712876	22.063732634381854	9.1513486177607797e-08	-1.0264384530956493e-07	-1	
65.959293568515506	25.199611747363946	8.7662755452853281e-08	-1.0473128605800738e-07	-1	
67.440904400985374	20.933414992914383	9.3382163310411414e-08	-1.0149549132636321e-07	-1	
68.277711627099407	20.151009548606091	9.489268036244498e-08	-1.0055897535268795e-07	-1	
61.13165807155454	32.466420719633042	8.516292328595895e-08	-1.0424854106363622e-07	-1	
63.091289686443822	31.780943508982212	8.5098891489313187e-08	-1.0482785678454938e-07	-1	
62.18612317396952	32.636103698225149	8.5348745239925292e-08	-1.044587271530061e-07	-1	
64.560778769073252	30.514109416074316	8.5083145304385344e-08	-1.0532462390286016e-07	-1	
65.151014956684534	28.203948461711622	8.5507516867910964e-08	-1.0537741350822514e-07	-1	
65.586263291160392	30.105774016210383	8.5308710127087811e-08	-1.0561739728214017e-07	-1	
64.322079439922589	31.591782341448866	8.5245780862414805e-08	-1.0517668379881761e-07	-1	
65.821840030699363	27.229405480808932	8.614798045805884e-08	-1.053724995662584e-07	-1	
67.012927468642346	26.321113658281075	8.7091458699556242e-08	-1.054546053906194e-07	-1	
61.45086873019676	33.485632925625559	8.5791108172187251e-08	-1.0407305497036336e-07	-1	
61.014997712862566	34.521159584646554	8.6554531944520764e-08	-1.0362514149132813e-07	-1	
61.606730680556524	35.383628827936583	8.7427757421019936e-08	-1.0334760196845572e-07	-1	
61.83479126300346	36.406170243704068	8.8576053620364845e-08	-1.027718857595114e-07	-1	
61.135074126004596	37.179162274184392	8.9454403911034473e-08	-1.0205402135423245e-07	-1	
60.182087276307968	40.638352355919935	9.4462676252211464e-08	-9.7541683452834417e-08	-1	
60.640474447686486	39.311287408617332	9.2430412592464355e-08	-9.9655211611479185e-08	-1	
60.604399373067004	38.076661609889214	9.063274580977205e-08	-1.0109642663574664e-07	-1	
57.689614737713697	43.630634928574587	9.8903437992165577e-08	-9.0186519987263514e-08	-1	
56.885866530633272	44.382430917173181	9.9850726640029077e-08	-8.7741012994418356e-08	-1	
59.430900002933789	42.04644243367661	9.6643516416658941e-08	-9.4594694589832832e-08	-1	
58.763087505797316	43.873255218412098	9.9262978507471911e-08	-8.9614915614229881e-08	-1	
55.015855517331694	46.66427198579202	1.0176692477763731e-07	-7.8748139258242015e-08	-1	
53.983358373183904	47.276404788996324	1.0192707867317282e-07	-7.5865711659186566e-08	-1	
56.614504699408975	45.583399751570099	1.0107813547932243e-07	-8.3375909822145074e-08	-1	
56.213286179113901	46.747438876174726	1.0179331324455392e-07	-7.8455572416499832e-08	-1	
40.825077138242705	57.695274496269647	4.1082224861301729e-08	-8.6689982656849508e-09	-1	
41.141116004346081	58.877234743492224	2.1831043210297064e-08	-3.0541165421327178e-09	-1	
42.690032237048797	58.536360839198295	2.7796755566318207e-08	-4.4248609750720547e-09	-1	
43.493548780787471	57.974824707483904	3.6845934034890084e-08	-7.1342848591961724e-09	-1	
39.097499999999997	60	0	0	-1	
40.655000000000001	60	0	0	-1	
53.437204954493843	48.526728155935366	1.0149118144994201e-07	-6.940116455944799e-08	-1	
50.946165523753031	52.226082273960763	9.2364849597311119e-08	-4.5947325233066948e-08	-1	
52.54179971182765	49.935669353915507	9.9686258042624914e-08	-6.1196646509766955e-08	-1	
53.493641830418781	49.551587675007482	1.0036847340140768e-07	-6.3563586523361508e-08	-1	
51.518027948012737	51.154870358630298	9.6560157459907232e-08	-5.3323024773822984e-08	-1	
52.496496787425016	50.972512670363322	9.7172260201891039e-08	-5.4566129684736099e-08	-1	
46.125449327634144	55.167321536777095	7.2091412704217732e-08	-2.4726599189750473e-08	-1	
46.903479657512115	53.823796475657787	8.3165253072551199e-08	-3.4448439933080314e-08	-1	
47.055905101414822	54.809105234492094	7.5342829189860533e-08	-2.7284049928105975e-08	-1	
45.138921608768833	57.485366542030732	4.4440334470235125e-08	-9.6217285855179481e-09	-1	
46.073214768459479	56.808358168434765	5.3814680749395697e-08	-1.3610181248767292e-08	-1	
44.521542273553386	58.285145856908152	3.1919861204480076e-08	-5.5716220557503409e-09	-1	
47.820463183931388	54.169169452836513	8.0678246219596476e-08	-3.1911143009747248e-08	-1	
48.988016284581327	54.2766151827377	7.991242966362881e-08	-3.1136699244840461e-08	-1	
49.914182391957915	53.557628973371912	8.5022566498808167e-08	-3.6378242701381047e-08	-1	
81.149999999999991	0	0	0	-1	
80.687054077715601	1.3121223166412854	2.6115075282817962e-08	-3.2913938364908379e-09	-1	
79.207590761338423	1.9989438022046542	3.8114307845726956e-08	-6.3651419184157519e-09	-1	
79.163974672520766	3.2602640400371783	5.6886914646956821e-08	-1.3411573413486933e-08	-1	
79.352592780662917	4.508164001913336	7.2080457621002428e-08	-2.1484659636076239e-08	-1	
78.624506144392569	7.2176873087252025	9.4363959741738858e-08	-4.114661458854207e-08	-1	
77.731187879070447	8.9185298252545362	1.0205676871205609e-07	-5.3537909040954943e-08	-1	
79.200136720389466	8.7457171703522718	1.0246596021161993e-07	-5.1371394218575817e-08	-1	
76.576368868032446	9.518127925327212	1.032268577366762e-07	-5.8095968813218991e-08	-1	
79.38736219166897	5.7739849608777023	8.4280756304667177e-08	-3.0321293671943145e-08	-1	
75.966982406576591	10.667811782072135	1.0564670894841906e-07	-6.5637418732815572e-08	-1	
74.379871836571724	10.702532458806813	1.0460490197933165e-07	-6.6327260917330553e-08	-1	
73.193586878544707	11.029666214494915	1.0440877959335453e-07	-6.8480272858117587e-08	-1	
70.446268923160531	16.078775725351669	1.0185460396750817e-07	-9.1369817730197816e-08	-1	
71.458047356066743	15.448489362985539	1.031164833094721e-07	-8.9298055157957375e-08	-1	
72.979482174765977	13.979570471370382	1.0524072251977534e-07	-8.3492403029973647e-08	-1	
74.189782503313353	11.814113627799074	1.0578472360177266e-07	-7.2713510327550878e-08	-1	
74.313369220952168	13.538745651451221	1.0633050980878088e-07	-8.1332433427255832e-08	-1	
70.184965782831483	17.403593165777117	9.9948205117185981e-08	-9.5199192286207668e-08	-1	
69.319818567400333	18.70855568098311	9.7567277382220694e-08	-9.8123615115789912e-08	-1	
67.046432704302916	24.782676681713429	8.8416013848574822e-08	-1.0481001593915923e-07	-1	
67.280403968373193	23.171497613971823	9.0282704594703407e-08	-1.0381031292600718e-07	-1	
68.402966188072014	22.615066119693552	9.1464316791542137e-08	-1.0358808689374087e-07	-1	
69.21836337713124	21.704228188499716	9.3066270164763043e-08	-1.0283036661091329e-07	-1	
69.371584748081503	20.491371426836881	9.4908037604461207e-08	-1.0125617275964423e-07	-1	
63.885580665001932	32.850362343949122	8.571512453125071e-08	-1.0483502018476019e-07	-1	
63.157527466554058	33.793558475848414	8.6208262815594099e-08	-1.0439008355864039e-07	-1	
65.459134415533171	31.278362672017998	8.543481653739438e-08	-1.0551991662061395e-07	-1	
66.108163189625117	28.985615107453047	8.5587448990060199e-08	-1.0571440866558748e-07	-1	
66.767467962207036	27.940410485507361	8.6111391152022017e-08	-1.0577514437430146e-07	-1	
66.730982092222249	29.957456563124708	8.5658007950225725e-08	-1.0594037732834449e-07	-1	
65.958956848513338	32.864464556296966	8.6210652897777062e-08	-1.0539877684307105e-07	-1	
68.310241665617326	25.866047392263827	8.7984523467389624e-08	-1.0562112366166222e-07	-1	
68.247672843435097	27.23943538355778	8.7045611403181465e-08	-1.0602499827652955e-07	-1	
62.230109078993117	34.541606293446883	8.6690391967604017e-08	-1.0388808530809802e-07	-1	
62.840391329498978	35.645184905616318	8.7834750672370887e-08	-1.0349673765382037e-07	-1	
62.141042800254368	37.453293223593853	8.9914505403696047e-08	-1.0202082965844511e-07	-1	
63.189400936521331	37.151296936853967	8.9650752789570643e-08	-1.0252917507505659e-07	-1	
61.771868149043456	38.479921986090361	9.1292031328733779e-08	-1.0090193834959093e-07	-1	
61.255474105873432	40.266416276208375	9.3951348052233912e-08	-9.8323852159715573e-08	-1	
61.611355599770384	41.423944459772727	9.5792807905279199e-08	-9.6243054146084961e-08	-1	
60.721207153363501	42.436021660138387	9.7291897217182377e-08	-9.3846030047947182e-08	-1	
61.979692772778115	39.507874740320652	9.2846584072171453e-08	-9.9617141040672332e-08	-1	
57.862355259324204	45.234212772461873	1.0078925750420558e-07	-8.4852891307297029e-08	-1	
59.979351628668866	44.225134947324428	9.9760178782988348e-08	-8.8689341498074193e-08	-1	
59.672126669011995	45.453438893572148	1.0106042000513221e-07	-8.4267143356176122e-08	-1	
55.531713847366838	47.898824326558156	1.0184320356685289e-07	-7.2857066178437605e-08	-1	
54.722824842273234	48.964623499102622	1.0116148076400598e-07	-6.7066573433261376e-08	-1	
58.17388233684261	46.491993932374967	1.0174787732106044e-07	-7.981578939667893e-08	-1	
56.705913841219036	47.816477948462023	1.0190004135776169e-07	-7.3390009538620724e-08	-1	
42.212499999999999	60	0	0	-1	
43.678049911678499	58.937592070860141	2.0686834632018238e-08	-2.8250625048672992e-09	-1	
52.126833528882862	51.942278360159534	9.3698686026126754e-08	-4.7955400129562884e-08	-1	
51.059638766881633	53.346060284755886	8.6269939698228801e-08	-3.7915516752330824e-08	-1	
53.456139906936684	50.577314617488767	9.8294219890398659e-08	-5.7185222945027569e-08	-1	
54.511378485187691	50.102346494098171	9.93949088115765e-08	-6.0251008614458112e-08	-1	
53.433478878441534	51.885017692125572	9.3941225949283194e-08	-4.8387543064417835e-08	-1	
47.063397239619825	56.216089040444295	6.0943882208865449e-08	-1.7479553019073536e-08	-1	
48.416217994872333	55.82939075171695	6.5573130611740148e-08	-2.0029752017790483e-08	-1	
46.406222429902705	58.153284648524107	3.4249389989647533e-08	-6.0600167115571472e-09	-1	
45.558737506418872	58.896657923681239	2.1416975957684283e-08	-2.9749273539200414e-09	-1	
47.028814544788389	57.282122731912487	4.7228098897590593e-08	-1.0798703365155044e-08	-1	
44.548749999999998	59.397417105951519	1.2067123494208764e-08	-1.3474854136958522e-09	-1	
49.946416585887377	54.952036303348955	7.4098787046460209e-08	-2.6255966297947247e-08	-1	
50.970675637911661	54.468251214702569	7.81587306459371e-08	-2.9754754362747877e-08	-1	
82.70750000000001	0	0	0	-1	
81.747601923224778	0.94857720817229318	1.943407871634369e-08	-1.8541404902590019e-09	-1	
80.261286395148176	2.6367753962319394	4.8180922118348166e-08	-9.4283860185925079e-09	-1	
81.47961515888224	2.4557266334431347	4.5771163353059475e-08	-7.9406052670777348e-09	-1	
80.665786818993624	3.8001682955389482	6.4267455373669166e-08	-1.6111068176721499e-08	-1	
80.571153044873725	5.3688889202457863	8.1201044775560255e-08	-2.6656543170333374e-08	-1	
80.185240402353529	6.7377556530974347	9.2094797285697672e-08	-3.6619499287889289e-08	-1	
78.412752677589509	10.231215750191087	1.0637508895007154e-07	-6.1464975268397957e-08	-1	
77.215526953658042	10.593255397798377	1.0633566704244261e-07	-6.4520644512734856e-08	-1	
80.731176707156081	8.0510257133148233	9.9906159966170198e-08	-4.5138463929428576e-08	-1	
80.760802044307283	9.7624914826845792	1.0675022532381443e-07	-5.6244551763129706e-08	-1	
79.659852336449262	10.362918831837295	1.0766409507872119e-07	-6.11790701503912e-08	-1	
76.963090758225931	11.778414365771525	1.0775071076655832e-07	-7.1430981429341159e-08	-1	
75.153941110252916	12.399045102880709	1.0687954618919122e-07	-7.559796177992482e-08	-1	
71.393874929422779	16.801962667140991	1.0147249850255722e-07	-9.3606876701203519e-08	-1	
73.544724612201009	15.104593090213871	1.0483584770822374e-07	-8.7893078843387976e-08	-1	
72.606949592460012	16.19825914114503	1.0303495894191385e-07	-9.1760960092709725e-08	-1	
74.78049252192163	14.863652061554019	1.0599069790662611e-07	-8.6684510273122857e-08	-1	
75.666890194854972	13.914993105987865	1.0725763454753912e-07	-8.250137199331485e-08	-1	
71.399401350695484	17.99398865450318	9.9816735656327004e-08	-9.6705588678560788e-08	-1	
70.72645881420101	18.9779118417771	9.7935512738344314e-08	-9.8820775276182001e-08	-1	
70.377752410164135	20.028926733426207	9.6153257051906768e-08	-1.0067319571285408e-07	-1	
68.655611494851982	24.535322359361039	8.9351105551318407e-08	-1.0507132058829055e-07	-1	
69.129547168510129	23.496219128783448	9.0724332573284735e-08	-1.0449266339979852e-07	-1	
70.271260010960347	23.467196173268452	9.1401889258997471e-08	-1.0469275288373984e-07	-1	
70.406936712976659	21.418235639393242	9.4141597826862834e-08	-1.0269465099453936e-07	-1	
64.304919208852283	34.114763383509853	8.6671732331759066e-08	-1.0456632321177563e-07	-1	
65.501310056887931	33.978261343148681	8.6828246889255416e-08	-1.0494321387184708e-07	-1	
63.817648236536101	35.114418724544585	8.745115193385463e-08	-1.0401691227335545e-07	-1	
66.571268269694372	31.799704576545906	8.5941150572680316e-08	-1.0576067844320622e-07	-1	
68.093356895298953	28.826891299188684	8.6356703622873028e-08	-1.0624470070240422e-07	-1	
67.821999672600114	29.886035123431007	8.6120625926558829e-08	-1.0622256428791037e-07	-1	
67.40303050933673	30.895928792574381	8.6025736509729195e-08	-1.0607921738685173e-07	-1	
67.1211888562665	32.824388281928861	8.6619835735597651e-08	-1.0571039122578652e-07	-1	
67.516188047621412	34.155233045850267	8.7639083183357756e-08	-1.0541769083617607e-07	-1	
69.470106399470353	25.412143233975577	8.897298057713137e-08	-1.0568543068961298e-07	-1	
69.502138339481149	26.608467082533416	8.8074384629236902e-08	-1.0614617398766795e-07	-1	
69.643730970737607	28.452498561373886	8.7275041749956164e-08	-1.0656741846525659e-07	-1	
64.356152390121593	36.087433152953743	8.8575959540365207e-08	-1.0359808666296347e-07	-1	
63.52417787211548	38.66063638171947	9.1766954915393372e-08	-1.0109340965732239e-07	-1	
64.449303092107016	37.663643180802971	9.0543030263903274e-08	-1.023763335034057e-07	-1	
63.056724928522328	39.639876066439307	9.3166569069248108e-08	-9.9681407528381718e-08	-1	
62.371048187352898	40.480869539198373	9.4389408570597005e-08	-9.8175124191813751e-08	-1	
62.794213994894221	41.599622181632427	9.6193244822431873e-08	-9.6117888431598602e-08	-1	
62.064469046919733	42.546981118772131	9.7564172289328576e-08	-9.3787380389428698e-08	-1	
61.24275182485303	44.308427831088409	9.9928396402690938e-08	-8.8586763634266859e-08	-1	
61.073376911525834	45.72582230894163	1.0138864546952576e-07	-8.3426789746578134e-08	-1	
59.937998695653718	46.690705112975337	1.0186476344874597e-07	-7.9112175301926482e-08	-1	
56.217078575170326	49.258835367585334	1.0083198259893323e-07	-6.5464232402723195e-08	-1	
58.463071981760244	47.576242729171966	1.019445135324902e-07	-7.4738047222684316e-08	-1	
57.718830778832739	48.416082675797739	1.0153090512300702e-07	-7.0238107583431054e-08	-1	
57.214247307189638	49.276342817299778	1.0076477348176398e-07	-6.5405525113513169e-08	-1	
43.769999999999996	60	0	0	-1	
52.828243904848549	53.010973175909122	8.8325845745571939e-08	-4.0353432837417432e-08	-1	
51.991599855466823	53.977467800496598	8.1989861094790921e-08	-3.3318607643640841e-08	-1	
54.39234437180567	51.247585873914943	9.6362583854281508e-08	-5.2802469681525951e-08	-1	
55.932053748537925	50.828814701230243	9.7580948387849811e-08	-5.5658742297553059e-08	-1	
53.860168972672859	53.544666727704588	8.5073587095568685e-08	-3.6524355560705795e-08	-1	
54.935080158291903	53.103912719369632	8.7856125562931777e-08	-3.9770946787076655e-08	-1	
48.095292613089811	57.266364433807318	4.7521345699440394e-08	-1.086904913547918e-08	-1	
50.100433224767627	56.353487704011371	5.9278423668664123e-08	-1.659922614971499e-08	-1	
49.553941581841876	57.466937736245967	4.4704742450226843e-08	-9.7305295170910488e-09	-1	
46.884999999999998	60	0	0	-1	
47.576656910838764	58.262556730078018	3.245788769701103e-08	-5.5259027064870065e-09	-1	
45.327500000000001	60	0	0	-1	
50.965525304652687	55.601003655316852	6.7634456597181688e-08	-2.1693321542279262e-08	-1	
52.111973031925288	55.617561398250082	6.7640589871666698e-08	-2.1563683125962023e-08	-1	
84.265000000000001	0	0	0	-1	
82.80864706763559	1.3106683293395023	2.6419733012801558e-08	-2.6223533602768683e-09	-1	
82.768945390430218	2.6246340730527695	4.823311587252353e-08	-8.28317223065857e-09	-1	
82.386071555233642	3.9937531279865768	6.6839358882955994e-08	-1.6238273234780494e-08	-1	
81.704540389504714	4.9795032646360573	7.7648838561989358e-08	-2.3115447043780313e-08	-1	
81.454749628824828	6.0966074456842723	8.7681308319569221e-08	-3.0949521554388264e-08	-1	
82.169263530055062	6.9909155918985366	9.4599131899324524e-08	-3.6324225183619991e-08	-1	
78.102879044900064	11.367064789751492	1.0820029469945382e-07	-6.83816288779103e-08	-1	
81.737986969299754	8.7246767368859199	1.0345178856225183e-07	-4.8327617614011624e-08	-1	
80.611094791573066	11.180073072120766	1.0974267793242357e-07	-6.4637178972556039e-08	-1	
82.183505830991066	9.8511693242532026	1.0766434761845309e-07	-5.4661799130710017e-08	-1	
81.63507576084055	11.07467205981704	1.1025640792356421e-07	-6.257519768710675e-08	-1	
78.825106984715589	12.296882789069791	1.0970921742637443e-07	-7.2690823930147386e-08	-1	
79.970273135483538	12.141748561339824	1.1050139631356425e-07	-7.0625635301470248e-08	-1	
76.97296185928019	12.99011910435077	1.084044265460064e-07	-7.7573029205733836e-08	-1	
78.13543949156535	13.2751131222065	1.0953065438501037e-07	-7.8119659325023411e-08	-1	
72.512303104580937	17.566898286925589	1.0118598035680122e-07	-9.567118264982877e-08	-1	
74.280596039792258	16.126193867446233	1.0438194649012759e-07	-9.1257719389473725e-08	-1	
73.621058041292542	17.122226198478383	1.0264969166091293e-07	-9.4375367799991455e-08	-1	
76.078308719312503	14.900090589891555	1.0708041066733204e-07	-8.6278894403674105e-08	-1	
75.612265130304621	15.860551743819624	1.0583961135934393e-07	-8.9943984963070554e-08	-1	
77.106719269328934	14.613639903603172	1.082241578153613e-07	-8.4614802189188981e-08	-1	
72.404309263601249	18.949021972487483	9.9125657009694448e-08	-9.8821764578989266e-08	-1	
71.402452464218655	20.448710318032813	9.6190082250791179e-08	-1.0146373746845563e-07	-1	
70.328606648302085	24.628295413609969	9.020848521261629e-08	-1.05449484307689e-07	-1	
71.445760930125161	22.82456990992927	9.3001636826867823e-08	-1.0425589960838457e-07	-1	
71.480528760779208	24.933473280558715	9.0704768765064017e-08	-1.0577607816240995e-07	-1	
72.161840867749362	23.955786266946966	9.2223779694200356e-08	-1.0521822765714047e-07	-1	
71.666001633206633	21.632230721007673	9.4719086835934841e-08	-1.030322174405729e-07	-1	
65.022503107590524	35.083126843375169	8.7671626939986342e-08	-1.0434464210089848e-07	-1	
66.43127571174179	35.054362007375488	8.8034724678143457e-08	-1.0474082603973315e-07	-1	
68.237537132912195	32.498572578127792	8.6879133689782418e-08	-1.0609437565462767e-07	-1	
69.113119733596591	29.652492301590989	8.6753098179161558e-08	-1.0654198487218062e-07	-1	
68.563818141352911	30.78564394590046	8.6511196709059892e-08	-1.0639374992467561e-07	-1	
68.657526225168723	33.878627541491937	8.7954048818612381e-08	-1.058014232936344e-07	-1	
67.645159874514192	35.414959967619254	8.8819675222194142e-08	-1.048718177901011e-07	-1	
70.616841480734848	25.75451065241138	8.9390122493732449e-08	-1.0604466024046624e-07	-1	
70.677614011917697	26.988350732630337	8.8590680462472941e-08	-1.0646597507753676e-07	-1	
70.674419713444621	28.720696081851095	8.7854611870591534e-08	-1.0679361513537336e-07	-1	
65.570349715289666	36.169832354193431	8.8949516640062833e-08	-1.0386185651858794e-07	-1	
65.364906538386435	38.651137794157322	9.2134516107027988e-08	-1.0153110275868047e-07	-1	
64.860733842384775	39.899851201969142	9.3883646018357926e-08	-9.971864009932692e-08	-1	
65.77712557571023	37.369127362253415	9.0482547199775859e-08	-1.0295846348667155e-07	-1	
63.790381296960689	40.938057860370826	9.5299811789511922e-08	-9.766271294011625e-08	-1	
64.378944477398491	41.812508846114085	9.6768369434539269e-08	-9.5978065450418252e-08	-1	
63.212960778071285	42.676918897723795	9.7899104734561453e-08	-9.3694972117292488e-08	-1	
62.509461049179947	43.754396758030708	9.930320926711044e-08	-9.0460707654718525e-08	-1	
62.292193906212354	44.98273409037219	1.0077556029377729e-07	-8.6403576416495558e-08	-1	
62.254141282187206	46.291418946895128	1.0183292517209915e-07	-8.1198809048884091e-08	-1	
61.03382619885565	47.323696199368378	1.0208819251152618e-07	-7.6316185024004969e-08	-1	
59.53989362458249	47.891966110683249	1.0190250961726749e-07	-7.3241489547151799e-08	-1	
56.772615090672325	50.170553629271154	9.9127999196216673e-08	-5.9897779621547447e-08	-1	
58.339431061046128	49.358205414325496	1.0073070217887165e-07	-6.5050767262544592e-08	-1	
57.823082169662555	50.361262634578324	9.8754695560219841e-08	-5.8782844217935252e-08	-1	
52.737773807568132	54.747167181327953	7.5918276635326658e-08	-2.7750157209091755e-08	-1	
55.41208072461886	51.956948202707359	9.3469222588156067e-08	-4.793467845431961e-08	-1	
56.363644329295582	51.710943301749182	9.4517016623560341e-08	-4.9695650376762437e-08	-1	
57.143795622246145	51.114465928029276	9.6644237035871661e-08	-5.3797587504347075e-08	-1	
53.808969448598631	54.705303088313215	7.6166149606397365e-08	-2.8076716307420228e-08	-1	
54.742359929225231	54.165030571171151	8.0663748703887184e-08	-3.2020834299274799e-08	-1	
55.663539727563354	53.784275399991593	8.3419815892209429e-08	-3.4832100860379489e-08	-1	
56.249363213900253	52.977827903807061	8.8508473617627754e-08	-4.071873044325147e-08	-1	
48.66140466527883	58.553596919804043	2.7461517723990721e-08	-4.3251126136185157e-09	-1	
50.788742846953532	57.583941692373777	4.2866534574725248e-08	-9.1226755256025477e-09	-1	
51.484218091365079	56.623536952198712	5.6076254289567087e-08	-1.4811849066388401e-08	-1	
50.061624762154722	58.683342859793925	2.5005071445552569e-08	-3.9409040338394952e-09	-1	
48.442499999999995	60	0	0	-1	
52.666310456113195	56.716921756873901	5.4742940043468775e-08	-1.4290497871594736e-08	-1	
53.69938568078927	56.047116741866375	6.30289340591328e-08	-1.8600127003103114e-08	-1	
84.566701163803089	1.089749966043946	2.2045757750261739e-08	-1.6863309870867834e-09	-1	
85.822499999999991	0	0	0	-1	
83.918018027456796	2.0159188325865731	3.8655746359280291e-08	-4.9161056844613516e-09	-1	
83.722445283894686	3.5087947611079904	6.1078779805762425e-08	-1.2228306729730639e-08	-1	
82.847990714437316	5.3382642103587319	8.1574259555121835e-08	-2.4348367752484776e-08	-1	
83.346632055499555	7.654611660491109	9.8678684768769206e-08	-3.8995057098619782e-08	-1	
82.94924678997134	8.7067253485606599	1.0387923412691033e-07	-4.6396539361747202e-08	-1	
83.401521928588977	6.5312927548750377	9.1409838712567516e-08	-3.1590700874812668e-08	-1	
81.305347286170957	12.049826166514372	1.1138304195139939e-07	-6.8229591008650147e-08	-1	
82.660136767842374	10.980351697535028	1.1058337488297842e-07	-6.0217541786856159e-08	-1	
83.348830730007222	10.02446732050522	1.0864918993379536e-07	-5.3579214587995616e-08	-1	
82.410529663142952	12.180320936881479	1.122482213402816e-07	-6.690150304051975e-08	-1	
79.824262289789672	13.820827787722163	1.1101681477603312e-07	-7.8695661689441746e-08	-1	
80.736849276906312	13.006522035076982	1.1165209266017702e-07	-7.3783498662714157e-08	-1	
78.709983519458049	14.325101215372191	1.0986535853888771e-07	-8.2042771088951038e-08	-1	
73.779744783733278	19.122531862234098	9.9998435942344929e-08	-9.9102411109585925e-08	-1	
74.78605601762213	17.386518633243966	1.0330628004923036e-07	-9.4832967315012756e-08	-1	
76.85824293485868	15.710880925448887	1.0715487843022273e-07	-8.8754218995855351e-08	-1	
76.333134636060862	16.600551589489143	1.0573103501682752e-07	-9.1894593209183875e-08	-1	
78.366412221745819	15.646540913370982	1.0875770770787031e-07	-8.7358841286041452e-08	-1	
72.966434381031618	20.031366171671174	9.7991711665982188e-08	-1.0076668256637815e-07	-1	
72.813791227421063	21.241388353620135	9.6149040555764544e-08	-1.0256435796922216e-07	-1	
72.775345860714708	22.667646884845471	9.4246165317992287e-08	-1.0415005321725846e-07	-1	
73.388977434668135	25.53716355872524	9.1805434761472978e-08	-1.0610039967893291e-07	-1	
71.963745030121487	26.306585913229846	8.9971364172866205e-08	-1.0640894840384407e-07	-1	
73.402419112598935	23.756471830756951	9.3533383690385315e-08	-1.050399579327594e-07	-1	
66.678919007439816	36.135463255429507	8.9250831330556691e-08	-1.0417499012916157e-07	-1	
69.13872487319847	32.147397217512506	8.7208380975745438e-08	-1.0636464397956129e-07	-1	
69.555238277971966	33.121477285056557	8.7923400942209415e-08	-1.0624268483498741e-07	-1	
70.002451437208194	30.284584582399116	8.7274576357077912e-08	-1.0673088652866873e-07	-1	
69.609121052776544	31.30229905079818	8.7203239656806788e-08	-1.0658249177832476e-07	-1	
69.600738198576195	34.578280751153088	8.9015831667094962e-08	-1.0572685161176074e-07	-1	
69.073178313512869	36.048945548739916	9.0172385591726618e-08	-1.0480873203795812e-07	-1	
67.644424253151371	36.681271583463811	9.0229678317937183e-08	-1.0403426135653332e-07	-1	
71.428871491996745	27.96899686795458	8.8673471945880756e-08	-1.0677597152664028e-07	-1	
70.952844186105011	29.748669334108605	8.7928610715043066e-08	-1.0688655617415834e-07	-1	
72.207528272469261	28.769621178701872	8.9041724430338585e-08	-1.069581595240018e-07	-1	
66.498980902535834	38.308511410200595	9.1971913261283353e-08	-1.0220002931061882e-07	-1	
66.485517963864737	39.829726344154487	9.4205499810055538e-08	-1.0017944855756777e-07	-1	
66.402639650537395	40.974780073831397	9.594969850655503e-08	-9.818018144291115e-08	-1	
65.390800276312774	41.51718023924041	9.6526821386900074e-08	-9.689053662678952e-08	-1	
64.353164412444926	42.866267135327227	9.8350177742276171e-08	-9.3415809491331218e-08	-1	
63.47942885003274	44.59999292246772	1.0050404331530849e-07	-8.7984191644934255e-08	-1	
63.729879883513284	45.645277018765732	1.0155056283483911e-07	-8.4101498740361165e-08	-1	
62.584595287611982	47.394782205625674	1.0214228064007237e-07	-7.6112851067689133e-08	-1	
63.499564829084996	46.695181556258888	1.021727542285951e-07	-7.9609698329101442e-08	-1	
60.745913658398031	48.814643854151541	1.0139553898495511e-07	-6.8396154556590606e-08	-1	
62.229390186085425	48.49042798153468	1.0173027955583083e-07	-7.0362652363852017e-08	-1	
59.551641980255219	49.126135381464536	1.0096439941775491e-07	-6.6452363974573529e-08	-1	
59.68973221732206	50.687737230175522	9.8014998850899693e-08	-5.6830987365769903e-08	-1	
58.322295807959343	51.49439869968306	9.5440703274662684e-08	-5.1322182537787663e-08	-1	
57.255252285603504	52.122594306242846	9.2821509407971687e-08	-4.6872009185854412e-08	-1	
54.993121951331801	55.674666818639537	6.7007970398082771e-08	-2.1204340499244695e-08	-1	
56.328515601003687	54.927266663556985	7.4245869183476154e-08	-2.6537494769358802e-08	-1	
56.614574274366433	53.859128398478795	8.2825520127900303e-08	-3.4315972234119469e-08	-1	
57.371356310878475	53.278309468167322	8.6780654812073598e-08	-3.8586641747416355e-08	-1	
50	60	0	0	-1	
51.34019614337101	58.738809924694841	2.4304016781858291e-08	-3.5193799975450987e-09	-1	
52.826351066601148	57.937687983865551	3.7609944063188551e-08	-7.1917927587426209e-09	-1	
53.922680604500734	57.77765080314709	4.0140487557487063e-08	-8.0185475650141398e-09	-1	
54.659979224375057	56.950643487571924	5.1767893904784428e-08	-1.2819831755690376e-08	-1	
85.573099888056248	1.6052499064459884	3.1611160167419181e-08	-2.5660907192245782e-09	-1	
87.379999999999995	0	0	0	-1	
86.682658017732663	0.78578692842744657	1.6018480103763457e-08	-4.8943434035962725e-10	-1	
84.898553113653108	3.1584940733130096	5.6134998846157226e-08	-9.3824411395226872e-09	-1	
84.607261111491965	4.3299998948968463	7.0702240625960555e-08	-1.6156759067053977e-08	-1	
84.041940432893767	5.3825638693607409	8.1876925329687595e-08	-2.3248260387485572e-08	-1	
84.314715342181145	8.8845085386687135	1.0492869111645181e-07	-4.4909554144025843e-08	-1	
84.456685763491677	7.4739489159773553	9.7871959969715229e-08	-3.5913880072719064e-08	-1	
85.161163226044266	5.800677166545106	8.5665769218240888e-08	-2.4190293129405949e-08	-1	
81.825271350330354	13.103064549296231	1.1249361085482663e-07	-7.2314495136218704e-08	-1	
83.69411881140843	11.638463402093691	1.1221111968964094e-07	-6.1517886662392449e-08	-1	
84.442272462116918	10.463100987992094	1.1000468662026301e-07	-5.3601246011775376e-08	-1	
83.391048801962427	12.711786060075667	1.1326927440452874e-07	-6.7320521867041368e-08	-1	
79.579064561166717	15.019071060903283	1.1038957711109406e-07	-8.3709065925393404e-08	-1	
80.676099636540101	14.836286906873525	1.1159721412335548e-07	-8.153731118021346e-08	-1	
82.176219199478666	14.137868237996001	1.1300651826868843e-07	-7.6089073705514032e-08	-1	
74.87495817809193	19.528104053336428	1.0044693597426783e-07	-9.9535565549769165e-08	-1	
75.448044270971479	18.510482556154781	1.0243249456522154e-07	-9.7247568919221694e-08	-1	
74.581786418966146	20.658604606644229	9.8568542188532521e-08	-1.0150359665475758e-07	-1	
76.651216934000601	18.006598749591209	1.0434731432514875e-07	-9.5512995856543987e-08	-1	
77.359508968295813	16.718060508509922	1.066536756357786e-07	-9.157612443023486e-08	-1	
79.643570267145549	16.12935706795734	1.0967818278593897e-07	-8.7421742020634402e-08	-1	
78.999417737444446	17.418531297100436	1.076810137219891e-07	-9.1935411738193334e-08	-1	
74.05798304755362	22.042720256310403	9.6208025278741968e-08	-1.0337867451454796e-07	-1	
73.102603395371403	26.711420476755272	9.0725114710350778e-08	-1.0653975026711398e-07	-1	
74.497222885733095	24.929753675174258	9.346332221349906e-08	-1.0561380273641733e-07	-1	
74.772591777166269	26.496643473855297	9.2550233257731072e-08	-1.0623307385190504e-07	-1	
72.538233344623961	27.702878555579233	8.9703394368811333e-08	-1.0679055261283683e-07	-1	
74.656328455431591	23.676023176170386	9.4882419329703829e-08	-1.0475009604236197e-07	-1	
70.102612077031793	32.227303008491234	8.7805520956048038e-08	-1.0655228802300523e-07	-1	
70.592811813034317	33.060843866833665	8.8561442529480663e-08	-1.0643920791980461e-07	-1	
70.701501434227765	34.021714674980103	8.926000763941054e-08	-1.0615518908678739e-07	-1	
71.436307179995879	30.979531500810989	8.8364504097754244e-08	-1.069162323472577e-07	-1	
70.453500892926158	35.626572351190404	9.0535596956512513e-08	-1.0532473481184413e-07	-1	
68.944184676206262	37.687794733534957	9.2108025794184859e-08	-1.0341609443242884e-07	-1	
70.347536797866866	36.973751293329151	9.1990093693317152e-08	-1.0432474523075794e-07	-1	
67.626813532556028	38.671155948372444	9.2881531251764771e-08	-1.0205488129448931e-07	-1	
71.983066119236611	29.775449775079075	8.8725968283243092e-08	-1.0699650206256452e-07	-1	
72.991855198490398	29.564691579266285	8.9612605457371328e-08	-1.0701906384254827e-07	-1	
73.676785484435328	27.775001375663624	9.0716505387384823e-08	-1.0677232299095588e-07	-1	
67.894780295762573	40.076551558238314	9.5080214139448117e-08	-1.0012333002623014e-07	-1	
67.213017279899091	41.787986662895399	9.7455632878768927e-08	-9.668197688146764e-08	-1	
65.960181377540806	43.028700421036405	9.8947489731124396e-08	-9.3350845982242176e-08	-1	
64.854072599321469	44.205735454142221	1.0024218811694131e-07	-8.9508441561476523e-08	-1	
64.804699803598837	45.634947375388165	1.0174168724753098e-07	-8.4368359826584576e-08	-1	
64.163940858416908	48.512202448510671	1.020068687444896e-07	-7.0566181875911893e-08	-1	
64.639553930423531	47.30832738619236	1.024224421138942e-07	-7.6861370409076674e-08	-1	
61.684776244537346	49.554494550532908	1.0045645386948926e-07	-6.4139688297009903e-08	-1	
60.820232168951001	50.355220063949631	9.8970308429815498e-08	-5.9118152601789085e-08	-1	
63.183733167764657	49.650289152905835	1.0048686905887177e-07	-6.3779031782486083e-08	-1	
59.87696544152751	51.729551777727139	9.4629238092268711e-08	-4.9817242417462266e-08	-1	
59.166578072902752	52.514270592484976	9.1039898918441452e-08	-4.4214542411017671e-08	-1	
56.071422622560249	56.140390682591445	6.1859918796642408e-08	-1.8045225050601033e-08	-1	
57.22160273259091	55.902237854525367	6.4509252453638752e-08	-1.9704702520078224e-08	-1	
57.92435092018566	54.782274269109621	7.5634787221375737e-08	-2.7634383609723125e-08	-1	
58.602243264212966	53.679371201766187	8.4107226353574911e-08	-3.5718015762852422e-08	-1	
51.557500000000012	60	0	0	-1	
52.461608462252556	59.040094930654412	1.8764908887326679e-08	-2.4827597360689436e-09	-1	
53.893749999999997	58.885221737673028	2.1542888451991938e-08	-3.0831206706597893e-09	-1	
55.017347896774574	58.119251827676223	3.4898555198558731e-08	-6.1842112020082982e-09	-1	
55.929835851284331	57.306402792831165	4.687041554904023e-08	-1.0717611514192048e-08	-1	
86.937937243263235	1.8048941132379948	3.4576174187233384e-08	-2.5119279212771006e-09	-1	
86.094252243719438	2.8823712936526737	5.1865396644944996e-08	-7.052109342044311e-09	-1	
87.703090514954738	1.0357158297835949	2.0656749827352101e-08	-4.4588815350977602e-10	-1	
88.9375	0	0	0	-1	
85.773641741399757	4.0188196469635971	6.7089624474092123e-08	-1.2931349131077517e-08	-1	
85.085946625848578	9.6166395133860565	1.0746441181214355e-07	-4.7333974533428558e-08	-1	
85.317744371427651	8.6001869562661906	1.0351435798664905e-07	-4.0976105263484288e-08	-1	
85.8726148039419	7.5445109603353515	9.77646333121364e-08	-3.3418583095168637e-08	-1	
86.053273489295464	6.453759228399683	9.0556888993932229e-08	-2.6545719541825216e-08	-1	
86.758220997249865	4.8024156159033282	7.5328777002311458e-08	-1.576023799948867e-08	-1	
85.058203402323215	11.922160279728965	1.1280887722293372e-07	-5.9338573345603821e-08	-1	
84.417213887306389	12.72358807534242	1.1361876000625982e-07	-6.4769079566393168e-08	-1	
85.909159535012776	11.060149776013716	1.1115470710694676e-07	-5.2666107500367986e-08	-1	
83.98627968580189	13.654957918056377	1.1398172540452207e-07	-6.9863660693618731e-08	-1	
80.83948141634113	16.482936151301946	1.1063584451135988e-07	-8.6678070920451308e-08	-1	
81.70468320952115	15.085313282631517	1.1239165699586971e-07	-8.0577885351261746e-08	-1	
83.261177939978737	14.570827042582968	1.1366559561172555e-07	-7.5211900785166514e-08	-1	
76.224160440156638	19.55889423078786	1.0182249279496662e-07	-9.9002761338530584e-08	-1	
76.285715861463757	20.973905598961828	9.9976046491887851e-08	-1.0126507833882549e-07	-1	
75.532139153372384	22.173142184034202	9.7588436141511141e-08	-1.0309185168635451e-07	-1	
77.916998133288701	18.078653848009438	1.0566725325578303e-07	-9.466789430586501e-08	-1	
77.805098620591124	19.254537565800319	1.0403028906113703e-07	-9.7317709485743393e-08	-1	
80.426835459478141	17.616978573300369	1.0909305933421375e-07	-9.0481709689149982e-08	-1	
78.917512510210173	18.857348244581498	1.0588421613505367e-07	-9.5382968921837779e-08	-1	
75.664406058934446	25.41435473443558	9.4388059704500106e-08	-1.0545616502455474e-07	-1	
76.322401669960428	24.175918864270727	9.6266931276704712e-08	-1.0446797051259615e-07	-1	
76.064217555232915	26.930059458179951	9.3834593999917284e-08	-1.0586674358138314e-07	-1	
75.064773387146616	27.85594169740515	9.2183932828701028e-08	-1.0650249844762315e-07	-1	
76.112591948525917	23.101405714211463	9.7171476820311476e-08	-1.0370144740621534e-07	-1	
71.150128669666799	32.270600825094945	8.8553144430732247e-08	-1.0670608978181931e-07	-1	
71.49673353072339	33.10668765991916	8.924853859134234e-08	-1.0654097987083235e-07	-1	
71.460208918427625	34.994241513441558	9.0633981071760605e-08	-1.0580274912204984e-07	-1	
71.929128045303543	33.90180470088572	9.0099149863177067e-08	-1.0632725785782735e-07	-1	
72.825426837696426	31.287737734194813	8.9586354739178673e-08	-1.0696938911544207e-07	-1	
71.695276802413161	36.159594003847701	9.1989617356517179e-08	-1.0510921550171156e-07	-1	
69.000594803156304	39.137461505448179	9.4174138275909777e-08	-1.0170565026126333e-07	-1	
70.172560029995921	38.365926518992744	9.370045005629233e-08	-1.0291795853079792e-07	-1	
71.373598901730134	37.8097964787598	9.3743661040635013e-08	-1.0364960033869875e-07	-1	
74.403935837582978	29.079197797673295	9.1138939155623481e-08	-1.0681077460263597e-07	-1	
74.421161117427957	30.572308387348357	9.1074305571052083e-08	-1.0685935810904429e-07	-1	
68.914018099153807	41.08059204873252	9.7058108143357801e-08	-9.8462905071514435e-08	-1	
69.440897484421015	40.130573305649641	9.5865037800910409e-08	-1.0029989134217749e-07	-1	
67.120110906576897	42.94706768738402	9.9145540963954072e-08	-9.3727422397485138e-08	-1	
68.969816593168517	42.124138176759089	9.8664404401457008e-08	-9.6205647196186911e-08	-1	
68.282356795202944	42.911222047407378	9.9524485922893401e-08	-9.4087966759013807e-08	-1	
67.302235413777083	44.11309841612502	1.007540912934779e-07	-9.0282845182612702e-08	-1	
66.053936590829395	44.962644081939771	1.0137805677239683e-07	-8.7153038935009672e-08	-1	
66.251132232738982	46.111497822788763	1.0235262394777227e-07	-8.2602646790024429e-08	-1	
65.278611528611791	48.433995341734018	1.0221694841322515e-07	-7.1131277845691382e-08	-1	
64.497624734714108	49.790755064880884	1.0050557208002784e-07	-6.312203279570836e-08	-1	
66.039517566261324	47.25778324622501	1.0266736880621521e-07	-7.7289454871459661e-08	-1	
61.939995721565815	50.722272366358126	9.8020572365598343e-08	-5.6818418208107611e-08	-1	
60.867066060777915	52.103897333993707	9.304123997529233e-08	-4.7268029064767351e-08	-1	
63.026688880533719	50.725579835907695	9.8007418379649173e-08	-5.6882743194209251e-08	-1	
60.760567511911823	53.258528660724714	8.7120117209111751e-08	-3.8947816240135535e-08	-1	
59.746867002457925	53.804674996714695	8.3273668168529164e-08	-3.487197091772318e-08	-1	
57.772597163488882	56.926631853872507	5.2179568753071466e-08	-1.3000477649459378e-08	-1	
58.535648630963792	56.048719337295019	6.3001898533489684e-08	-1.8717903569712271e-08	-1	
59.288584329241125	54.861009003841055	7.4893993647601908e-08	-2.7125229847994839e-08	-1	
53.115000000000002	60	0	0	-1	
54.672499999999999	60	0	0	-1	
55.918571508320944	58.944572263970677	2.0465975977769847e-08	-2.8669223313553326e-09	-1	
56.58583621780253	58.130037030729632	3.4506048844216735e-08	-6.2963454093582432e-09	-1	
87.264762109557907	2.7267672836927375	4.9067846828671712e-08	-5.2878390317022511e-09	-1	
88.502685095937991	1.7690256326501888	3.3682050992733731e-08	-1.1435725827562685e-09	-1	
86.980522252668749	3.6626477992439699	6.2102074622507925e-08	-9.6424435032514356e-09	-1	
90.49499999999999	0	0	0	-1	
89.577996563988194	1.0953799996688203	2.1123472584281677e-08	2.3141476177335885e-10	-1	
86.119389440399388	9.867257561621086	1.0797035569871835e-07	-4.5927740469338848e-08	-1	
86.358122589895999	8.6674116412239695	1.0330600905640437e-07	-3.8698218432869885e-08	-1	
87.23648293976531	7.8158795836127393	9.8676848087941828e-08	-3.163850098125694e-08	-1	
87.03845644495189	5.9519709810299464	8.5845786160160991e-08	-2.1623856928591327e-08	-1	
87.93254794706823	4.9472108456949266	7.6010760227502019e-08	-1.4386978158875794e-08	-1	
85.40751804664815	12.858594058958358	1.1375470692198429e-07	-6.2388229194131679e-08	-1	
86.739244369334855	12.18720530267106	1.1260470068152242e-07	-5.5101909249178803e-08	-1	
85.005781068470952	13.808025558411025	1.1429385434223648e-07	-6.7509651666385243e-08	-1	
87.099239135077866	10.834541722552933	1.0991204819478934e-07	-4.7708962423923653e-08	-1	
84.285775352247995	15.131887589964467	1.1411163895186376e-07	-7.443617315786853e-08	-1	
82.024417466144484	16.09415831908218	1.1206678746750369e-07	-8.3185504006918673e-08	-1	
81.622503156090616	17.453553789730574	1.1055868129027519e-07	-8.7889237774433303e-08	-1	
83.243120840540641	15.819882350706935	1.1323500155853277e-07	-7.9537271015390916e-08	-1	
77.587335942851638	20.415486933727873	1.0225455270943243e-07	-9.9524577629611581e-08	-1	
77.22959495745404	21.369963200386508	1.0059801116171481e-07	-1.0113991260224024e-07	-1	
76.585559869592274	22.160040640800251	9.8831760288892972e-08	-1.0252583876074641e-07	-1	
79.567356790164197	19.889479976385882	1.0539851727599368e-07	-9.6510580528647458e-08	-1	
80.746857158146199	18.780557110825463	1.0816438215013737e-07	-9.2592407593636973e-08	-1	
76.974016945321438	25.915953134450074	9.5644053965734146e-08	-1.0497218785803267e-07	-1	
77.903462225658089	25.151915405094194	9.7477801932300591e-08	-1.038537820190019e-07	-1	
77.171608412685401	23.379043531336333	9.8182119009024772e-08	-1.0326047175281894e-07	-1	
78.169939651324697	23.97862432329503	9.8878656684489791e-08	-1.0290668601670832e-07	-1	
77.313185579333549	27.135399922662753	9.5363487264879086e-08	-1.0513127285536598e-07	-1	
76.514932946307653	28.089664336679231	9.3905479353620039e-08	-1.0588979426900145e-07	-1	
75.277299605719662	29.815776885602403	9.2044306867373343e-08	-1.0660257244186141e-07	-1	
76.304633514237722	29.315878831317931	9.3346627492267139e-08	-1.0614088483394478e-07	-1	
72.514852143928024	32.641942174222436	8.9830756679991374e-08	-1.0672352685107788e-07	-1	
72.812947401034265	36.121535349449843	9.2868017989275591e-08	-1.0515852112936455e-07	-1	
73.446470796039151	35.199969217163016	9.2520550978430198e-08	-1.0570322993541896e-07	-1	
73.417011257195981	33.698557165667964	9.128300222300856e-08	-1.0638606042396588e-07	-1	
74.016165452677711	32.273538987053449	9.1097216446475104e-08	-1.0670522161659738e-07	-1	
72.841523603229604	37.239488581416509	9.4184648570022667e-08	-1.0423949779904316e-07	-1	
71.154246789852479	39.115444627253119	9.5396476008339551e-08	-1.0202929100510589e-07	-1	
70.526162136253163	40.178927564117139	9.6548499277341929e-08	-1.003594240672632e-07	-1	
72.326967549670329	38.72787230035123	9.5706177845183468e-08	-1.0262225379252918e-07	-1	
75.238729380039402	31.949708129326524	9.234390911436538e-08	-1.0645783965642168e-07	-1	
76.333255446489346	31.316034971646783	9.3491443438596802e-08	-1.0607051537689962e-07	-1	
70.180160587423558	41.249389821863694	9.7958713058779218e-08	-9.8321473843490556e-08	-1	
70.001872339149358	42.288342106192815	9.9415145609849419e-08	-9.595309543646811e-08	-1	
69.617908974678429	43.270065429400297	1.0060409043032493e-07	-9.326890535173366e-08	-1	
68.78895463426403	44.376999437555241	1.0160961612287876e-07	-8.9665022090144399e-08	-1	
67.309508544084764	45.62304043198283	1.0233589202643009e-07	-8.4844753536330218e-08	-1	
67.193686118522479	47.68988496367993	1.0299772656044939e-07	-7.5395986246984495e-08	-1	
65.622415394801422	49.497200851565566	1.0101971468073121e-07	-6.4986057138044962e-08	-1	
66.381035412009638	48.616392260175907	1.0231153352819358e-07	-7.0283830991478933e-08	-1	
65.49884226701046	50.653080511072886	9.8452926724513242e-08	-5.7609220572124931e-08	-1	
63.736159640087159	51.548722716847045	9.5485018240451197e-08	-5.1416483478303425e-08	-1	
64.879030077241282	51.615608089151948	9.54380591644837e-08	-5.1082756321856635e-08	-1	
62.479719160731605	51.914335185398549	9.3905911996132718e-08	-4.8732578828115288e-08	-1	
61.748995595792593	52.652289958087728	9.0397950843950426e-08	-4.3411181675186214e-08	-1	
61.83803467010997	53.686990986470612	8.4263731403030303e-08	-3.5865224433799085e-08	-1	
60.612230420056648	55.200557202341791	7.1988582637524234e-08	-2.4735584228745079e-08	-1	
57.643731912590724	58.082647284517783	3.5217884527906099e-08	-6.5607816552796075e-09	-1	
59.183248361217146	57.382156173871174	4.6020244974101961e-08	-1.0275993267568948e-08	-1	
59.728815237503227	56.00382530239586	6.3501073708004567e-08	-1.9073916724130984e-08	-1	
56.230000000000011	60	0	0	-1	
57.008750000000006	59.09432628792274	1.7754397263580998e-08	-2.3270456507519609e-09	-1	
88.075020179293062	3.2746235568719841	5.6499172410402693e-08	-6.3968627930960837e-09	-1	
89.743100625738251	2.3534872450770856	4.1872555579708357e-08	-1.462154605175277e-09	-1	
92.052500000000009	0	0	0	-1	
91.273750000000007	1.2818746993589529	2.3711613097475595e-08	1.369828970028047e-09	-1	
87.2237886784701	9.4633263917635322	1.0587066907252473e-07	-4.0483720886536616e-08	-1	
88.06227377807987	6.2859093750447874	8.7560539200947113e-08	-2.1106924068655677e-08	-1	
88.204421756129079	8.8143141930840692	1.0213156367875505e-07	-3.3982646230142862e-08	-1	
88.512887211616743	7.2640015568592702	9.3830767757601928e-08	-2.5096140669678393e-08	-1	
89.002923614326875	5.7616053905291604	8.2247934532794717e-08	-1.6109918706844313e-08	-1	
89.408294963030912	3.6831982028379855	6.0438336940541298e-08	-6.0542991289498261e-09	-1	
86.023806962252465	13.645433887719557	1.1415850552483776e-07	-6.3498114981019021e-08	-1	
88.1246087211358	11.987053847269152	1.1079509427756559e-07	-4.8918953086321602e-08	-1	
87.60092727889554	13.256881707778536	1.1285691725614956e-07	-5.6003726943785519e-08	-1	
85.775521648950217	15.359208687631446	1.143335551755577e-07	-7.0271102538928359e-08	-1	
88.399911013270824	10.382881742668616	1.071301736937416e-07	-4.0883819685734682e-08	-1	
84.230015694873188	16.137441436147483	1.1363132624244218e-07	-7.768443858907659e-08	-1	
85.236965362275896	16.15476322247584	1.139477226636488e-07	-7.4470225137850152e-08	-1	
82.832265058064777	16.714657789756753	1.1231574444655386e-07	-8.315334124590638e-08	-1	
82.157589023550671	18.580010517436342	1.099559331913201e-07	-8.9277506468679008e-08	-1	
83.021726879615599	17.680851237517242	1.1166959782870578e-07	-8.5189948587856318e-08	-1	
83.76814399419537	17.020527332581334	1.1279458755594578e-07	-8.1504369515651968e-08	-1	
78.341636631032316	21.345697414883464	1.0202766348539088e-07	-1.0012535567226293e-07	-1	
77.628630724295704	22.307925893156821	9.9958986522984748e-08	-1.0192289378951114e-07	-1	
79.515426055728355	21.108043351351434	1.0384844096253546e-07	-9.8365094916179229e-08	-1	
80.688653015165215	20.369363582883278	1.0623956672614454e-07	-9.5502168497667661e-08	-1	
81.957626939035194	19.810960073553613	1.0841048623816902e-07	-9.2067591391738523e-08	-1	
78.555041676209939	26.890697519260559	9.7224375750949799e-08	-1.0392602243673452e-07	-1	
79.106141810411174	25.117506141261643	9.9190208218220387e-08	-1.0253239759108584e-07	-1	
79.633617384858482	24.155185276879116	1.0076512330987009e-07	-1.012435485111846e-07	-1	
79.350108846962456	23.095036779448446	1.0139044013858411e-07	-1.0087683114058948e-07	-1	
78.863714174499293	27.93922014590888	9.7223518237769318e-08	-1.0383906236728106e-07	-1	
78.135968294942586	28.754734918664056	9.5936114011375649e-08	-1.0473582904972999e-07	-1	
77.410657202955193	29.656548774013682	9.4799092429748231e-08	-1.0541636238102079e-07	-1	
77.351547672993433	30.797660874723807	9.4752827460671146e-08	-1.0546407434613766e-07	-1	
73.852860907584585	37.38415328334802	9.5283179462793346e-08	-1.0401522713239992e-07	-1	
74.549096740658158	36.636499162842242	9.5097134835700961e-08	-1.0454949887771037e-07	-1	
74.567863243054461	34.66325697361291	9.3192536484535037e-08	-1.0579117633048143e-07	-1	
75.386093528378396	33.20581831107274	9.3079961410981155e-08	-1.0613247301855666e-07	-1	
73.263108359339881	38.218373248946911	9.5812353843302609e-08	-1.0318138972293312e-07	-1	
72.026722139879908	40.198214093472352	9.7578845387510317e-08	-1.0042239906951686e-07	-1	
71.266562222191212	40.957263128412862	9.8186868663388371e-08	-9.8975840369306339e-08	-1	
73.372244035085401	39.533666785734624	9.770610113781955e-08	-1.0144839827843938e-07	-1	
77.235559177216956	32.183446603523286	9.4941866624714335e-08	-1.053949970590113e-07	-1	
71.016365403635604	42.00196408557202	9.9565436017462218e-08	-9.6698363977565294e-08	-1	
71.661206819077847	43.003661856064369	1.0136780105367828e-07	-9.4106589668033076e-08	-1	
70.857546270237933	43.883064264929182	1.0200850081609435e-07	-9.1476130650643911e-08	-1	
70.607210799699544	45.087626105100917	1.0316379953724946e-07	-8.730370451807903e-08	-1	
69.436266859454136	45.465154068846893	1.029170337032843e-07	-8.5678499926923935e-08	-1	
68.279876274160216	46.243069671178517	1.0302439538209025e-07	-8.2356250886386885e-08	-1	
68.388905392282823	47.389438913800973	1.0330847239384089e-07	-7.6979973363200369e-08	-1	
68.135909494496659	48.910586878954248	1.024021580939105e-07	-6.878634522845393e-08	-1	
66.545225745732765	50.910632328509152	9.7995862520852406e-08	-5.6057299031861624e-08	-1	
67.414166389470807	50.273299228107298	1.0002121880702277e-07	-6.0408172055430454e-08	-1	
65.893959466578593	51.692875338584798	9.5207127054512563e-08	-5.06250010604918e-08	-1	
63.372582736722833	52.640985353562442	9.0638652598657837e-08	-4.3643397106309041e-08	-1	
65.305894198881703	52.677876186576214	9.0621154872189248e-08	-4.3537732301013053e-08	-1	
62.747199787809549	54.308890119080331	7.9668927765983564e-08	-3.1365682246534891e-08	-1	
62.20913546898506	55.270049071174299	7.1247584574548526e-08	-2.4331161719992696e-08	-1	
61.393298700351657	55.955347646010729	6.4110669122978134e-08	-1.9472447809689042e-08	-1	
58.830362172448822	58.648589452263955	2.5931734456605999e-08	-3.9045095817807871e-09	-1	
60.033018047821436	58.117552018295434	3.4540058002427731e-08	-6.5061925121930953e-09	-1	
60.292783785939704	57.024191451250928	5.0952777698923041e-08	-1.2451491338495113e-08	-1	
57.787500000000001	60	0	0	-1	
90.745825413620068	3.2887781424655294	5.363098620531415e-08	-2.5329909668623331e-09	-1	
93.609999999999999	0	0	0	-1	
93.314606403820974	1.1411063555156384	1.9397340361154441e-08	2.4509046192465011e-09	-1	
92.127614557388782	2.5149884917527774	4.1019537409187754e-08	9.9945846978775909e-10	-1	
89.427635565268176	9.8154975850752191	1.0335989869089135e-07	-3.4344221345244211e-08	-1	
89.950759329315986	8.7645532171115121	9.8345072398576457e-08	-2.764873256256105e-08	-1	
90.548788778427692	7.6814178025893325	9.1459975682306614e-08	-2.0624895571061808e-08	-1	
90.42523751626338	6.4503383438156119	8.4442537198976746e-08	-1.5495017012194922e-08	-1	
90.25196561403061	4.793502090482801	7.1053911489943289e-08	-8.865476616590525e-09	-1	
87.33476954661316	14.604422100426913	1.1361479855166035e-07	-6.1736009731943322e-08	-1	
89.392736827966317	10.966754578476039	1.0650852021412118e-07	-3.9412078713135197e-08	-1	
89.472222946807747	12.899794441304451	1.0925253147304937e-07	-4.6339145484047928e-08	-1	
88.747444996826175	14.183389801171256	1.1155945513471991e-07	-5.4006591758072187e-08	-1	
86.995063921266109	15.663692319417827	1.1374702624700914e-07	-6.6300435205200118e-08	-1	
86.183186133237598	16.320944281650977	1.1388671781163981e-07	-7.1444067329502797e-08	-1	
84.764287830966765	16.991139838136167	1.133707051744061e-07	-7.8364236533262941e-08	-1	
83.565395284917912	19.428232070217607	1.1046102763430784e-07	-8.7317117107629804e-08	-1	
84.306798053211025	18.38144079634284	1.1201122452410493e-07	-8.3012973012349739e-08	-1	
80.61543995334813	21.554124759238444	1.0478436536788984e-07	-9.722750479058956e-08	-1	
81.814801701310216	21.178003450430964	1.0673252922405261e-07	-9.4436785191325051e-08	-1	
82.991412696891118	20.47712677868445	1.0881158018555974e-07	-9.0543153533668931e-08	-1	
79.719667595481511	25.986949731326536	9.9472647407299892e-08	-1.0209497451621673e-07	-1	
79.856124910534348	27.042281644242873	9.9064460767828611e-08	-1.0227478613436105e-07	-1	
80.099127331870505	25.067992636897252	1.0066019206988571e-07	-1.0110013987705148e-07	-1	
80.679817169947171	23.823887922007629	1.025361215648021e-07	-9.9324052436949212e-08	-1	
81.367558120052664	22.472458827392362	1.0478802859709329e-07	-9.6863918495740399e-08	-1	
79.940472524730609	28.127022874858199	9.8765041969798238e-08	-1.0239411810985299e-07	-1	
79.249441619055901	28.908343220293172	9.7530649024878574e-08	-1.0349781260396666e-07	-1	
78.556001001749621	29.822476446279772	9.6401311089518671e-08	-1.04385959825923e-07	-1	
78.440169914220434	31.14483860849321	9.6344534622293239e-08	-1.0444384135537778e-07	-1	
74.270419732099327	38.566615545660191	9.7209229768391263e-08	-1.0261751652072013e-07	-1	
74.914064359534521	37.674370850395817	9.6715532022824944e-08	-1.034811646563153e-07	-1	
75.434820300442695	35.554304959550983	9.4982413361068267e-08	-1.0500208733297225e-07	-1	
76.39588369621417	36.570182741226915	9.7131976391278987e-08	-1.0385709543644347e-07	-1	
75.776590302840816	34.372465041916392	9.4364865465804804e-08	-1.0549775354176863e-07	-1	
76.835416679530397	33.369381232052525	9.500434596928184e-08	-1.053258747870027e-07	-1	
72.345915866031376	41.278035696321226	9.9413324118562367e-08	-9.8330246806389911e-08	-1	
73.463761399809329	41.413389644938462	1.004900825558738e-07	-9.7997983288940415e-08	-1	
74.784045525580282	39.944288198020914	9.9613724715623487e-08	-1.0045707288810139e-07	-1	
74.596355452363923	41.103432378560427	1.0105815063518894e-07	-9.8408982674126582e-08	-1	
78.230264096157569	32.943128830401726	9.6670558376034457e-08	-1.0432258674260725e-07	-1	
72.759861282339457	42.543034843358612	1.0150865587146534e-07	-9.5364963458013153e-08	-1	
72.603435045270743	43.710467579345774	1.0288186394785362e-07	-9.1977312245682129e-08	-1	
72.66398153014903	44.886776417987598	1.0419081358057796e-07	-8.8043431381191129e-08	-1	
71.707689063205933	45.910519385653501	1.043882458605865e-07	-8.4023427242995804e-08	-1	
70.389481229073667	46.298506325718428	1.0388915636594336e-07	-8.2307623764253298e-08	-1	
69.32507754636957	46.726395740826462	1.0360059559499926e-07	-8.0294159346280726e-08	-1	
69.363468559055377	48.333140344763073	1.0333114674256439e-07	-7.2169232554696966e-08	-1	
68.803033605202273	49.849243010025759	1.012074615497817e-07	-6.3202110845995201e-08	-1	
66.882856083678831	51.93398812103986	9.4483843010747975e-08	-4.9045828883498297e-08	-1	
68.442174566873561	51.153793204293024	9.7720819657202842e-08	-5.4609319802262798e-08	-1	
63.694225729410689	53.746323137897747	8.3786488836948573e-08	-3.5571754758589225e-08	-1	
65.480826483864249	53.900781833513577	8.2930946560383478e-08	-3.4550452590441257e-08	-1	
66.601453858172562	53.380883945855444	8.6845547512780849e-08	-3.8481627319412363e-08	-1	
63.786083716066393	55.008956977931298	7.3759907632892708e-08	-2.630038894287248e-08	-1	
62.372407367877656	56.375549962642253	5.9157643143851044e-08	-1.6702650687528148e-08	-1	
63.481366137527111	56.237708092290696	6.0891054042417699e-08	-1.7654100074697866e-08	-1	
61.458621966783511	57.018812097974084	5.0971276735395741e-08	-1.2539393104102396e-08	-1	
59.344999999999999	60	0	0	-1	
60.123750000000001	59.217669981562345	1.5382102001532648e-08	-1.9966941773283825e-09	-1	
61.067984841334713	58.585993921542361	2.6942444972235269e-08	-4.2706783466808425e-09	-1	
91.871389782093772	4.4028681360520556	6.3372681995678166e-08	-3.8524393162555191e-09	-1	
95.16749999999999	0	0	0	-1	
94.489941779115256	1.0518435589898729	1.6395454602488465e-08	2.7561706510319006e-09	-1	
93.908102152969349	2.1595089708915753	3.2215113732971974e-08	3.0385240908363476e-09	-1	
93.142029668762916	2.9591846533336543	4.4066873145881437e-08	1.6111901829768004e-09	-1	
93.073939034110779	4.0644954302738245	5.6176755569749524e-08	-6.1252645874696675e-10	-1	
90.595706451406897	9.9327705232208494	1.0046226860161311e-07	-3.0004437108696686e-08	-1	
91.13899136416822	8.7139473333558719	9.4319159809087175e-08	-2.279331566849287e-08	-1	
91.656440501193117	7.1301200525016135	8.4702306095073649e-08	-1.4488622638360364e-08	-1	
91.612654176131969	5.7545724101929681	7.5903959089605471e-08	-9.2991575465459361e-09	-1	
88.048198879918004	16.021966052195928	1.1272657981007271e-07	-6.2574028446095087e-08	-1	
90.505468731429275	11.264140351059813	1.0385355231707756e-07	-3.5549999081436554e-08	-1	
89.893299448279691	13.983973357308162	1.0873016424837967e-07	-4.76181792861923e-08	-1	
90.722263990426313	13.038158838030691	1.0535811460592377e-07	-4.0438976593614951e-08	-1	
89.59943274775793	15.687173943443295	1.0985802050440527e-07	-5.3798286914596836e-08	-1	
87.127145585595656	16.768231926078187	1.1328176780489572e-07	-6.8624940313113274e-08	-1	
86.026310673543051	17.733994165905052	1.1305049699239343e-07	-7.5472666052408625e-08	-1	
85.339977171310196	18.518300165279499	1.1236401901304956e-07	-7.9726001782688525e-08	-1	
84.839299178296841	19.578627902364236	1.1122195423774344e-07	-8.3465865014101961e-08	-1	
84.184768635810144	20.551542663107025	1.0984353934710425e-07	-8.7152020030193328e-08	-1	
82.517370385776346	22.353604908208162	1.0635707326834939e-07	-9.4098537916420843e-08	-1	
83.395868979446931	21.602316201096887	1.0809012248251862e-07	-9.0927594628245689e-08	-1	
80.712166003275456	26.370737375444424	1.0067527190036408e-07	-1.0062958434632122e-07	-1	
80.852226019306244	27.479958052701036	1.0033956229398782e-07	-1.0072627296854563e-07	-1	
81.093050101213834	25.092269406105967	1.0206475672128583e-07	-9.9366119985464772e-08	-1	
82.133055203606091	24.256839916750465	1.0414581563480127e-07	-9.6660775111172928e-08	-1	
80.427506670371301	29.070862220813716	9.9253994985710586e-08	-1.0175390606729578e-07	-1	
79.70311444187351	29.84758023224753	9.8107790468936313e-08	-1.0293425530959303e-07	-1	
79.518088064177348	30.930846343211712	9.7908056005622086e-08	-1.0312715321659627e-07	-1	
79.619472111236504	32.518576029830164	9.8505408578589431e-08	-1.0275041566554012e-07	-1	
76.023021660718783	39.152624425104122	9.9839224423456377e-08	-1.0122354774366211e-07	-1	
76.643205857194957	37.92403039643802	9.9008174736678945e-08	-1.0237940642638127e-07	-1	
76.760950826796929	35.110426209140392	9.6180259047798498e-08	-1.0459975794750792e-07	-1	
77.806964602355279	37.189362234683564	9.9615347202713907e-08	-1.0226844209608301e-07	-1	
78.150716115136035	35.687241245463923	9.8537961040430176e-08	-1.0314075611312903e-07	-1	
78.083431359263145	34.392646031057247	9.737238303889924e-08	-1.0392302899630691e-07	-1	
74.137896347889139	42.271140444888538	1.0226591820054187e-07	-9.5891253501300422e-08	-1	
76.05332375079422	40.5653962369597	1.0179409095895554e-07	-9.8881655659322973e-08	-1	
75.215533220586948	42.101160641265722	1.0302271170835447e-07	-9.6012091678686988e-08	-1	
79.353766044620741	34.134278473660871	9.8989052332659687e-08	-1.0261566842639502e-07	-1	
73.840077692857747	43.320663389731976	1.0338013860981539e-07	-9.3086856105391848e-08	-1	
73.008085635459551	46.166723316991863	1.0529104246239349e-07	-8.2849690934256739e-08	-1	
73.762504769628251	45.277675051115672	1.053143540573452e-07	-8.6430940253959823e-08	-1	
72.179425038984633	47.201128129148117	1.0504464254604333e-07	-7.8169808328231894e-08	-1	
70.193678080248716	47.475780597799435	1.0392908488961943e-07	-7.6676564388096678e-08	-1	
70.701679440569691	48.555710318987657	1.0363102775087746e-07	-7.0968260263877055e-08	-1	
69.870698409868794	49.417708797756006	1.0226666372967129e-07	-6.5909156894695393e-08	-1	
69.67689690341625	50.599238241688916	9.9664754888857747e-08	-5.8393543758186434e-08	-1	
68.242896099153697	52.969990431647851	8.9498144179523767e-08	-4.1644905704679114e-08	-1	
69.460942383157132	51.770251759559898	9.5559212443313808e-08	-5.0344072293409487e-08	-1	
65.344559846528213	55.128597344569563	7.2580834054343887e-08	-2.5533557603281988e-08	-1	
66.533254100769057	55.436890147529439	7.0019996361302896e-08	-2.3347534686028407e-08	-1	
68.102993391264889	53.917090791086807	8.3133965482042414e-08	-3.4606930077981153e-08	-1	
67.431184091790612	54.599178852603742	7.7584492466601731e-08	-2.9514766159318025e-08	-1	
64.592538796533802	55.984821879902164	6.3813305898093468e-08	-1.9424299496118601e-08	-1	
63.081667512638163	57.551863734932461	4.3360580276395895e-08	-9.506698214637818e-09	-1	
64.427426585860047	57.826993814469887	3.9467838762895035e-08	-7.9636493259923277e-09	-1	
62.197845300640964	58.704355329480244	2.5029553836757044e-08	-3.6986278305467735e-09	-1	
60.902500000000011	60	0	0	-1	
92.758871479784247	5.2733598675673692	6.785685326874163e-08	-4.5205116762536566e-09	-1	
96.724999999999994	0	0	0	-1	
96.260226360768755	1.6351443899146283	2.0021730733601407e-08	4.4364971068759393e-09	-1	
95.134718266575817	2.1240950670303085	2.8703936603017836e-08	4.2185556918820274e-09	-1	
94.481313436716647	3.1627977978741271	4.180193456560877e-08	3.1787429008638837e-09	-1	
94.300017760572217	4.3039776802654046	5.3004563192546815e-08	1.2000691059399005e-09	-1	
91.515445119390051	10.70746312544861	9.865189403239074e-08	-2.8728628234320957e-08	-1	
92.030051242792609	9.6754154639963552	9.3798813806290585e-08	-2.2676439275133356e-08	-1	
92.283102159922535	8.3891907919926201	8.8069701718895372e-08	-1.7012948418932836e-08	-1	
93.0558118854226	6.9896789952441214	7.7664270124158777e-08	-9.2851016846003482e-09	-1	
88.261986417580545	17.110851557102382	1.1194517476483921e-07	-6.4014126106255228e-08	-1	
89.355425446561256	16.921727671892388	1.1006735152843701e-07	-5.7894328443839554e-08	-1	
91.903129564106194	12.605372731610816	9.9827321577004135e-08	-3.2826990835629922e-08	-1	
90.906078997232427	14.555836039446071	1.0561405204484243e-07	-4.3678897711379139e-08	-1	
91.603543830578971	13.615347804595689	1.0201905880938856e-07	-3.7248128743520159e-08	-1	
91.115060470848846	15.557305361185305	1.0475346941143333e-07	-4.4792264039976104e-08	-1	
90.531195877717323	16.473145054436099	1.068415672641312e-07	-5.0225912364292804e-08	-1	
87.481349685332646	17.899510574879088	1.1239874878510038e-07	-6.949488577527411e-08	-1	
85.986464947697712	19.33576156003982	1.1185482426070531e-07	-7.877008166573952e-08	-1	
85.280831512502019	20.58229556061498	1.1048789747060509e-07	-8.3330284206202737e-08	-1	
84.706407580113279	21.5075730107705	1.0933784247820986e-07	-8.6634031140037773e-08	-1	
83.530970554105295	22.909310944955696	1.0701491604520454e-07	-9.1905242588806793e-08	-1	
81.828008737062802	26.007200876767673	1.0246710597692489e-07	-9.8234099304071017e-08	-1	
81.853044729669492	27.978304546549452	1.0161474711607603e-07	-9.880538812635227e-08	-1	
82.665454481335132	25.251386171367443	1.0409508752567414e-07	-9.5895154304379743e-08	-1	
83.42930916472676	24.202705631236256	1.0578839257570696e-07	-9.3151707795423609e-08	-1	
81.466989844468401	29.288829421930568	1.0078291345928221e-07	-9.975788851930329e-08	-1	
81.320064646655155	30.481716270350361	1.0054060722264103e-07	-1.0009516051412193e-07	-1	
80.521197787883338	31.379701676045482	9.948341202088331e-08	-1.0153201748305623e-07	-1	
81.00378811621691	32.958818222251296	1.0073701753650252e-07	-1.003600633736199e-07	-1	
77.62780574479379	39.824914801144082	1.0261559553464808e-07	-9.9104780380281353e-08	-1	
77.829918188024578	38.514788255795509	1.0119508768822636e-07	-1.0080596784245702e-07	-1	
79.175523309217439	36.48113936392533	1.0072289877880911e-07	-1.0141013970622424e-07	-1	
79.145422819047326	38.099375718346494	1.0242075195440086e-07	-9.9894028720989075e-08	-1	
79.108238553344549	35.186544149518646	9.9441683941549277e-08	-1.0236121645243059e-07	-1	
74.776933786182667	43.886292400665518	1.0481915508415933e-07	-9.1123116608031536e-08	-1	
77.122170375139902	41.489738869678469	1.0420436299673448e-07	-9.6342836311665897e-08	-1	
75.900918505731937	43.076447946150978	1.0492101900607773e-07	-9.3063721772192569e-08	-1	
76.969093836233483	42.635258189253541	1.0548088955217518e-07	-9.3667423779852686e-08	-1	
80.112507742028399	35.585279899384453	1.0119758505468371e-07	-1.0069296364779474e-07	-1	
80.967618135842443	34.411001310622865	1.0152999236310025e-07	-9.9856315938404875e-08	-1	
73.342494409694837	47.283739798862982	1.0566641695011618e-07	-7.7588713581240055e-08	-1	
74.70048040646067	46.521060502626476	1.0659121616070037e-07	-8.0940023354714409e-08	-1	
74.888522032410066	44.974953771760127	1.0594386785991632e-07	-8.7256939274371656e-08	-1	
71.67703454044549	49.167781712033637	1.0340421346425893e-07	-6.7468486421994536e-08	-1	
72.796445196419981	48.897839599109858	1.0426910617617156e-07	-6.895746695311887e-08	-1	
71.668466520193036	50.319248407195914	1.0118346384653366e-07	-6.0292545302632815e-08	-1	
70.806771604140081	51.413025650060383	9.7534304042961428e-08	-5.2920388539732681e-08	-1	
69.94880516991752	52.856483279610416	9.0450282108715669e-08	-4.2527761231572344e-08	-1	
69.172834281525439	54.070230924664884	8.2320809582900964e-08	-3.3507369632540546e-08	-1	
65.641030137200275	56.431276830695261	5.8606780370299272e-08	-1.6471734464101099e-08	-1	
66.952043997757102	56.688397686037234	5.5558138408496129e-08	-1.4805045542336628e-08	-1	
67.74539251851867	55.633763047232634	6.7991667582267058e-08	-2.1988856384132614e-08	-1	
68.446569572403504	54.810694319659881	7.5980114273543837e-08	-2.7994618201574734e-08	-1	
63.530964770344056	58.783049221269529	2.3587587266794725e-08	-3.4340943241507082e-09	-1	
65.637787649407798	57.653942073326355	4.1940762987337855e-08	-8.9960598931479708e-09	-1	
64.730287056040183	59.009295282231093	1.941775425602354e-08	-2.6752280264658735e-09	-1	
62.460000000000001	60	0	0	-1	
93.925835293854689	5.7018164873345132	6.5143157074771347e-08	-2.7935666116112253e-09	-1	
98.282499999999999	0	0	0	-1	
97.765952318741327	0.84615703191631497	8.0412970113412097e-09	2.7055450287706616e-09	-1	
96.807095002696499	2.917501011028969	2.8198404679204663e-08	5.1248412076827313e-09	-1	
97.906214029651096	2.0599223383545309	1.6445952653888708e-08	4.5702323473778153e-09	-1	
95.556464761706337	3.5861289620188446	4.0653834034294863e-08	4.1130955851189091e-09	-1	
95.67261099995477	4.7621846729537465	4.7901606284026255e-08	2.8852558928606517e-09	-1	
92.662827766046874	10.823458383555401	9.2941994760691918e-08	-2.3503962164354687e-08	-1	
94.001342395405146	9.2495405089942917	8.0366598897400681e-08	-1.2665387100811595e-08	-1	
93.695252355625385	10.345349557334519	8.5145846393662146e-08	-1.7142913402762478e-08	-1	
94.185827026760691	8.1205102688951758	7.5419161540531597e-08	-8.7946630965092983e-09	-1	
94.652147074246187	7.0758622537351519	6.7733358250180396e-08	-4.3718334526120503e-09	-1	
88.516121997580882	18.14307958898609	1.1108353926018044e-07	-6.4777638734688304e-08	-1	
89.579037145431357	18.160138056051565	1.0905449736247328e-07	-5.8978385286996568e-08	-1	
92.646302960606917	13.465499025731217	9.6267396184837933e-08	-3.0880912057780672e-08	-1	
93.012758789525691	12.397746302817296	9.2943660388129435e-08	-2.6155849040664326e-08	-1	
92.131160140880411	15.438328391727142	9.9945483335573957e-08	-3.8364632248980592e-08	-1	
92.682818688321547	14.601628657742115	9.6836081892565095e-08	-3.3276803220102452e-08	-1	
91.745218855676427	16.363229966053048	1.0188382642589231e-07	-4.2574625521898886e-08	-1	
91.365039918308611	17.362322895836424	1.0346301230591559e-07	-4.675196868602783e-08	-1	
87.724218082308951	19.187549243727549	1.1131079331687316e-07	-7.0610508516264184e-08	-1	
87.29423159868422	20.261500644960066	1.1075112958718444e-07	-7.4270914178323103e-08	-1	
86.330063013946585	20.900749366909722	1.1051114437615802e-07	-7.9562031510263938e-08	-1	
85.294783297663358	22.424041902149078	1.0888223611718879e-07	-8.5420072223562134e-08	-1	
84.683578688794441	23.650599107684471	1.0742155424031948e-07	-8.8640592949996653e-08	-1	
82.952724929983475	26.342278894247393	1.0379684174553945e-07	-9.5577533377386818e-08	-1	
82.817485396201533	29.082248715838805	1.027081236002176e-07	-9.6547524421583034e-08	-1	
83.40631656172441	28.080016015616387	1.0367031910329031e-07	-9.4752292027215818e-08	-1	
84.062814191180237	25.466682750080651	1.0557906884323517e-07	-9.1864067345362424e-08	-1	
85.087089456019498	24.802660218028731	1.069292290835992e-07	-8.7960180923003894e-08	-1	
82.487732308514694	30.196903562886604	1.0219535832322729e-07	-9.7439465933554712e-08	-1	
82.20498744175103	31.573706548462173	1.0199147423682241e-07	-9.8036325260002196e-08	-1	
82.639269650216079	32.731436069368065	1.0296035120121599e-07	-9.6695166541724831e-08	-1	
82.338593796317497	33.9308245431532	1.031444582704422e-07	-9.7061362142225885e-08	-1	
78.732520835659372	40.825229293314905	1.0524072184181745e-07	-9.621757920001475e-08	-1	
78.812928316371384	39.337089799759724	1.034728572846434e-07	-9.8675651031655363e-08	-1	
80.700251852100564	37.649818584876783	1.0401652551895584e-07	-9.8081557733333874e-08	-1	
80.266773556053749	39.064127872642096	1.0502980671320101e-07	-9.706268726188434e-08	-1	
75.803860507752262	44.26452120196975	1.0613678335881298e-07	-8.9459868419661553e-08	-1	
78.882556101562756	42.30796795343624	1.0721018997973703e-07	-9.2723352268833483e-08	-1	
76.858987119987972	43.78570308116317	1.0666749141844115e-07	-9.0411162686845855e-08	-1	
78.071147765215002	43.321224995605597	1.074437501156588e-07	-9.0823239521553813e-08	-1	
81.390047636455492	35.617099986864503	1.0302559369723062e-07	-9.8321025924579828e-08	-1	
82.524166335391953	35.145131773729126	1.0419225616051763e-07	-9.6028236720281693e-08	-1	
74.252499095122516	48.012743585929258	1.0596520431537048e-07	-7.3664243745902678e-08	-1	
75.215489528834482	47.48883798586759	1.0687336090307305e-07	-7.6087250979529658e-08	-1	
75.913628379332863	45.884118368449208	1.074148970856276e-07	-8.3311506889624126e-08	-1	
72.698375348945731	49.978280877787292	1.0237961477791233e-07	-6.2399790686679812e-08	-1	
74.197868687129954	49.216781828170255	1.0464079301377713e-07	-6.6864798196971588e-08	-1	
72.029334016205681	51.489862522378566	9.757922799950079e-08	-5.2336696102697811e-08	-1	
72.931751223127335	50.981302322834381	9.9743890762526463e-08	-5.5771816172023874e-08	-1	
71.571814916818496	53.060338158583257	8.9873971909671817e-08	-4.1041615635832598e-08	-1	
70.611635776795268	54.142094842708467	8.2030602766038294e-08	-3.2996483442822053e-08	-1	
69.96948332725411	55.240652134526528	7.2273686332901169e-08	-2.4889409775576626e-08	-1	
68.0472792924689	57.424682784337236	4.5575825981137848e-08	-1.0326970782841939e-08	-1	
66.553075172609255	58.464602026165409	2.9228089063590112e-08	-4.8161586328255807e-09	-1	
68.816762774496169	55.779561421056059	6.6512652713558134e-08	-2.099995758340484e-08	-1	
64.017499999999998	60	0	0	-1	
65.575000000000003	60	0	0	-1	
95.463869687395587	5.9253802920621261	5.5860201009015627e-08	2.7065050415954584e-10	-1	
99.061250000000001	0	0	0	-1	
98.671875	0.44353149216973298	3.0699241661159203e-09	1.2869860076576093e-09	-1	
98.789015871703995	1.2151972503357187	6.9426051301612836e-09	2.6041891171513472e-09	-1	
97.569732496799617	4.0845005259508014	2.9046856561066189e-08	4.9001780456986415e-09	-1	
98.771449997912441	3.8196153560008899	1.592995432730478e-08	3.6929311415729672e-09	-1	
98.997256554127944	2.6099457709859024	1.0399245938565349e-08	3.1961265795114951e-09	-1	
96.725151494810746	5.2995444133234377	4.2077248999403123e-08	3.392925499754506e-09	-1	
94.104011244272897	12.108689505895249	8.4633603205220563e-08	-1.9556447913727918e-08	-1	
95.075586752055301	10.024969770033707	7.285267665434972e-08	-1.0092807302295384e-08	-1	
95.821524834429397	8.9300415285790873	6.3202142263473554e-08	-4.8862716924260138e-09	-1	
94.579076151923147	11.061829898987044	7.9155478546437587e-08	-1.4700250416350565e-08	-1	
95.31737525643716	7.9521580601757043	6.5145778045136012e-08	-4.4420058912207347e-09	-1	
96.588211273201765	6.7729405219336822	4.9086732823983065e-08	1.107626669856544e-09	-1	
89.032293594023471	19.104079929895772	1.0964006046414571e-07	-6.3541141230763044e-08	-1	
90.812490133231975	18.52337130051675	1.0507308639573244e-07	-5.2028863498775697e-08	-1	
89.722513149737367	19.948799846266112	1.0769213802666335e-07	-6.0733868933316359e-08	-1	
93.778241691247644	13.569607859070413	8.8541584729354752e-08	-2.4513984088544842e-08	-1	
92.734291937898377	16.238719316988892	9.6403151869956278e-08	-3.6033963567574525e-08	-1	
93.713118670405777	16.049863045090731	8.9638654874129904e-08	-2.9381824720754233e-08	-1	
94.432119338637548	14.916029880045313	8.3531798148114304e-08	-2.3036921269387355e-08	-1	
92.419122260589958	17.184465867715726	9.8087327863240901e-08	-3.9616465697158747e-08	-1	
92.051994333267018	18.181356679346234	9.9950915882657011e-08	-4.3512386658985164e-08	-1	
88.450853851045338	20.283522308211015	1.0971694658010554e-07	-6.8382916696737324e-08	-1	
87.780871643527732	22.042236371730468	1.0918473215824253e-07	-7.3936778251131913e-08	-1	
86.659314884578336	22.425497156719331	1.0923219975452018e-07	-7.9660623332921585e-08	-1	
85.720071869882347	23.812593771333212	1.0796181970350019e-07	-8.4810388908668154e-08	-1	
84.141557258724433	26.708002996483579	1.0501040241154372e-07	-9.2075165569997096e-08	-1	
83.655988846157328	29.887298087802012	1.036794864442829e-07	-9.4116044395298849e-08	-1	
84.445307635298306	28.97206328893553	1.0466669839530962e-07	-9.15583906945205e-08	-1	
84.911852006361201	27.684590128581537	1.0537588451916799e-07	-8.9654823152426104e-08	-1	
85.116794790607926	26.022981214460081	1.0620980198756588e-07	-8.8370999816023561e-08	-1	
86.457066874282987	24.559185191710466	1.077022076100003e-07	-8.2109068485323918e-08	-1	
86.197368512326236	25.520284966838638	1.0705232719654993e-07	-8.3724172173574711e-08	-1	
83.568335596760804	31.915485613067425	1.0385631834955323e-07	-9.4309588487265923e-08	-1	
83.532214457229188	33.261773857494383	1.0430879899810062e-07	-9.403734289901751e-08	-1	
83.404730804996674	34.38922900870012	1.0477686528205521e-07	-9.3962572624486953e-08	-1	
79.90729612393686	41.455316415199668	1.0743952137449624e-07	-9.3420583241845545e-08	-1	
79.814189059319389	40.218704089988421	1.0583713919904084e-07	-9.5950640491465233e-08	-1	
82.734916107859434	37.612346531080384	1.0658179877191457e-07	-9.3578554737135601e-08	-1	
82.423104525994646	36.369372652056946	1.0506310897693826e-07	-9.5504548063572293e-08	-1	
81.964149241071851	38.81078047493488	1.0690264410790922e-07	-9.413073941066127e-08	-1	
81.257355908941847	39.769982903187326	1.07104935734225e-07	-9.420773315763163e-08	-1	
76.713454552886134	44.982293891417982	1.0755318226674811e-07	-8.6387346859590306e-08	-1	
79.338418101343365	43.504531941928811	1.089935919608466e-07	-8.8949045299159916e-08	-1	
78.705041702258129	44.617370599813704	1.0927173934729604e-07	-8.6119004490708904e-08	-1	
83.645900137957739	35.561015347362542	1.0583183583592774e-07	-9.2654646431688242e-08	-1	
75.362306138682243	48.905690215170772	1.0586235530465034e-07	-6.8391242430359161e-08	-1	
76.265442040713154	47.804159053981309	1.0753661851732604e-07	-7.4044440528752501e-08	-1	
77.273796422564217	46.049545635084485	1.085849562385257e-07	-8.1692498662427617e-08	-1	
77.222453328245436	47.187090434956296	1.0855000900792705e-07	-7.6549506925329895e-08	-1	
73.726065603907443	50.325878046231594	1.0200331819565767e-07	-5.9995186944911233e-08	-1	
75.510123625925416	50.728669675576832	1.019764218683099e-07	-5.6982299107142236e-08	-1	
72.991570854359992	52.247927838589561	9.4591755262066623e-08	-4.6878674940215003e-08	-1	
73.838176715743046	51.470085653371278	9.8380434984974431e-08	-5.2287935260278991e-08	-1	
72.869744432054276	53.68180295073654	8.59988701992968e-08	-3.635671255151192e-08	-1	
72.323018560285618	54.823640195052299	7.6813195483987976e-08	-2.7911241282957118e-08	-1	
71.224215435151478	55.452395444384855	7.0500165711234447e-08	-2.3339556120507126e-08	-1	
69.882807980424957	56.557537016566677	5.7549798640303609e-08	-1.5701036381657903e-08	-1	
69.124476097124912	57.328588172551754	4.6945495419413013e-08	-1.0919003715709753e-08	-1	
68.325596518203284	58.723083645408067	2.4635441164477149e-08	-3.8436829645359144e-09	-1	
67.132499999999993	60	0	0	-1	
99.450625000000002	0	0	0	-1	
99.255937500000002	0.35865469165829267	1.4884884498398279e-09	7.0801582734010989e-10	-1	
99.487864112520441	0.86763263410265912	2.5427910973489622e-09	1.1489667041942358e-09	-1	
99.489845047999879	1.5587500000000003	3.789535821692147e-09	1.5059324512025313e-09	-1	
98.481252838722099	5.361451571199729	2.2851338263729398e-08	3.6303209116937342e-09	-1	
100	4.8224999999999998	0	0	-1	
100	3.8900000000000001	0	0	-1	
100	2.0250000000000004	0	0	-1	
97.754785779749966	6.3623247087936878	3.4223009062571615e-08	2.8546617593674675e-09	-1	
95.085292279373562	12.585785847813508	7.606708296511492e-08	-1.5284186944964732e-08	-1	
96.400373721641756	10.040167200237164	5.8407104619199582e-08	-4.9607952099401945e-09	-1	
95.726906376910776	10.99789651442495	6.782989631787189e-08	-9.1690051620469642e-09	-1	
96.41727948162476	7.926987240148442	5.4101161016062508e-08	-1.3145625162907614e-09	-1	
96.900386504519105	8.8923726811439074	5.0504993834768852e-08	-1.632907367141435e-09	-1	
97.545619196475428	7.6305230887157238	3.9840005083241828e-08	1.4220891291300697e-09	-1	
91.501697419744872	19.715562420146242	1.0183503566540633e-07	-4.9107112693747003e-08	-1	
89.328967548906164	21.036633403560447	1.0779721725286702e-07	-6.4276829956191938e-08	-1	
90.757093706829963	20.938183391098892	1.0407338942553403e-07	-5.5288039213878394e-08	-1	
95.272262780567658	13.660762787567702	7.4944716528762795e-08	-1.606595489837281e-08	-1	
93.465250519131857	17.369370902838725	9.133212123960589e-08	-3.2903650210479153e-08	-1	
94.638874631296403	17.022239262380179	8.1433502976103755e-08	-2.462571545334592e-08	-1	
95.407223323011223	16.069593357333822	7.3929065123688103e-08	-1.8598950995498381e-08	-1	
95.941936582170129	14.871438764259414	6.7601187994657013e-08	-1.4058045834387106e-08	-1	
93.585017429437457	18.734939676505409	8.9993467221032365e-08	-3.3679011072369423e-08	-1	
92.696238314134931	19.550044470007656	9.5655203519039556e-08	-4.0713606610394616e-08	-1	
87.648804143006359	23.077945928893008	1.0845046887473344e-07	-7.5382387791350147e-08	-1	
89.623435444944676	22.155359753706854	1.0647917652207151e-07	-6.3562294660384729e-08	-1	
88.618234128847504	23.46568503453468	1.0732479632775533e-07	-7.0452851112217325e-08	-1	
86.74887320008601	23.607342197737307	1.0832467679080919e-07	-8.0141325723792754e-08	-1	
84.793178609710182	30.296539250953753	1.0490396606092489e-07	-9.0316914974451379e-08	-1	
85.774691893699213	29.83680377680232	1.0561216522705239e-07	-8.6440839152840171e-08	-1	
86.401720427344671	28.952744813364585	1.059869270453546e-07	-8.3731248400904463e-08	-1	
86.230283302173916	27.003762122704106	1.0639075975524704e-07	-8.4101800353578932e-08	-1	
87.220209241696367	25.198536225191415	1.0728406625116123e-07	-7.8802350060499321e-08	-1	
87.738362458514018	24.259790969910977	1.0764203168233293e-07	-7.5702030026589279e-08	-1	
86.985973931895032	26.244891437369517	1.0680101301735635e-07	-8.0350711695268373e-08	-1	
84.39538968449807	32.68424712658431	1.0500699312874521e-07	-9.1393996655581892e-08	-1	
85.067845161941619	31.777154871318121	1.053636221715603e-07	-8.9166506950642376e-08	-1	
84.41223884713996	33.813286025128548	1.0552150657182896e-07	-9.101762611737204e-08	-1	
81.029264956617055	42.175241895792425	1.095200381244325e-07	-8.9922600468080897e-08	-1	
81.03016893232963	40.939603435824573	1.0818658157440963e-07	-9.2624667927729002e-08	-1	
83.714807767159783	38.438193285964857	1.0845210089742798e-07	-8.9960264463239286e-08	-1	
84.003507483669011	37.431000321466882	1.0776344749464848e-07	-9.0134467999310021e-08	-1	
83.59272516484684	39.478808984606395	1.0936489811225621e-07	-8.8934096271494546e-08	-1	
82.189497949584634	40.512099692362156	1.0902614469598457e-07	-9.1022084059678083e-08	-1	
78.486199392020922	45.829915941589498	1.0964918396809388e-07	-8.1617742503355073e-08	-1	
80.464096060240706	43.924791561125943	1.1054673777293917e-07	-8.6027565758184781e-08	-1	
80.806248066859339	45.076616642916512	1.1161361417729908e-07	-8.1605129395883387e-08	-1	
79.892302460032653	46.150736475462381	1.1107793861706441e-07	-7.8719333784606733e-08	-1	
84.832051516476923	35.716870337253006	1.0707406075815634e-07	-8.8603305780331826e-08	-1	
76.512910866504512	48.928058861021782	1.0652850596253008e-07	-6.7709229369675444e-08	-1	
76.359812611138466	50.022335194762078	1.0432287107227774e-07	-6.1164262712460087e-08	-1	
78.010421479224377	48.00913087075763	1.0880485292300621e-07	-7.1872592258530549e-08	-1	
78.872391064005413	46.999964724804109	1.1006503620171923e-07	-7.6123530839680532e-08	-1	
74.957500759984839	51.738353834690955	9.7838867998648444e-08	-5.0170244269124778e-08	-1	
76.351340342584535	51.273207169431046	1.0041170333680118e-07	-5.2932731105698461e-08	-1	
75.86238996734987	52.115546933435333	9.6546045270962069e-08	-4.7244369473300582e-08	-1	
74.164393016413626	52.572520628691862	9.3371809172250561e-08	-4.4368131190100752e-08	-1	
74.131178113566179	53.788978220808993	8.5567714619005931e-08	-3.5409176059420744e-08	-1	
73.584452241797521	54.930815465124745	7.6002837560194835e-08	-2.7048245837318658e-08	-1	
72.245844780555814	55.929589097779072	6.5345168017527435e-08	-1.9991469859728394e-08	-1	
73.353112983668566	55.984688046006816	6.4983259484554244e-08	-1.9546765224895993e-08	-1	
71.008580408536588	57.246256733430876	4.8507679479280643e-08	-1.1368240680033361e-08	-1	
69.586432972989357	58.30643426229026	3.2186750716977108e-08	-5.4861769739426167e-09	-1	
68.689999999999998	60	0	0	-1	
99.840000000000018	0	0	0	-1	
99.663428299883066	0.33657170011692927	7.5115342321092744e-10	3.9384713500201852e-10	-1	
100	0.6262500000000002	0	0	-1	
100	1.0925000000000002	0	0	-1	
100	5.7549999999999999	0	0	-1	
98.948000955364861	6.6875	1.7999968962737428e-08	2.3627704381406237e-09	-1	
96.070627276951754	12.117119301250087	6.463163053843583e-08	-9.6128795172528942e-09	-1	
97.522376583583494	10.595644129457284	4.4159925753696652e-08	-2.1105632849973479e-09	-1	
97.444185427789904	11.974383300839198	4.6402552719711797e-08	-3.8626896012138486e-09	-1	
97.978668537938418	8.8407073962714282	3.5426185309696731e-08	6.0329807515230265e-10	-1	
98.799023740455723	7.9152244050546248	2.1630394158728421e-08	1.7197581112338418e-09	-1	
92.364388003608198	21.54833712090733	9.6877403743473528e-08	-4.4832956953395676e-08	-1	
90.789244935385184	22.104652134424992	1.0327125522151605e-07	-5.6052997789752663e-08	-1	
96.849370293578289	12.930726504672908	5.526659113778638e-08	-7.1975903680714912e-09	-1	
96.965778016413751	14.050925866157446	5.416408178773007e-08	-7.9136067299459426e-09	-1	
94.874090584247554	18.268664446661912	7.9112073996075912e-08	-2.4336932766216809e-08	-1	
95.80180880712139	17.403655092098468	6.9225818803610374e-08	-1.7537760957450089e-08	-1	
96.784992788493241	15.876798864624341	5.6871191593872506e-08	-1.0470414145241997e-08	-1	
96.576895500024989	16.822776877303287	5.9725336124255248e-08	-1.2375604624350833e-08	-1	
93.773162135572818	20.092777574772693	8.8357951912850978e-08	-3.3566371975867228e-08	-1	
90.254807176673737	23.244301461095322	1.0429447871794909e-07	-6.0367373126179881e-08	-1	
88.290165925206239	25.176739888353783	1.067021058429689e-07	-7.3189816033609913e-08	-1	
89.604658023507909	24.597944949345568	1.051050843423861e-07	-6.5217220672381502e-08	-1	
86.230510613890246	30.820142135234242	1.0587455399767673e-07	-8.4466297229058238e-08	-1	
87.377350346139579	29.807797382098514	1.0592030116456501e-07	-7.9038811209467224e-08	-1	
87.550832631685111	27.563080383567904	1.0627028501155493e-07	-7.7934421924452784e-08	-1	
88.058642188212445	28.747181152183298	1.0575014373204691e-07	-7.5415415873040565e-08	-1	
88.056669355419743	26.221135281289289	1.0642073806386151e-07	-7.4872086926561643e-08	-1	
85.48395599927052	32.788432799019205	1.0597169747946345e-07	-8.7335965654197493e-08	-1	
86.443069061913718	32.263139158219019	1.0622678656854949e-07	-8.3333291211701055e-08	-1	
85.604002779025777	33.98675764813229	1.0653772013248326e-07	-8.6438520289762404e-08	-1	
81.640778118089798	43.681505002904913	1.1155340303217619e-07	-8.4701325951294616e-08	-1	
82.299069417789468	42.536988993078822	1.1123413160692444e-07	-8.648959614484751e-08	-1	
84.726945530655385	38.167338450761861	1.0903148907954229e-07	-8.6937140788594422e-08	-1	
84.570911162050422	39.798253568443307	1.1048044058186357e-07	-8.5403972247842707e-08	-1	
85.083348673822485	37.198559194160183	1.0840079518922953e-07	-8.6511004033972176e-08	-1	
83.451640584387079	40.756662757342127	1.1051890891657404e-07	-8.7228882993108665e-08	-1	
83.522423599020442	42.040331284718995	1.1185236798085891e-07	-8.4512138262868635e-08	-1	
82.074314721615309	45.248292451126957	1.1280906712057697e-07	-7.8633750421029156e-08	-1	
81.297954330205286	46.265509324108514	1.1230585632987586e-07	-7.6113358259962554e-08	-1	
80.080958926510675	47.548391198404424	1.1084827087253073e-07	-7.2099283355665439e-08	-1	
86.125984712480602	35.256931528007492	1.0751329631548898e-07	-8.3675223390184749e-08	-1	
85.783871791683893	36.344537394112066	1.0811604284304183e-07	-8.4444852077568966e-08	-1	
77.402851954496469	49.657713886295959	1.059164648598274e-07	-6.2889883483355118e-08	-1	
77.257703721956958	50.916676424617222	1.023367861178016e-07	-5.4915328317191139e-08	-1	
79.129472349129031	48.155273155541721	1.0950673852581773e-07	-7.004115377532614e-08	-1	
78.760149402640138	49.221684416750563	1.0777528676593003e-07	-6.4489270327110839e-08	-1	
75.229981238700319	53.160222971476436	9.0444251685840046e-08	-3.9855295791577541e-08	-1	
76.842745549367237	52.114117194470438	9.7007957879477678e-08	-4.6867389444238573e-08	-1	
76.274886968262507	53.004898008986601	9.1821833389534944e-08	-4.0679847046081125e-08	-1	
74.811486866554361	54.61880221006755	7.9244912170717986e-08	-2.9160633468171205e-08	-1	
74.505683331854542	55.98493518193095	6.5360148812375289e-08	-1.9397269406930326e-08	-1	
72.781872018210436	56.900028981652724	5.3329285949421227e-08	-1.3546070124055991e-08	-1	
73.895804665572939	56.917238852922168	5.3333951086323464e-08	-1.3352449935577517e-08	-1	
72.064130695846188	57.938229206243932	3.8047689747583002e-08	-7.5303744384149828e-09	-1	
70.892468923826812	58.574442034493913	2.7447467029277112e-08	-4.4207689918208666e-09	-1	
70.247500000000002	60	0	0	-1	
100	0	0	0	-1	
100	0.16	0	0	-1	
100	7.6200000000000001	0	0	-1	
98.65720076013443	11.314361056483499	2.5946884436383993e-08	-4.5647730816919559e-10	-1	
98.731064201450636	9.9731212848857993	2.41801454898206e-08	5.2448291874844452e-10	-1	
97.807233121962526	13.397336352021348	4.1220152386295189e-08	-3.8893342440335983e-09	-1	
98.649335187508541	12.744580609920263	2.6784293414055639e-08	-1.0277057225914211e-09	-1	
100	9.4849999999999994	0	0	-1	
93.126833568972046	22.486160870087136	9.185277286911715e-08	-3.9906318173295836e-08	-1	
94.018331806999285	21.670031274824851	8.5738016268320783e-08	-3.2910629886860423e-08	-1	
91.495748907504193	23.033379849115587	1.0011155314860679e-07	-5.1879191491334619e-08	-1	
97.971477747482965	14.477245740496537	3.8639210285271684e-08	-4.1107201501618152e-09	-1	
97.859285299185288	15.584837209116893	4.0711104031901583e-08	-5.2235355793302936e-09	-1	
95.715727786766536	19.217637103734024	7.0278647892016042e-08	-1.9376791249188092e-08	-1	
96.787548107231913	17.768189147700053	5.6743146364475585e-08	-1.1843704993300833e-08	-1	
97.499773815954541	16.529914926892541	4.6401736086103383e-08	-7.3506877297267434e-09	-1	
97.790320908354886	17.453524636190274	4.1916554429050644e-08	-6.4135803307230097e-09	-1	
95.140937589306446	20.535309432413193	7.5754970041736214e-08	-2.4190907277571964e-08	-1	
91.100170687418	24.461979929104825	1.0104408128935551e-07	-5.5369467074914516e-08	-1	
89.177605685860001	25.923444955920509	1.0522481335984036e-07	-6.8321622576387471e-08	-1	
90.293119157438014	26.240852393525547	1.028618508575515e-07	-6.1449410763449987e-08	-1	
87.748084913813045	31.012629835830801	1.0587029973871569e-07	-7.7090689139712508e-08	-1	
88.634578335563759	29.899683963507496	1.0512522625437364e-07	-7.2223025660459484e-08	-1	
89.286798661939386	27.658604855439286	1.0459740221562369e-07	-6.8187547259768792e-08	-1	
89.33917670101512	28.889295674513939	1.0429406815856371e-07	-6.8009003007458596e-08	-1	
86.8058592960966	34.063793910411171	1.0699892611843989e-07	-8.1177128298722806e-08	-1	
87.892272019371376	32.428161248452739	1.0611545539012885e-07	-7.6158167804211974e-08	-1	
83.140858395446926	44.109800965801327	1.1309996063984142e-07	-7.9974496374571308e-08	-1	
84.088764428056081	43.214663220425592	1.1319982591362418e-07	-7.9998158159289234e-08	-1	
85.271321819063218	39.044385145699131	1.1012874128875394e-07	-8.3827572220588407e-08	-1	
86.129198571223739	38.457566941727436	1.0989707219111457e-07	-8.1100096819682368e-08	-1	
86.165737856643872	37.418830686929788	1.0904562475634868e-07	-8.1981291245913618e-08	-1	
84.828730484168162	40.794457304839952	1.1155601843065267e-07	-8.2880802388162611e-08	-1	
86.395491601421426	40.018651658721417	1.1130909662136454e-07	-7.8059282978000296e-08	-1	
85.155454955219156	42.320947797877423	1.1303575832168051e-07	-7.8706014665075038e-08	-1	
82.574448634661806	46.426142905577557	1.1322432383535786e-07	-7.2954923877088024e-08	-1	
84.170723080354747	45.281576115362412	1.1416864066570299e-07	-7.3433323952151086e-08	-1	
81.845274904208225	47.429846494381209	1.1226468460629176e-07	-6.991959811044917e-08	-1	
81.003960660173917	48.097001519506897	1.1101286243161239e-07	-6.796426824852278e-08	-1	
79.783265866850911	48.978855190659147	1.089171290171344e-07	-6.4839036150923167e-08	-1	
86.802638374092666	36.067386742799165	1.08098386977202e-07	-8.0108360867489747e-08	-1	
87.329557539074258	35.152480175694578	1.0747432257113784e-07	-7.8104684621348604e-08	-1	
87.025981720832789	37.020543316866991	1.0876179604810336e-07	-7.8405593680492506e-08	-1	
78.349726297873687	50.962478594331174	1.0287984943448097e-07	-5.3934108860112168e-08	-1	
78.553424531753123	52.036311996017268	9.8490646439106887e-08	-4.6477434827273699e-08	-1	
79.349116330980578	50.519950960404287	1.0490657962972683e-07	-5.5950737739552031e-08	-1	
80.157465126528251	49.915973738886791	1.0717922085031963e-07	-5.8903475312182904e-08	-1	
75.766966387206324	54.130451170183314	8.3512428692821498e-08	-3.2559721706326887e-08	-1	
77.2514395007275	53.001043886506153	9.2260384060572448e-08	-4.031295241717707e-08	-1	
76.849758971089372	53.891168852470777	8.595427748587434e-08	-3.3983315763560059e-08	-1	
75.688834696625122	55.23661175807684	7.3666941760758782e-08	-2.4510804947471302e-08	-1	
75.587832760854184	56.386404673472086	6.0585355414152511e-08	-1.6580241143942252e-08	-1	
74.880568475914316	57.438182573847037	4.6308453024984569e-08	-1.0033198927375187e-08	-1	
73.3211810132388	58.051528860760385	3.6345216506416993e-08	-6.916525075971888e-09	-1	
72.598319651457174	59.041531422126923	1.8950538704423701e-08	-2.6588475759055996e-09	-1	
71.805000000000007	60	0	0	-1	
100	11.35	0	0	-1	
98.962858872550413	14.018612936186607	2.11035029322095e-08	-1.0181250670075056e-09	-1	
100	13.215	0	0	-1	
92.50108504587989	23.325484964448783	9.5089329618692334e-08	-4.4881042335097877e-08	-1	
94.242304221534425	22.951522931218797	8.3415345122657376e-08	-3.1892765180254647e-08	-1	
93.508316353363242	23.774633653358674	8.869444524990545e-08	-3.7682536795028663e-08	-1	
95.598805131986282	21.893507159698643	7.0725850533908272e-08	-2.1640547175028505e-08	-1	
98.878945551479262	15.13802743224605	2.2604883762913575e-08	-1.7114303276369319e-09	-1	
98.832212240546838	16.418261064996816	2.3806726371856776e-08	-1.9948485198951193e-09	-1	
96.549814051395373	20.821161232188576	5.9328750021007636e-08	-1.490968540779337e-08	-1	
96.95620223974241	18.80555255030438	5.4240307565723383e-08	-1.147333898645326e-08	-1	
97.313367377927733	20.062940164258872	4.899291601199441e-08	-9.9839182845191997e-09	-1	
98.992277822798101	17.621263935331172	2.0597991558290285e-08	-1.9361661474372981e-09	-1	
98.945758634551524	18.68220350306213	2.1403672085082172e-08	-2.3336314316627483e-09	-1	
98.135701965543817	19.368909403902098	3.5856663115021373e-08	-5.6521117304572269e-09	-1	
91.906882319115439	25.486603057372594	9.7294945641867007e-08	-5.0053725614017229e-08	-1	
92.579636097105038	24.369446592996223	9.4282398016603008e-08	-4.4776292497653784e-08	-1	
91.988287363279483	26.78814423247303	9.663133206525792e-08	-4.9820006740820363e-08	-1	
90.8144183105248	27.772309907897437	1.0089969267309973e-07	-5.8272822292887408e-08	-1	
89.169000056286478	30.938338117459921	1.0447942603482214e-07	-6.9035366554621636e-08	-1	
89.867442151007253	30.002075511443362	1.0310283214938877e-07	-6.4679355916504945e-08	-1	
90.956632762617062	29.415474260081218	1.0027367349779032e-07	-5.7460234917591534e-08	-1	
88.42028469646263	33.957497971605761	1.0623647649633389e-07	-7.2835725481038428e-08	-1	
89.028972680072584	32.891526660621423	1.0500568246478889e-07	-6.9516329746844806e-08	-1	
89.789488925819143	31.927985827450168	1.0350575617123085e-07	-6.5079556390227035e-08	-1	
85.209337231217546	43.881082024683117	1.1400873715516821e-07	-7.4527751001002147e-08	-1	
87.039833313134068	38.958618329547036	1.1026214309231741e-07	-7.6452745731730327e-08	-1	
86.991786788411517	37.967899132610434	1.094810659974226e-07	-7.7739333308281329e-08	-1	
86.07694595937123	41.217557649341273	1.1226008758482651e-07	-7.7353623243403945e-08	-1	
87.727394805424012	39.807654152242719	1.1058002638554981e-07	-7.207822684944321e-08	-1	
87.335918346082593	40.827629061582165	1.1165730887517146e-07	-7.2525131729714233e-08	-1	
86.324809384323032	43.355129756940975	1.1371248279416721e-07	-7.1752013375895289e-08	-1	
86.886791348546055	42.257368314648112	1.1286380732055188e-07	-7.1911148912442124e-08	-1	
83.084573960327802	47.372810778710409	1.1302629340783773e-07	-6.7626656696326089e-08	-1	
84.512686590473237	46.427853620029872	1.1412829076994993e-07	-6.8079373710904324e-08	-1	
85.330377075226053	45.620464791230638	1.144218801311301e-07	-6.8593548640691235e-08	-1	
82.663557023552698	48.362332202862618	1.1177633262905916e-07	-6.3748477954039155e-08	-1	
81.747181154250015	48.771194941147236	1.1059885969758439e-07	-6.3251553123696916e-08	-1	
80.819970991695769	49.15485466936218	1.0928579316387312e-07	-6.2492059941643725e-08	-1	
87.682351373980111	36.363997829305845	1.0803497692553904e-07	-7.5594607810110239e-08	-1	
88.379205423164578	35.750591330363392	1.0709844423986149e-07	-7.221202484910825e-08	-1	
87.891830604328732	37.406494150490943	1.0861787246053033e-07	-7.3746081059008253e-08	-1	
79.69196005410231	52.021851565060551	9.905027708421579e-08	-4.5680563998924298e-08	-1	
79.419378851906615	53.687756500925097	8.8633750549495212e-08	-3.4166286287248038e-08	-1	
78.353347975661677	54.043995493789993	8.5572088953868573e-08	-3.2231559193157428e-08	-1	
80.507139815924731	51.226896097358399	1.0309403369001114e-07	-5.0205886034576808e-08	-1	
81.580837133079896	49.6814308708203	1.0856587190799546e-07	-5.8372264308654253e-08	-1	
81.709228144482935	50.597790805146175	1.0597523829131838e-07	-5.2679935589861358e-08	-1	
77.466622210240033	54.966319382949855	7.6825616549988087e-08	-2.5964043979216446e-08	-1	
77.116139442961185	56.155281429798052	6.392086216354165e-08	-1.7776083845078151e-08	-1	
76.147326679158567	57.395954917245504	4.705803009465928e-08	-1.0168953530217005e-08	-1	
75.69874999999999	59.176754274418727	1.6875582367369853e-08	-1.912985186973581e-09	-1	
74.39858384719787	58.726813465264591	2.4919259470378267e-08	-3.7436480734462026e-09	-1	
73.362500000000011	60	0	0	-1	
100	15.08	0	0	-1	
95.52761509586351	23.152422070618059	7.1091391495322726e-08	-2.261326072102098e-08	-1	
94.753534924770847	24.147778621256837	7.853250608315214e-08	-2.8550455061164749e-08	-1	
93.541965509891057	24.849549800036275	8.8106606865666477e-08	-3.7805121889988922e-08	-1	
97.149995444067443	21.750154803314619	5.0923792845416285e-08	-1.1540216510655156e-08	-1	
96.730229642518452	22.773406205049913	5.6639636139015139e-08	-1.434542403395905e-08	-1	
100	16.945	0	0	-1	
98.229675973395345	21.510286685605109	3.3921813538724218e-08	-5.7721070952205965e-09	-1	
98.323646236884173	20.433412157069107	3.2615795983397228e-08	-4.9975911181672675e-09	-1	
100	18.809999999999999	0	0	-1	
99.211537386203631	19.816858454955515	1.6087773796690562e-08	-1.7728924093552165e-09	-1	
92.889248285307843	25.591120428604253	9.2098361862424444e-08	-4.2898628418074214e-08	-1	
92.295846132156385	28.162081942546749	9.4868464762311112e-08	-4.7787303923451264e-08	-1	
93.343973740480351	27.222015059742787	8.9001738685512163e-08	-3.9840405907317015e-08	-1	
90.764766019219692	30.85368991482957	1.0091073260972723e-07	-5.8772771199682256e-08	-1	
92.605055965250685	29.361483671173936	9.3067438557736583e-08	-4.5568526422534276e-08	-1	
92.17778786158479	30.524074396711448	9.5244412085821816e-08	-4.8729392086637599e-08	-1	
89.604835986616266	35.247964480425431	1.0502719415310453e-07	-6.5278567071498345e-08	-1	
90.151444133912847	34.041306466879583	1.0332673276391934e-07	-6.2293381006651584e-08	-1	
91.054741145352267	32.096778193279761	1.0004953666592294e-07	-5.6631262479323613e-08	-1	
86.386415870654801	45.167390280499227	1.1423418493356548e-07	-6.6312122155372138e-08	-1	
87.843834304065965	38.423102359949816	1.0940049267369307e-07	-7.307447631305839e-08	-1	
88.769947653088039	38.697891391528998	1.0856849132835673e-07	-6.7794403963696354e-08	-1	
88.722402894531285	40.25883209553291	1.0977880063803446e-07	-6.6227523671967681e-08	-1	
88.022909817713739	42.159511980452983	1.1183353844311807e-07	-6.6701626328066638e-08	-1	
88.920487475734276	41.456166129574207	1.1018437833843937e-07	-6.3319435502174867e-08	-1	
87.303614779133909	44.316786524291736	1.1354921092125724e-07	-6.5055359932425384e-08	-1	
87.531824318095659	43.102110267678313	1.1292021840925723e-07	-6.7118387715785781e-08	-1	
84.142560977434997	47.565350077401177	1.1329394256698878e-07	-6.4208014795769705e-08	-1	
85.445537748743831	47.176639221168429	1.1373551291839244e-07	-6.2169681317184207e-08	-1	
86.239384692719497	46.323458106322612	1.1404060184292969e-07	-6.2836407607958588e-08	-1	
84.509699406070965	49.204814190495227	1.1084755434881147e-07	-5.5263688757560649e-08	-1	
82.64605408244681	49.554462024896822	1.0955740116557688e-07	-5.738250560080748e-08	-1	
88.600252796941206	36.704240024811824	1.0747374364790816e-07	-7.0436230098217662e-08	-1	
88.997357718199027	37.599011199688157	1.0747593505646147e-07	-6.749265038231586e-08	-1	
80.297470791666939	52.986127970666502	9.3874085240021835e-08	-3.8455783404109298e-08	-1	
80.933933049782397	54.330913408046158	8.3984932881299161e-08	-2.8464467029194912e-08	-1	
79.671650413900025	54.783058791689768	7.9412127071266143e-08	-2.6223975807440211e-08	-1	
78.565208062604171	55.540408264561606	7.1439550079630287e-08	-2.1484993982433226e-08	-1	
81.52481813561532	51.708443979571967	1.0136161821721729e-07	-4.5809856671925361e-08	-1	
82.844848922469936	51.35698244099693	1.036802213264948e-07	-4.6187670413340892e-08	-1	
77.260603717455723	57.722763151272545	4.214434490736367e-08	-8.2616776761531188e-09	-1	
78.353952224229857	57.334461170125977	4.8402667050620327e-08	-1.0130469631372073e-08	-1	
76.777590952134275	58.829929697455341	2.3322486147008664e-08	-3.1499363452948805e-09	-1	
74.920000000000002	60	0	0	-1	
76.477499999999992	60	0	0	-1	
95.555367349535629	25.025638407516926	7.0121554464953333e-08	-2.2954700219539458e-08	-1	
96.736702025441673	24.891394505462795	5.6140694156598314e-08	-1.4780543418327269e-08	-1	
94.516185284243164	25.134747127611583	8.0313102910039373e-08	-3.0591795069239475e-08	-1	
93.832427420987173	25.885024988693957	8.5694022883101807e-08	-3.5892627462706477e-08	-1	
98.690700654398569	22.75433708969544	2.6067067339535436e-08	-3.7468979953110962e-09	-1	
97.720829168093601	23.829383061165785	4.1958721114997493e-08	-8.7253332361206686e-09	-1	
99.357761261922604	21.607499999999995	1.3176924997099617e-08	-1.4878101571485851e-09	-1	
100	20.674999999999997	0	0	-1	
93.617366186197685	28.647758763326152	8.679665077682418e-08	-3.792134582367792e-08	-1	
94.706278368443932	26.809394715221522	7.8323107982260034e-08	-2.9486153239945319e-08	-1	
94.66501846731849	28.578702842243334	7.8552657549808929e-08	-2.9980499695873497e-08	-1	
92.231669130292062	31.749878496240704	9.5113810255496556e-08	-4.8261195567041294e-08	-1	
93.388321892404107	30.094830163923262	8.834052318663745e-08	-3.9694891354713762e-08	-1	
93.190882338043764	31.093629210018314	8.9610520405494868e-08	-4.1149903356439677e-08	-1	
90.929245990596215	35.275207272191935	1.0151209340778199e-07	-5.6646050545235253e-08	-1	
89.925559829813039	36.968381471773895	1.0530717445771591e-07	-6.2354177401513427e-08	-1	
91.428538475823061	34.098375164950383	9.9287156772241279e-08	-5.359637752501623e-08	-1	
91.999839527080312	32.954766008257863	9.6464422133139251e-08	-4.9761903199514916e-08	-1	
87.702383644919777	45.922141658471496	1.1313101514569659e-07	-5.8472622536059361e-08	-1	
90.117223118717334	38.305088939086488	1.0550547163371582e-07	-6.0083456694855004e-08	-1	
90.007059135470683	39.650966186935669	1.0662626475923553e-07	-5.9438030263820087e-08	-1	
90.76383627374797	40.853933760563535	1.0520511753504333e-07	-5.3302408886323736e-08	-1	
89.045926977918597	42.663274750070208	1.1052122515256776e-07	-6.0395462906387233e-08	-1	
90.03804081241536	41.929368866312871	1.0781235086234349e-07	-5.6074440784703549e-08	-1	
88.395411204597849	44.927328212576597	1.1226898628014928e-07	-5.8299983766392086e-08	-1	
88.400220964905401	43.714926523031274	1.1211009785202935e-07	-6.1457231539228437e-08	-1	
85.514858622813037	48.534593275156226	1.1202924373673151e-07	-5.5861083314229923e-08	-1	
86.7943946793919	47.34818972966746	1.1310849002546308e-07	-5.689499453859247e-08	-1	
83.703711254861318	50.104772093104572	1.0837166378440313e-07	-5.2093037894556317e-08	-1	
85.521023363443547	49.60933964318226	1.0971585361786867e-07	-5.0436703065577474e-08	-1	
84.775360299341386	50.383357959791098	1.0751143288719754e-07	-4.8141166349697778e-08	-1	
82.046859692033777	52.705955953738112	9.611217275281318e-08	-3.8490311713806403e-08	-1	
81.936592834334292	53.824032793943552	8.8385455989831919e-08	-3.1003611579992195e-08	-1	
80.928534332561853	55.818697979967148	6.8929763343290591e-08	-1.8413640712171531e-08	-1	
82.316102178031514	54.881495445084099	7.9365049853824512e-08	-2.3493637703345198e-08	-1	
79.694573648775844	56.123680821235453	6.482167608083418e-08	-1.7142509701670112e-08	-1	
84.057078922546182	51.98666880598882	1.0084772458974675e-07	-4.0095653368054241e-08	-1	
83.255206417862453	53.389601182078138	9.2219596593868661e-08	-3.2320290811118533e-08	-1	
77.970575626106282	58.640439169677009	2.6857627449057586e-08	-3.8019938863438582e-09	-1	
79.271336901418763	58.239719497153196	3.3963995895250927e-08	-5.3596047058192589e-09	-1	
80.160182768649051	57.306424094346163	4.8980561035053449e-08	-9.8059598926790619e-09	-1	
78.034999999999997	60	0	0	-1	
95.815016994583118	26.185877651622846	6.7390134780085163e-08	-2.1222833775258456e-08	-1	
97.87058504804088	24.955139382351454	3.9497523472983692e-08	-8.0371260138326021e-09	-1	
97.404061377936387	26.174570152580085	4.6855172596738801e-08	-1.0662494411049295e-08	-1	
100	22.539999999999999	0	0	-1	
98.908695657139418	23.926021316327699	2.1878018196315134e-08	-3.0097263155718609e-09	-1	
94.241654328792066	29.539487328267136	8.2132294420522799e-08	-3.3208738370115962e-08	-1	
95.558144552010731	27.754063374057552	6.9834722889334276e-08	-2.3296871123915744e-08	-1	
95.321018860917306	29.398463481681745	7.2207954238238153e-08	-2.5112423470796118e-08	-1	
93.303805390051849	32.287830638035665	8.9046052285674877e-08	-4.0206198755930232e-08	-1	
94.255721157113612	30.627934682463302	8.2019782875963615e-08	-3.3100501433114882e-08	-1	
92.380116997108715	35.12533983719689	9.504870156785382e-08	-4.6402171015847059e-08	-1	
91.819068335286971	36.43093350296617	9.8708528068045263e-08	-4.9953598667551254e-08	-1	
91.094613646171226	37.482851654823506	1.0192166873618199e-07	-5.4287058999430348e-08	-1	
93.460298533503533	34.201999017423084	8.8575441963829945e-08	-3.8708779988074546e-08	-1	
89.08052395783767	45.927608926153901	1.1075822603517325e-07	-5.2012036495548236e-08	-1	
88.532319144067941	47.192034525097938	1.1111515809712944e-07	-5.0384984089315282e-08	-1	
91.392574948811003	38.748935059898237	1.014628144959479e-07	-5.133713669168401e-08	-1	
91.406378780760917	39.899455926208915	1.020358820036784e-07	-5.0139263658068749e-08	-1	
91.108477838291691	42.662515708358946	1.0451156646203313e-07	-4.8346886334340355e-08	-1	
92.075312532576646	42.14613207832722	9.9988481964574313e-08	-4.2916339916835329e-08	-1	
92.071636485829956	40.838242907072527	9.9472237933618315e-08	-4.4636392020992245e-08	-1	
90.146110086431094	43.22229606858793	1.080585826318691e-07	-5.3142521309016702e-08	-1	
90.271353772169164	44.328559943394502	1.0796272412499482e-07	-5.0060009655561241e-08	-1	
86.490166973738269	49.066389775048208	1.105767143495408e-07	-5.0242700621073779e-08	-1	
87.719300692555834	47.892736686146868	1.1150563886511091e-07	-5.1060360022571149e-08	-1	
86.985885853606632	50.06644037689906	1.0755394835591171e-07	-4.365555573799939e-08	-1	
85.854571772153633	50.631035888971184	1.0639513880849069e-07	-4.400362321016253e-08	-1	
85.064035775670433	51.452333277101424	1.0314172140218266e-07	-4.1207432274828659e-08	-1	
82.051891862498223	56.507449787620914	6.0333434798235738e-08	-1.3502210484093365e-08	-1	
81.159647571908621	57.477094732186345	4.6641874452552202e-08	-8.4681127063988422e-09	-1	
84.307082482751625	55.525745088385861	7.2430539334980134e-08	-1.7327761681972723e-08	-1	
84.32041297060843	54.279998625942447	8.4944255130063386e-08	-2.5043494793608346e-08	-1	
83.588092640908044	56.543151377889984	6.0275955857245e-08	-1.2076381922683302e-08	-1	
84.925140478972835	52.468973829301412	9.7897693564547836e-08	-3.5389134185321091e-08	-1	
84.733540099247705	53.443365072974927	9.1639547716542509e-08	-2.966541310183544e-08	-1	
79.592500000000001	60	0	0	-1	
80.559025686373303	58.293986224485941	3.3271766028024833e-08	-4.7522428914263803e-09	-1	
96.727348863606593	27.252098591959211	5.6048236794761653e-08	-1.5083878120991505e-08	-1	
98.939956113826611	25.337499999999999	2.1249162991014982e-08	-2.9554223643205958e-09	-1	
97.9746461171693	27.503607887962929	3.7688395695782989e-08	-7.6557870561682792e-09	-1	
98.795001319686619	26.571047548103408	2.3719691680512395e-08	-3.6838175144680993e-09	-1	
100	24.405000000000001	0	0	-1	
95.449231745445402	30.585814764247921	7.0964399996857171e-08	-2.415231612820218e-08	-1	
96.559658696660691	28.343840331646479	5.807872343317942e-08	-1.628907641871634e-08	-1	
96.947683942444911	29.377985595572113	5.304755760142114e-08	-1.3723867330399756e-08	-1	
94.470076976765839	32.568328859736162	8.0319618967171453e-08	-3.1359414353198666e-08	-1	
95.665670296223226	31.925769897522635	6.8799149418248806e-08	-2.2526911824132788e-08	-1	
93.761339007498464	35.459370043980179	8.6747794714477199e-08	-3.6093084740978379e-08	-1	
93.969330780724974	36.735436926113884	8.5561593054950642e-08	-3.4071974369588428e-08	-1	
92.603660479364962	37.773528491544546	9.5034884068015283e-08	-4.3548663809543504e-08	-1	
94.739383228322154	34.613771576903915	7.8372757815144991e-08	-2.9008657809166404e-08	-1	
90.409381728013727	46.292900097342063	1.0711452858158226e-07	-4.4191987704938712e-08	-1	
89.37598528103625	48.09952635824925	1.0820210206741863e-07	-4.3212455896896268e-08	-1	
92.380205882389049	39.312428806378165	9.6938929701945189e-08	-4.3997988911873939e-08	-1	
91.122136126670426	43.757906851054109	1.0474484993927997e-07	-4.624719682293261e-08	-1	
92.006038722861092	43.240034504837602	1.0060793478543425e-07	-4.1645483301946399e-08	-1	
92.969282482342351	42.780355310599333	9.4829531155514457e-08	-3.605391045460258e-08	-1	
93.146483351520871	41.583421954630509	9.3365129258388308e-08	-3.6371543762124637e-08	-1	
93.485478973726771	39.579470857087344	9.0149842598558789e-08	-3.5935189829030805e-08	-1	
91.137384628381923	44.980832685607801	1.0467330406987952e-07	-4.3473042209487694e-08	-1	
87.59582655787564	48.958915216723611	1.0972753956829243e-07	-4.6853236170170043e-08	-1	
88.765995253656996	49.178055979725279	1.0748553924590172e-07	-4.1408828756364769e-08	-1	
86.883742512015957	51.277508488997981	1.0319571046005933e-07	-3.7610473581253483e-08	-1	
88.237603818983644	50.244883023982894	1.0556027978029568e-07	-3.855374136903175e-08	-1	
86.022017736377748	52.070190157329044	9.9891576587744836e-08	-3.5349575538856297e-08	-1	
82.112480225977052	57.823747718494459	4.1107985146794574e-08	-6.5038606243395837e-09	-1	
81.472484104437058	58.841661632344874	2.329234486201007e-08	-2.6330067830516214e-09	-1	
85.032132989605927	54.968806299216766	7.8382693459206967e-08	-1.9713206979253121e-08	-1	
85.004136048280699	56.558304179857139	6.0004794002687577e-08	-1.0729304634244018e-08	-1	
85.374785150840921	54.121181058457708	8.6096123224265117e-08	-2.4349648812407656e-08	-1	
84.054422072825488	57.60875736957864	4.4659839091056388e-08	-6.4492412529038634e-09	-1	
85.626333503241796	53.17216465971304	9.3361214663542033e-08	-2.968921778409759e-08	-1	
81.149999999999991	60	0	0	-1	
97.646246345516474	28.542201869298726	4.2977924351467797e-08	-9.4140781439582133e-09	-1	
100	26.27	0	0	-1	
98.920995710060311	28.032066109220139	2.1326765785386939e-08	-3.2527225149906537e-09	-1	
100	27.202500000000001	0	0	-1	
96.591765149256631	30.933462622210651	5.7682934783759308e-08	-1.6084075694531955e-08	-1	
97.933088338855541	30.069148403428443	3.8471482805730677e-08	-7.8372351557082086e-09	-1	
95.598927598061394	33.235168144467629	6.9651222492448906e-08	-2.2887251475973577e-08	-1	
96.948827223400713	32.195003359590331	5.3053257915147986e-08	-1.3700893141549855e-08	-1	
95.127262550920634	36.416422040055629	7.5188914610409454e-08	-2.5658145749411246e-08	-1	
94.435684304819773	38.050499914589246	8.2049979455592619e-08	-3.0009642673725805e-08	-1	
93.432750815160375	38.486955827495066	9.0127415327561809e-08	-3.7079387692733414e-08	-1	
95.808770517330913	35.427420840018684	6.7625656291264477e-08	-2.1040554516833011e-08	-1	
96.045625285479957	34.298579595132701	6.4692491306816141e-08	-1.9586472001421787e-08	-1	
90.670763376485411	48.114281896589908	1.0423296002340171e-07	-3.6936095720134985e-08	-1	
91.172886292321678	47.112777583422556	1.0349084835553926e-07	-3.758299623019001e-08	-1	
91.575180522921556	45.97270159270758	1.0247139083871673e-07	-3.8530391973645629e-08	-1	
89.956396426517344	49.194257777413178	1.0458899519088403e-07	-3.6299873040169171e-08	-1	
91.986882560310704	44.307169240113105	1.0072452345451256e-07	-3.9827684044341695e-08	-1	
93.028744408665759	44.59494470257841	9.4481615627627186e-08	-3.273055091070166e-08	-1	
94.315960650783055	44.057399184775726	8.464429626846998e-08	-2.5326292756129836e-08	-1	
94.650591905376984	42.742765305693133	8.1486261579303435e-08	-2.4814462019993936e-08	-1	
94.345506481389137	41.420962295917093	8.4095863219083305e-08	-2.8207496154179357e-08	-1	
94.70515064048287	39.670039060812208	8.0087770617289549e-08	-2.7140336500389443e-08	-1	
89.231022907911026	50.016725573780093	1.0429349134364252e-07	-3.5857691133630829e-08	-1	
88.034767574518966	51.667714255054946	1.0016361514428308e-07	-3.2064321857661313e-08	-1	
87.148867189426227	52.38819035610441	9.7413485079922243e-08	-3.0725746150320679e-08	-1	
89.496530694432835	50.938204288949017	1.0061995754005704e-07	-3.067259293083643e-08	-1	
82.674872928610483	58.839450953854616	2.3381626723809893e-08	-2.4043960269930562e-09	-1	
82.70750000000001	60	0	0	-1	
85.945111072650818	54.920328755440906	7.8472246917581364e-08	-1.8647791825072687e-08	-1	
85.885457346177049	55.975329979060234	6.7050532884569589e-08	-1.2853389599053769e-08	-1	
85.043749999999989	58.220484041473725	3.4650141680037806e-08	-3.421117696200053e-09	-1	
86.088627114067975	57.468956510441423	4.6607538087902546e-08	-5.5997955904606966e-09	-1	
86.340646816427864	53.945056268517448	8.714040094154714e-08	-2.3601969885965055e-08	-1	
83.832472757897392	58.750561980796412	2.5119529206664576e-08	-2.2488151138290443e-09	-1	
87.303240597619165	53.51959397786537	8.9937612043625072e-08	-2.4004074247889703e-08	-1	
98.60049250975834	29.067499999999999	2.7353059114916344e-08	-4.4300980642753867e-09	-1	
100	28.134999999999998	0	0	-1	
98.155307514716199	31.252088169143093	3.4853175214490865e-08	-6.6781768576754912e-09	-1	
98.981597235982633	30.484524703180789	2.0303051357570763e-08	-2.9521453019613996e-09	-1	
96.882084525238895	33.504401606535325	5.3958956847805375e-08	-1.4070802907505095e-08	-1	
97.702340881482357	32.599120470069792	4.2039787639986218e-08	-9.1371448955618708e-09	-1	
95.726170775053021	37.519914442456518	6.9103861749883172e-08	-2.0981965302485661e-08	-1	
96.328334296661779	36.418195042457761	6.1749936643592706e-08	-1.7185636762191532e-08	-1	
95.593403932509887	38.829320520861586	7.0869080065566263e-08	-2.1354977297952188e-08	-1	
96.778721608096447	35.394119209958035	5.5661487932102039e-08	-1.4465767581589379e-08	-1	
97.098191902149111	34.477684352338663	5.109184663875392e-08	-1.2593286327322058e-08	-1	
90.941979846124468	49.555453159660608	1.004523349956065e-07	-3.0455366574541086e-08	-1	
91.728842175861956	48.860698199115902	9.8548723330625592e-08	-2.9183491813921442e-08	-1	
92.281854796960957	46.95363246845244	9.8109094042559771e-08	-3.1933329894630344e-08	-1	
92.566096315732992	48.069771489346934	9.5362026063334207e-08	-2.7309998240727389e-08	-1	
93.02146437321565	45.675795214415636	9.4417938877909937e-08	-3.0613977912506531e-08	-1	
90.172674500043087	50.198135844294804	1.0134942118150432e-07	-3.1250827613828254e-08	-1	
93.97719405553201	45.113340396247075	8.7280659644435934e-08	-2.5822258726957164e-08	-1	
95.060489734298059	44.878570758854451	7.7435898705213857e-08	-1.9538874343805624e-08	-1	
95.731739957400791	43.832232525848241	7.0276726706082152e-08	-1.6722843265466945e-08	-1	
95.97730529570218	42.45979553254643	6.7315383958666983e-08	-1.6485169414657961e-08	-1	
96.273990122300162	41.269658922994147	6.3475071925491992e-08	-1.5504912966872986e-08	-1	
95.841682462308825	40.121810011837773	6.8444127737548299e-08	-1.9024077125867491e-08	-1	
88.953649361044086	52.479053427328978	9.4664192430685008e-08	-2.5139347073780844e-08	-1	
90.459807864577684	51.530896406783725	9.5564262842497329e-08	-2.4423285283050533e-08	-1	
84.265000000000001	60	0	0	-1	
87.154958789225986	55.211304725282112	7.5022882279258244e-08	-1.4973434391050244e-08	-1	
86.845603740221023	56.416583931931875	6.1124598422480311e-08	-9.4444402047187227e-09	-1	
85.043750000000003	59.280639920119071	1.4896853584164763e-08	-7.2495079185273947e-10	-1	
85.970097658830809	58.750561980796384	2.5088766425662404e-08	-1.4053662570511327e-09	-1	
86.977949799020706	58.39936877144784	3.1137411739385765e-08	-1.8574667703860666e-09	-1	
88.05063721171679	57.145173248984428	5.0793822996637502e-08	-4.8237319119395999e-09	-1	
88.236034746167718	54.11382378074299	8.4296665818856469e-08	-1.8600842489183313e-08	-1	
100	30	0	0	-1	
98.941831615851115	31.96733058722856	2.1056293789076105e-08	-3.1030960080343521e-09	-1	
100	31.865000000000006	0	0	-1	
97.770075330734059	33.451473399484847	4.096162429702674e-08	-8.7443838071157024e-09	-1	
98.490765091125283	32.929999205480229	2.895970723628506e-08	-5.1374658485122358e-09	-1	
96.763638057336223	38.227055292133436	5.6554229027558351e-08	-1.3821155706085869e-08	-1	
97.444221850681188	36.498038688391141	4.6581426973665983e-08	-1.0086276416790152e-08	-1	
97.73737738492116	35.242814158480712	4.1587310160912947e-08	-8.7848872143503852e-09	-1	
98.095175154756063	34.475215414357749	3.5818261925864256e-08	-6.9273824181720183e-09	-1	
91.875627597683291	49.819911659130675	9.5694394122683243e-08	-2.5190494347395725e-08	-1	
91.093575183253435	50.594132915370771	9.7018179928482394e-08	-2.5767809709762022e-08	-1	
92.578831768250751	49.221464748512034	9.3368521722876886e-08	-2.3804878424625545e-08	-1	
93.506844567156875	47.61835284873888	8.9689687279555264e-08	-2.3404122540976503e-08	-1	
93.284094122388524	48.637748895916353	8.9979080271776159e-08	-2.1965865278833631e-08	-1	
94.427331573676639	46.126824911619742	8.3185713586867021e-08	-2.1326790224005333e-08	-1	
95.507981937147903	45.890261511398606	7.2476580644034149e-08	-1.5472407266464993e-08	-1	
96.162438989770266	44.998379559194376	6.5046862668394879e-08	-1.2982124125793571e-08	-1	
96.924723842427667	43.482675649314274	5.4942410293502615e-08	-1.026012422906294e-08	-1	
97.282068289060248	41.968390234323273	4.9715659512621759e-08	-9.2581990709671283e-09	-1	
97.081952377598171	40.310027582050026	5.2351974812363951e-08	-1.11753924808693e-08	-1	
90.170818114499369	52.624364182904877	9.0884730457148906e-08	-2.0491948835628637e-08	-1	
89.248566660709656	53.668859620131784	8.6152319185837978e-08	-1.8289215776125932e-08	-1	
91.546712915795055	52.404291562680186	8.7666675108506971e-08	-1.6742334661819187e-08	-1	
85.822499999999991	60	0	0	-1	
88.39930017962331	55.207696890583868	7.4064587028098233e-08	-1.2697100346907616e-08	-1	
87.379999999999995	60	0	0	-1	
88.628027091502972	58.429528724337239	3.0137924371528507e-08	-7.625675503808862e-10	-1	
89.444630132232817	55.838767930219042	6.5849627674645551e-08	-7.9603550001673722e-09	-1	
89.456216558780923	57.059763885007051	5.0646429255278628e-08	-3.3582712056811623e-09	-1	
89.34402288431717	54.725309611792007	7.7211657214026687e-08	-1.306530933401648e-08	-1	
100	32.797499999999999	0	0	-1	
99.280499500860358	33.263750000000002	1.4453439537315983e-08	-1.9858881337186465e-09	-1	
98.592748841026392	33.789907087537358	2.7266453343500007e-08	-4.6019145411966688e-09	-1	
97.873922065734504	39.123192745870682	4.003050677027253e-08	-7.3042937980546364e-09	-1	
98.292874740515828	37.468253644119869	3.3011251071060824e-08	-5.4937190097473731e-09	-1	
99.168731256965827	36.527500000000003	1.6899137177933126e-08	-2.1226116844763867e-09	-1	
98.885515585833303	35.310802479343941	2.2236869884768107e-08	-3.1852970716372577e-09	-1	
98.881613678297981	34.522927627773342	2.2157916563162536e-08	-3.3024682014150417e-09	-1	
92.55726270115197	50.510570770163042	9.0330063966338007e-08	-1.9760551752794794e-08	-1	
92.495216684404269	51.825964574053728	8.6056565322947323e-08	-1.5410318766612495e-08	-1	
93.44596789185681	49.538812749088592	8.7277939176086198e-08	-1.8632194597891705e-08	-1	
94.51767973522189	47.877193194605908	8.1002277273420116e-08	-1.7346647477834645e-08	-1	
95.075651238086976	46.970876693622834	7.6567968219814636e-08	-1.6111957993877708e-08	-1	
94.224567610328904	48.933867315105495	8.2203981826718328e-08	-1.6429333668419008e-08	-1	
96.573491472129859	45.986066235775816	5.9473587760556658e-08	-9.7442731737795331e-09	-1	
96.135515382599493	47.06798381560921	6.4710630326142331e-08	-1.0520182533639748e-08	-1	
97.158978961073686	45.163021172831655	5.1368662184158634e-08	-7.7563419943879997e-09	-1	
97.470709610666148	44.263061760526519	4.7029317506116138e-08	-6.8920137421152267e-09	-1	
97.848696482139346	43.417420207236702	4.0820855181635742e-08	-5.80912775798631e-09	-1	
98.026018751864754	41.378053975356458	3.7770155287984015e-08	-5.8970004406107042e-09	-1	
98.654671230558023	42.266950077340887	2.7100124018891053e-08	-2.9322003379773338e-09	-1	
98.325297396579828	40.476726353137174	3.2682223103624591e-08	-4.7836330719218336e-09	-1	
91.004732695166695	53.740654886330951	8.1613522898621428e-08	-1.3048097057489021e-08	-1	
90.359911706236844	55.030544565562018	7.2627029594395344e-08	-9.3347168275768364e-09	-1	
92.990559391132749	53.52681465292001	7.5033761048280152e-08	-7.7929811078441716e-09	-1	
88.9375	60	0	0	-1	
90.162886957844151	58.883795935866488	2.1547941014229267e-08	7.3965028263960306e-10	-1	
90.607545725254354	56.411231369126931	5.7428762799243694e-08	-3.7334137068059591e-09	-1	
91.074346144470482	58.158914747896567	3.2764082607280948e-08	6.999683743073595e-10	-1	
100	33.730000000000004	0	0	-1	
98.907885135681354	39.530416498505694	2.1811497534718673e-08	-2.8794477215165643e-09	-1	
98.732295064853318	38.459993283121229	2.5196397763814624e-08	-3.5264049132533678e-09	-1	
100	37.460000000000001	0	0	-1	
100	35.594999999999999	0	0	-1	
100	34.662500000000001	0	0	-1	
93.523424246812269	51.405357021284267	8.1622116626985459e-08	-1.2783239105666397e-08	-1	
93.372677045976118	52.507275676788652	7.8087055932110277e-08	-9.89813053925496e-09	-1	
94.570550879598741	51.030556732039727	7.497215298940067e-08	-9.556128909149651e-09	-1	
94.580274028325888	49.853459313710061	7.7640521658635756e-08	-1.2533780119204524e-08	-1	
95.264298193404301	48.653289026044341	7.3075844297882405e-08	-1.2048030706116261e-08	-1	
97.41598454177435	46.645379925874444	4.7284351176718923e-08	-5.341804836973002e-09	-1	
97.825703797928909	45.810885709525003	4.1057950594899304e-08	-4.4453285740056945e-09	-1	
96.784471242150218	47.836759910436356	5.5668800159289829e-08	-6.6012492292158272e-09	-1	
96.33032947667121	48.734487958606024	6.0774529958535238e-08	-7.1493640569845223e-09	-1	
98.143466845545902	44.937228390232328	3.6043534266713753e-08	-3.7285503200828753e-09	-1	
98.740138184534004	43.669045728375139	2.5340329769659951e-08	-2.3742338291318275e-09	-1	
98.970999294400073	41.283338802402923	2.0702539139417115e-08	-2.3929974623084234e-09	-1	
100	41.189999999999998	0	0	-1	
100	43.055	0	0	-1	
100	40.2575	0	0	-1	
91.446502195110398	55.390297818197745	6.6603742904867704e-08	-5.4994060257234018e-09	-1	
92.207883218141149	54.53566325824761	7.1518561364234427e-08	-6.5919520794232437e-09	-1	
94.221843698054997	53.188737064536447	6.9546096322635058e-08	-5.0765684796523747e-09	-1	
94.036123149639039	54.259722510115196	6.4829120698460287e-08	-2.7053656669257593e-09	-1	
90.49499999999999	60	0	0	-1	
91.273750000000007	59.233358358232557	1.4461615156362766e-08	1.0351888607275613e-09	-1	
91.928856494055012	56.428293783306543	5.4570297255765996e-08	-1.4402696962680973e-09	-1	
92.229461116905753	58.32835056193268	2.8846109194855407e-08	1.9779521071001114e-09	-1	
100	39.325000000000003	0	0	-1	
94.385593386612314	52.107933576746362	7.3028290233385228e-08	-7.4874124287465151e-09	-1	
95.764073467938459	50.831761579308477	6.4117981645916372e-08	-5.6400580888924267e-09	-1	
96.120683686424769	52.105095817757899	5.7522355352703382e-08	-1.894825036586559e-09	-1	
95.734463326947534	49.622158784512976	6.679113933627341e-08	-8.0138180760526892e-09	-1	
97.839349128923956	47.664324158574537	4.0213633519714996e-08	-2.9784092296661751e-09	-1	
98.708501114537981	46.70577255023565	2.5616656612109322e-08	-1.3652516833549162e-09	-1	
98.845914813460169	45.687336270745043	2.3095702887688518e-08	-1.5306299652848474e-09	-1	
97.394943071665125	48.636437681161304	4.6468086131543876e-08	-3.4614451541524802e-09	-1	
97.544524315005745	49.871068774671627	4.3500618966713439e-08	-1.5203007358591258e-09	-1	
100	44.919999999999995	0	0	-1	
93.158078589531385	56.196095422874535	5.3353903670338283e-08	2.4363398243122843e-10	-1	
93.778084807650657	55.295884455924501	5.8665068925933039e-08	-6.612499134930589e-10	-1	
95.235262621329795	52.795692496206115	6.3374751374411889e-08	-3.0503629456645308e-09	-1	
95.042180846834128	53.901863216825333	6.010655361192228e-08	-1.0352286225839662e-09	-1	
94.824487818602179	54.979928392214219	5.532941470337854e-08	8.2241839158943375e-10	-1	
92.052500000000009	60	0	0	-1	
92.81052090864992	57.315745696725891	4.1480579371439976e-08	1.5250766424470306e-09	-1	
93.28708561298221	58.822748701008123	2.0148801958413522e-08	2.4881390466110639e-09	-1	
96.965893392312452	50.971920599725713	4.9892612463050291e-08	-1.6052206558236991e-09	-1	
96.906371642428809	53.190667163818262	4.5526964967214743e-08	1.534043503481088e-09	-1	
97.452338361072222	52.299262610684941	4.1124966400276704e-08	1.1860675469728458e-09	-1	
96.001192192138561	53.616817412012679	5.3398120531589849e-08	5.6907375618644362e-10	-1	
99.044430019453287	47.883691866089571	1.9160953057336746e-08	-2.8398997203021032e-10	-1	
98.695065879041138	49.10529859008453	2.5231347582392075e-08	-3.0919575215636404e-11	-1	
100	46.785000000000004	0	0	-1	
98.255689539161111	51.25204276222361	3.1136058229970418e-08	1.0228173886761571e-09	-1	
98.863589734853804	50.258126431146373	2.1911946913867788e-08	7.7031329444086985e-10	-1	
93.968425452627216	57.132251434385495	4.0777781698386946e-08	2.8535928306019661e-09	-1	
94.569541944794338	56.049796317873941	4.8793080837869141e-08	2.3174425718011464e-09	-1	
95.859217498120671	54.607169398693394	5.0083202475014896e-08	2.0239336399532127e-09	-1	
95.940465343285382	55.683461407110691	4.3584635493606725e-08	3.7830525632958928e-09	-1	
93.609999999999999	60	0	0	-1	
94.388750000000002	59.348609805005992	1.0542846938242785e-08	1.9527586526421354e-09	-1	
94.388749999999987	58.296887597010219	2.5357649931821526e-08	3.3893918056710603e-09	-1	
98.169810613672155	53.637313195414563	2.8730446224795606e-08	3.0232723401545915e-09	-1	
96.935838698707741	54.530406841588302	4.0926656822654157e-08	3.3830754849175544e-09	-1	
98.465870277278782	52.5550648586105	2.6393271165654876e-08	2.1641538662630642e-09	-1	
100	48.650000000000006	0	0	-1	
99.366148883689078	51.447499999999998	1.2101962429944273e-08	1.0398320541880596e-09	-1	
100	50.515000000000008	0	0	-1	
95.364645840976181	57.225143936942693	3.470346136960705e-08	4.4569752935442633e-09	-1	
96.807095002696528	57.082498988971068	2.820201496731303e-08	5.1262928079738827e-09	-1	
97.569732496799588	55.91549947404922	2.8863781095837119e-08	4.8374529926384096e-09	-1	
95.16749999999999	60	0	0	-1	
95.303520628910519	58.908206075324991	1.5686317345464129e-08	3.2597866436701899e-09	-1	
98.159147485650095	54.852628443968406	2.638306963199535e-08	3.931609918752334e-09	-1	
99.293641256184344	53.312500000000007	1.2433436833284791e-08	1.7506845423992853e-09	-1	
100	52.380000000000003	0	0	-1	
96.260226360768755	58.364855610085357	1.983502874824111e-08	4.3618178191504193e-09	-1	
97.90621402965111	57.940077661645482	1.6404681776498851e-08	4.5602972318112045e-09	-1	
98.771449997912427	56.180384643999076	1.5832259491306124e-08	3.6936779931951579e-09	-1	
96.724999999999994	60	0	0	-1	
99.330285106832292	55.177500000000002	1.0083137993609505e-08	2.1887488702024471e-09	-1	
100	54.245000000000005	0	0	-1	
97.765952318741327	59.153842968083694	8.0080756334694173e-09	2.6948032680601661e-09	-1	
98.789015871704009	58.784802749664294	6.9238942901691643e-09	2.6000961854132789e-09	-1	
98.997256554127944	57.390054229014076	1.0359064048198478e-08	3.1937179016823362e-09	-1	
100	56.110000000000007	0	0	-1	
98.282499999999999	60	0	0	-1	
98.671875	59.556468507830267	3.0613592137089747e-09	1.2847683075784856e-09	-1	
99.489845047999879	58.441249999999997	3.7788278154123063e-09	1.5044691898566668e-09	-1	
99.487864112520441	59.132367365897345	2.5368468028617535e-09	1.1478273194444111e-09	-1	
100	57.975000000000001	0	0	-1	
99.061250000000001	60	0	0	-1	
99.255937500000002	59.641345308341705	1.4850492055185331e-09	7.0723575668001803e-10	-1	
100	58.907500000000006	0	0	-1	
100	59.373750000000001	0	0	-1	
99.663428299883066	59.663428299883073	7.4967993227601076e-10	3.9353942171591579e-10	-1	
99.450625000000002	60	0	0	-1	
100	59.840000000000003	0	0	-1	
99.840000000000018	60	0	0	-1	
100	60	0	0	-1	
7700
0	1	2	0	0	-1	0
1	4	2	0	-1	-1	-1
4	1	3	0	-1	0	-1
5	2	4	0	0	-1	-1
7	4	3	0	-1	-1	-1
7	3	6	0	-1	0	-1
8	5	4	0	-1	-1	-1
8	4	7	0	-1	-1	-1
8	9	5	0	-1	0	-1
11	7	6	0	-1	-1	-1
8	7	11	0	-1	-1	-1
10	11	6	0	-1	-1	0
9	8	12	0	-1	-1	-1
13	8	11	0	-1	-1	-1
8	13	12	0	-1	-1	-1
12	14	9	0	-1	0	-1
11	10	16	0	-1	-1	-1
11	16	13	0	-1	-1	-1
16	10	15	0	-1	0	-1
13	17	12	0	-1	-1	-1
17	14	12	0	-1	-1	-1
16	18	13	0	-1	-1	-1
18	17	13	0	-1	-1	-1
14	17	19	0	-1	-1	0
21	16	15	0	-1	-1	-1
16	21	18	0	-1	-1	-1
15	20	22	0	0	-1	-1
18	23	17	0	-1	-1	-1
15	22	21	0	-1	-1	-1
19	17	23	0	-1	-1	-1
21	24	18	0	-1	-1	-1
18	25	23	0	-1	-1	-1
24	25	18	0	-1	-1	-1
23	27	19	0	-1	-1	-1
22	20	29	0	-1	-1	-1
26	19	27	0	0	-1	-1
30	21	22	0	-1	-1	-1
24	21	30	0	-1	-1	-1
29	20	28	0	-1	0	-1
25	32	23	0	-1	-1	-1
31	22	29	0	-1	-1	-1
23	32	27	0	-1	-1	-1
24	33	25	0	-1	-1	-1
22	31	30	0	-1	-1	-1
24	30	33	0	-1	-1	-1
27	36	26	0	-1	-1	-1
34	32	25	0	-1	-1	-1
34	25	33	0	-1	-1	-1
36	27	32	0	-1	-1	-1
38	29	28	0	-1	-1	-1
26	36	35	0	-1	-1	0
31	29	38	0	-1	-1	-1
39	30	31	0	-1	-1	-1
30	40	33	0	-1	-1	-1
38	28	37	0	-1	0	-1
41	32	34	0	-1	-1	-1
38	39	31	0	-1	-1	-1
30	39	40	0	-1	-1	-1
42	34	33	0	-1	-1	-1
36	32	41	0	-1	-1	-1
43	33	40	0	-1	-1	-1
43	42	33	0	-1	-1	-1
48	35	36	0	-1	-1	-1
41	34	44	0	-1	-1	-1
45	34	42	0	-1	-1	-1
34	45	44	0	-1	-1	-1
48	36	41	0	-1	-1	-1
37	51	38	0	-1	-1	-1
35	47	46	0	-1	-1	0
39	38	52	0	-1	-1	-1
48	47	35	0	-1	-1	-1
53	40	39	0	-1	-1	-1
37	49	50	0	0	-1	-1
43	40	54	0	-1	-1	-1
37	50	51	0	-1	-1	-1
55	41	44	0	-1	-1	-1
52	38	51	0	-1	-1	-1
56	42	43	0	-1	-1	-1
45	42	56	0	-1	-1	-1
53	39	52	0	-1	-1	-1
41	55	48	0	-1	-1	-1
58	44	45	0	-1	-1	-1
40	53	54	0	-1	-1	-1
47	61	46	0	-1	-1	-1
57	43	54	0	-1	-1	-1
43	57	56	0	-1	-1	-1
48	62	47	0	-1	-1	-1
44	58	55	0	-1	-1	-1
45	56	59	0	-1	-1	-1
45	59	58	0	-1	-1	-1
64	50	49	0	-1	-1	-1
62	48	55	0	-1	-1	-1
51	50	65	0	-1	-1	-1
60	46	61	0	0	-1	-1
51	66	52	0	-1	-1	-1
61	47	62	0	-1	-1	-1
53	52	66	0	-1	-1	-1
53	67	54	0	-1	-1	-1
63	64	49	0	-1	-1	0
54	67	57	0	-1	-1	-1
50	64	65	0	-1	-1	-1
58	68	55	0	-1	-1	-1
69	56	57	0	-1	-1	-1
66	51	65	0	-1	-1	-1
59	56	69	0	-1	-1	-1
55	68	62	0	-1	-1	-1
67	53	66	0	-1	-1	-1
72	58	59	0	-1	-1	-1
70	57	67	0	-1	-1	-1
70	69	57	0	-1	-1	-1
75	60	61	0	-1	-1	-1
58	71	68	0	-1	-1	-1
59	69	72	0	-1	-1	-1
77	61	62	0	-1	-1	-1
73	71	58	0	-1	-1	-1
72	73	58	0	-1	-1	-1
63	79	64	0	-1	-1	-1
77	62	68	0	-1	-1	-1
65	64	80	0	-1	-1	-1
60	76	74	0	-1	-1	0
80	66	65	0	-1	-1	-1
76	60	75	0	-1	-1	-1
61	77	75	0	-1	-1	-1
82	67	66	0	-1	-1	-1
63	78	79	0	0	-1	-1
70	67	83	0	-1	-1	-1
81	64	79	0	-1	-1	-1
85	68	71	0	-1	-1	-1
70	86	69	0	-1	-1	-1
80	64	81	0	-1	-1	-1
72	69	86	0	-1	-1	-1
80	82	66	0	-1	-1	-1
68	85	77	0	-1	-1	-1
89	71	73	0	-1	-1	-1
84	67	82	0	-1	-1	-1
84	83	67	0	-1	-1	-1
72	90	73	0	-1	-1	-1
70	83	88	0	-1	-1	-1
76	93	74	0	-1	-1	-1
86	70	87	0	-1	-1	-1
89	85	71	0	-1	-1	-1
70	88	87	0	-1	-1	-1
95	76	75	0	-1	-1	-1
75	77	94	0	-1	-1	-1
90	72	86	0	-1	-1	-1
73	91	89	0	-1	-1	-1
91	73	90	0	-1	-1	-1
79	78	98	0	-1	-1	-1
85	97	77	0	-1	-1	-1
92	74	93	0	0	-1	-1
81	79	101	0	-1	-1	-1
81	102	80	0	-1	-1	-1
87	90	86	0	-1	-1	-1
75	94	95	0	-1	-1	-1
82	80	102	0	-1	-1	-1
96	93	76	0	-1	-1	-1
96	76	95	0	-1	-1	-1
102	84	82	0	-1	-1	-1
94	77	97	0	-1	-1	-1
84	104	83	0	-1	-1	-1
104	88	83	0	-1	-1	-1
78	100	98	0	-1	-1	-1
78	99	100	0	0	-1	-1
101	79	98	0	-1	-1	-1
89	106	85	0	-1	-1	-1
108	87	88	0	-1	-1	-1
90	87	107	0	-1	-1	-1
81	101	103	0	-1	-1	-1
103	102	81	0	-1	-1	-1
85	106	97	0	-1	-1	-1
107	91	90	0	-1	-1	-1
89	91	110	0	-1	-1	-1
84	102	105	0	-1	-1	-1
105	104	84	0	-1	-1	-1
101	98	100	0	-1	-1	-1
92	93	115	0	-1	-1	-1
109	88	104	0	-1	-1	-1
87	108	107	0	-1	-1	-1
93	96	116	0	-1	-1	-1
88	109	108	0	-1	-1	-1
89	110	106	0	-1	-1	-1
94	117	95	0	-1	-1	-1
97	117	94	0	-1	-1	-1
96	95	117	0	-1	-1	-1
111	91	107	0	-1	-1	-1
103	105	102	0	-1	-1	-1
112	110	91	0	-1	-1	-1
112	91	111	0	-1	-1	-1
114	92	113	0	0	-1	-1
100	99	121	0	-1	-1	-1
92	115	113	0	-1	-1	-1
101	100	121	0	-1	-1	-1
97	106	119	0	-1	-1	-1
116	115	93	0	-1	-1	-1
111	107	108	0	-1	-1	-1
103	101	122	0	-1	-1	-1
118	116	96	0	-1	-1	-1
117	118	96	0	-1	-1	-1
103	124	105	0	-1	-1	-1
97	119	117	0	-1	-1	-1
105	126	104	0	-1	-1	-1
104	125	109	0	-1	-1	-1
99	120	121	0	0	-1	-1
110	128	106	0	-1	-1	-1
121	123	101	0	-1	-1	-1
101	123	122	0	-1	-1	-1
130	108	109	0	-1	-1	-1
129	111	108	0	-1	-1	-1
122	124	103	0	-1	-1	-1
112	128	110	0	-1	-1	-1
128	119	106	0	-1	-1	-1
118	117	119	0	-1	-1	-1
111	131	112	0	-1	-1	-1
126	125	104	0	-1	-1	-1
105	124	127	0	-1	-1	-1
127	126	105	0	-1	-1	-1
113	135	114	0	-1	-1	-1
115	135	113	0	-1	-1	-1
125	130	109	0	-1	-1	-1
130	129	108	0	-1	-1	-1
115	116	138	0	-1	-1	-1
111	129	132	0	-1	-1	-1
112	133	128	0	-1	-1	-1
116	118	139	0	-1	-1	-1
131	111	132	0	-1	-1	-1
140	118	119	0	-1	-1	-1
134	112	131	0	-1	-1	-1
134	133	112	0	-1	-1	-1
120	143	121	0	-1	-1	-1
137	114	135	0	-1	-1	-1
137	136	114	0	-1	0	-1
128	140	119	0	-1	-1	-1
138	135	115	0	-1	-1	-1
123	121	144	0	-1	-1	-1
123	145	122	0	-1	-1	-1
122	146	124	0	-1	-1	-1
138	116	139	0	-1	-1	-1
118	141	139	0	-1	-1	-1
124	148	127	0	-1	-1	-1
141	118	140	0	-1	-1	-1
125	126	149	0	-1	-1	-1
128	133	140	0	-1	-1	-1
151	126	127	0	-1	-1	-1
125	150	130	0	-1	-1	-1
142	143	120	0	-1	-1	0
143	144	121	0	-1	-1	-1
129	130	153	0	-1	-1	-1
132	129	152	0	-1	-1	-1
122	145	146	0	-1	-1	-1
147	123	144	0	-1	-1	-1
123	147	145	0	-1	-1	-1
155	131	132	0	-1	-1	-1
124	146	148	0	-1	-1	-1
134	131	155	0	-1	-1	-1
125	149	150	0	-1	-1	-1
158	133	134	0	-1	-1	-1
149	126	151	0	-1	-1	-1
127	148	151	0	-1	-1	-1
140	133	158	0	-1	-1	-1
135	160	137	0	-1	-1	-1
135	138	160	0	-1	-1	-1
130	150	154	0	-1	-1	-1
152	129	153	0	-1	-1	-1
136	137	161	0	-1	-1	-1
154	153	130	0	-1	-1	-1
141	140	158	0	-1	-1	-1
132	152	157	0	-1	-1	-1
156	155	132	0	-1	-1	-1
138	139	166	0	-1	-1	-1
156	132	157	0	-1	-1	-1
166	139	141	0	-1	-1	-1
159	134	155	0	-1	-1	-1
134	159	158	0	-1	-1	-1
171	143	142	0	-1	-1	-1
143	172	144	0	-1	-1	-1
136	161	162	0	-1	-1	0
160	163	137	0	-1	-1	-1
161	137	164	0	-1	-1	-1
138	165	160	0	-1	-1	-1
172	147	144	0	-1	-1	-1
173	146	145	0	-1	-1	-1
163	164	137	0	-1	-1	-1
173	145	147	0	-1	-1	-1
168	141	158	0	-1	-1	-1
146	174	148	0	-1	-1	-1
138	166	165	0	-1	-1	-1
174	151	148	0	-1	-1	-1
141	167	166	0	-1	-1	-1
176	150	149	0	-1	-1	-1
167	141	168	0	-1	-1	-1
176	149	151	0	-1	-1	-1
154	150	176	0	-1	-1	-1
169	170	142	0	-1	-1	0
153	178	152	0	-1	-1	-1
142	170	171	0	-1	-1	-1
158	159	168	0	-1	-1	-1
172	143	171	0	-1	-1	-1
154	179	153	0	-1	-1	-1
157	152	178	0	-1	-1	-1
165	163	160	0	-1	-1	-1
156	182	155	0	-1	-1	-1
173	174	146	0	-1	-1	-1
147	172	175	0	-1	-1	-1
175	173	147	0	-1	-1	-1
155	182	159	0	-1	-1	-1
156	157	184	0	-1	-1	-1
151	174	177	0	-1	-1	-1
177	176	151	0	-1	-1	-1
179	178	153	0	-1	-1	-1
162	161	187	0	-1	-1	-1
154	176	181	0	-1	-1	-1
164	187	161	0	-1	-1	-1
180	179	154	0	-1	-1	-1
159	186	168	0	-1	-1	-1
181	180	154	0	-1	-1	-1
163	190	164	0	-1	-1	-1
163	165	190	0	-1	-1	-1
157	178	185	0	-1	-1	-1
156	183	182	0	-1	-1	-1
165	166	192	0	-1	-1	-1
183	156	184	0	-1	-1	-1
192	166	167	0	-1	-1	-1
184	157	185	0	-1	-1	-1
186	159	182	0	-1	-1	-1
193	167	168	0	-1	-1	-1
177	181	176	0	-1	-1	-1
197	170	169	0	-1	-1	-1
187	189	162	0	-1	-1	-1
162	189	188	0	-1	-1	0
170	198	171	0	-1	-1	-1
164	191	187	0	-1	-1	-1
199	172	171	0	-1	-1	-1
191	164	190	0	-1	-1	-1
190	165	192	0	-1	-1	-1
200	175	172	0	-1	-1	-1
173	201	174	0	-1	-1	-1
195	168	186	0	-1	-1	-1
175	202	173	0	-1	-1	-1
192	167	194	0	-1	-1	-1
167	193	194	0	-1	-1	-1
203	177	174	0	-1	-1	-1
168	195	193	0	-1	-1	-1
169	196	197	0	0	-1	-1
181	177	205	0	-1	-1	-1
178	179	207	0	-1	-1	-1
197	198	170	0	-1	-1	-1
207	179	180	0	-1	-1	-1
199	171	198	0	-1	-1	-1
181	208	180	0	-1	-1	-1
185	178	206	0	-1	-1	-1
172	199	200	0	-1	-1	-1
183	210	182	0	-1	-1	-1
201	173	202	0	-1	-1	-1
184	211	183	0	-1	-1	-1
186	182	210	0	-1	-1	-1
174	201	203	0	-1	-1	-1
175	200	204	0	-1	-1	-1
204	202	175	0	-1	-1	-1
185	212	184	0	-1	-1	-1
203	205	177	0	-1	-1	-1
207	206	178	0	-1	-1	-1
187	217	189	0	-1	-1	-1
208	181	205	0	-1	-1	-1
191	216	187	0	-1	-1	-1
189	219	188	0	-1	-1	-1
186	215	195	0	-1	-1	-1
207	180	209	0	-1	-1	-1
209	180	208	0	-1	-1	-1
221	191	190	0	-1	-1	-1
192	220	190	0	-1	-1	-1
213	185	206	0	-1	-1	-1
211	210	183	0	-1	-1	-1
194	220	192	0	-1	-1	-1
212	211	184	0	-1	-1	-1
222	194	193	0	-1	-1	-1
193	195	222	0	-1	-1	-1
212	185	214	0	-1	-1	-1
215	186	210	0	-1	-1	-1
214	185	213	0	-1	-1	-1
197	196	226	0	-1	-1	-1
216	217	187	0	-1	-1	-1
198	197	227	0	-1	-1	-1
218	188	219	0	0	-1	-1
217	219	189	0	-1	-1	-1
228	199	198	0	-1	-1	-1
228	200	199	0	-1	-1	-1
221	216	191	0	-1	-1	-1
190	220	221	0	-1	-1	-1
204	200	229	0	-1	-1	-1
202	230	201	0	-1	-1	-1
195	215	224	0	-1	-1	-1
201	230	203	0	-1	-1	-1
202	204	231	0	-1	-1	-1
194	223	220	0	-1	-1	-1
222	223	194	0	-1	-1	-1
222	195	224	0	-1	-1	-1
233	205	203	0	-1	-1	-1
196	225	226	0	0	-1	-1
205	235	208	0	-1	-1	-1
207	236	206	0	-1	-1	-1
197	226	227	0	-1	-1	-1
209	208	235	0	-1	-1	-1
237	207	209	0	-1	-1	-1
198	227	228	0	-1	-1	-1
236	213	206	0	-1	-1	-1
200	228	229	0	-1	-1	-1
210	211	239	0	-1	-1	-1
231	230	202	0	-1	-1	-1
240	211	212	0	-1	-1	-1
215	210	239	0	-1	-1	-1
232	203	230	0	-1	-1	-1
240	212	214	0	-1	-1	-1
229	234	204	0	-1	-1	-1
232	233	203	0	-1	-1	-1
242	214	213	0	-1	-1	-1
231	204	234	0	-1	-1	-1
235	205	233	0	-1	-1	-1
207	237	236	0	-1	-1	-1
216	248	217	0	-1	-1	-1
209	235	238	0	-1	-1	-1
245	224	215	0	-1	-1	-1
238	237	209	0	-1	-1	-1
247	216	221	0	-1	-1	-1
249	219	217	0	-1	-1	-1
250	218	219	0	-1	-1	-1
239	211	240	0	-1	-1	-1
213	236	241	0	-1	-1	-1
253	221	220	0	-1	-1	-1
242	213	241	0	-1	-1	-1
223	253	220	0	-1	-1	-1
214	244	240	0	-1	-1	-1
214	242	243	0	-1	-1	-1
215	239	246	0	-1	-1	-1
255	223	222	0	-1	-1	-1
255	222	224	0	-1	-1	-1
244	214	243	0	-1	-1	-1
246	245	215	0	-1	-1	-1
257	226	225	0	-1	-1	-1
216	247	248	0	-1	-1	-1
226	259	227	0	-1	-1	-1
228	227	259	0	-1	-1	-1
249	217	248	0	-1	-1	-1
241	236	237	0	-1	-1	-1
228	260	229	0	-1	-1	-1
250	251	218	0	-1	0	-1
249	252	219	0	-1	-1	-1
252	250	219	0	-1	-1	-1
221	254	247	0	-1	-1	-1
231	262	230	0	-1	-1	-1
262	232	230	0	-1	-1	-1
224	245	255	0	-1	-1	-1
234	229	261	0	-1	-1	-1
240	246	239	0	-1	-1	-1
254	221	253	0	-1	-1	-1
263	231	234	0	-1	-1	-1
233	232	265	0	-1	-1	-1
223	255	253	0	-1	-1	-1
233	266	235	0	-1	-1	-1
258	225	256	0	-1	0	-1
266	238	235	0	-1	-1	-1
225	258	257	0	-1	-1	-1
237	238	267	0	-1	-1	-1
226	257	259	0	-1	-1	-1
268	241	237	0	-1	-1	-1
259	260	228	0	-1	-1	-1
261	229	260	0	-1	-1	-1
242	241	268	0	-1	-1	-1
270	240	244	0	-1	-1	-1
240	270	246	0	-1	-1	-1
271	243	242	0	-1	-1	-1
262	231	264	0	-1	-1	-1
263	264	231	0	-1	-1	-1
263	234	261	0	-1	-1	-1
262	265	232	0	-1	-1	-1
243	273	244	0	-1	-1	-1
266	233	265	0	-1	-1	-1
275	245	246	0	-1	-1	-1
237	267	268	0	-1	-1	-1
266	269	238	0	-1	-1	-1
248	247	279	0	-1	-1	-1
267	238	269	0	-1	-1	-1
255	245	276	0	-1	-1	-1
248	281	249	0	-1	-1	-1
247	254	278	0	-1	-1	-1
242	268	272	0	-1	-1	-1
252	249	281	0	-1	-1	-1
251	250	282	0	-1	-1	-1
252	282	250	0	-1	-1	-1
253	255	276	0	-1	-1	-1
242	272	271	0	-1	-1	-1
273	243	271	0	-1	-1	-1
244	274	270	0	-1	-1	-1
265	262	264	0	-1	-1	-1
274	244	273	0	-1	-1	-1
270	277	246	0	-1	-1	-1
286	254	253	0	-1	-1	-1
276	245	275	0	-1	-1	-1
277	275	246	0	-1	-1	-1
288	258	256	0	-1	-1	-1
257	258	289	0	-1	-1	-1
247	278	279	0	-1	-1	-1
259	257	289	0	-1	-1	-1
248	279	280	0	-1	-1	-1
290	260	259	0	-1	-1	-1
248	280	281	0	-1	-1	-1
260	291	261	0	-1	-1	-1
276	286	253	0	-1	-1	-1
261	292	263	0	-1	-1	-1
282	284	251	0	-1	-1	-1
281	285	252	0	-1	-1	-1
278	254	286	0	-1	-1	-1
251	284	283	0	-1	-1	0
285	282	252	0	-1	-1	-1
293	264	263	0	-1	-1	-1
295	265	264	0	-1	-1	-1
265	295	266	0	-1	-1	-1
288	256	287	0	-1	0	-1
266	297	269	0	-1	-1	-1
268	267	298	0	-1	-1	-1
299	267	269	0	-1	-1	-1
258	288	289	0	-1	-1	-1
259	289	290	0	-1	-1	-1
268	298	272	0	-1	-1	-1
260	290	291	0	-1	-1	-1
300	270	274	0	-1	-1	-1
291	292	261	0	-1	-1	-1
302	271	272	0	-1	-1	-1
301	273	271	0	-1	-1	-1
270	300	277	0	-1	-1	-1
292	293	263	0	-1	-1	-1
264	293	294	0	-1	-1	-1
305	274	273	0	-1	-1	-1
295	264	294	0	-1	-1	-1
266	295	296	0	-1	-1	-1
307	276	275	0	-1	-1	-1
277	306	275	0	-1	-1	-1
297	266	296	0	-1	-1	-1
267	299	298	0	-1	-1	-1
299	269	297	0	-1	-1	-1
279	278	312	0	-1	-1	-1
309	286	276	0	-1	-1	-1
313	280	279	0	-1	-1	-1
303	272	298	0	-1	-1	-1
301	271	302	0	-1	-1	-1
314	281	280	0	-1	-1	-1
278	286	311	0	-1	-1	-1
272	303	302	0	-1	-1	-1
304	273	301	0	-1	-1	-1
300	274	305	0	-1	-1	-1
285	281	314	0	-1	-1	-1
304	305	273	0	-1	-1	-1
284	282	316	0	-1	-1	-1
285	316	282	0	-1	-1	-1
283	284	318	0	-1	-1	-1
300	310	277	0	-1	-1	-1
275	306	308	0	-1	-1	-1
307	275	308	0	-1	-1	-1
307	309	276	0	-1	-1	-1
306	277	310	0	-1	-1	-1
287	321	288	0	-1	-1	-1
303	298	299	0	-1	-1	-1
288	323	289	0	-1	-1	-1
311	312	278	0	-1	-1	-1
279	312	313	0	-1	-1	-1
289	325	290	0	-1	-1	-1
286	309	311	0	-1	-1	-1
291	290	326	0	-1	-1	-1
315	280	313	0	-1	-1	-1
314	280	315	0	-1	-1	-1
291	327	292	0	-1	-1	-1
328	293	292	0	-1	-1	-1
294	293	329	0	-1	-1	-1
318	317	283	0	-1	0	-1
314	320	285	0	-1	-1	-1
316	319	284	0	-1	-1	-1
294	331	295	0	-1	-1	-1
320	316	285	0	-1	-1	-1
318	284	319	0	-1	-1	-1
296	295	332	0	-1	-1	-1
332	297	296	0	-1	-1	-1
333	299	297	0	-1	-1	-1
321	287	322	0	-1	0	-1
321	324	288	0	-1	-1	-1
288	324	323	0	-1	-1	-1
303	299	335	0	-1	-1	-1
289	323	325	0	-1	-1	-1
326	290	325	0	-1	-1	-1
300	305	337	0	-1	-1	-1
302	340	301	0	-1	-1	-1
301	339	304	0	-1	-1	-1
326	327	291	0	-1	-1	-1
292	327	328	0	-1	-1	-1
302	303	342	0	-1	-1	-1
300	338	310	0	-1	-1	-1
320	314	315	0	-1	-1	-1
329	293	328	0	-1	-1	-1
304	343	305	0	-1	-1	-1
294	329	330	0	-1	-1	-1
331	294	330	0	-1	-1	-1
332	295	331	0	-1	-1	-1
306	344	308	0	-1	-1	-1
344	306	310	0	-1	-1	-1
307	308	346	0	-1	-1	-1
345	309	307	0	-1	-1	-1
297	332	334	0	-1	-1	-1
297	334	333	0	-1	-1	-1
309	345	311	0	-1	-1	-1
312	311	345	0	-1	-1	-1
299	333	336	0	-1	-1	-1
336	335	299	0	-1	-1	-1
312	350	313	0	-1	-1	-1
300	337	338	0	-1	-1	-1
313	350	315	0	-1	-1	-1
303	335	342	0	-1	-1	-1
340	339	301	0	-1	-1	-1
302	341	340	0	-1	-1	-1
305	343	337	0	-1	-1	-1
341	302	342	0	-1	-1	-1
343	304	339	0	-1	-1	-1
351	320	315	0	-1	-1	-1
320	353	316	0	-1	-1	-1
319	316	354	0	-1	-1	-1
317	318	357	0	-1	-1	-1
358	318	319	0	-1	-1	-1
338	348	310	0	-1	-1	-1
346	345	307	0	-1	-1	-1
347	308	344	0	-1	-1	-1
346	308	347	0	-1	-1	-1
344	310	348	0	-1	-1	-1
360	321	322	0	-1	-1	-1
324	321	360	0	-1	-1	-1
312	345	349	0	-1	-1	-1
324	363	323	0	-1	-1	-1
349	350	312	0	-1	-1	-1
325	323	363	0	-1	-1	-1
326	325	363	0	-1	-1	-1
315	350	352	0	-1	-1	-1
315	352	351	0	-1	-1	-1
368	327	326	0	-1	-1	-1
353	354	316	0	-1	-1	-1
327	368	328	0	-1	-1	-1
329	328	369	0	-1	-1	-1
317	356	355	0	-1	-1	0
370	330	329	0	-1	-1	-1
351	359	320	0	-1	-1	-1
317	357	356	0	-1	-1	-1
358	319	354	0	-1	-1	-1
359	353	320	0	-1	-1	-1
331	330	371	0	-1	-1	-1
357	318	358	0	-1	-1	-1
331	372	332	0	-1	-1	-1
334	332	372	0	-1	-1	-1
334	373	333	0	-1	-1	-1
349	345	346	0	-1	-1	-1
333	373	336	0	-1	-1	-1
361	360	322	0	-1	-1	-1
322	362	361	0	0	-1	-1
336	376	335	0	-1	-1	-1
365	324	360	0	-1	-1	-1
342	335	375	0	-1	-1	-1
338	337	378	0	-1	-1	-1
324	365	364	0	-1	-1	-1
324	366	363	0	-1	-1	-1
324	364	366	0	-1	-1	-1
326	363	367	0	-1	-1	-1
343	379	337	0	-1	-1	-1
340	381	339	0	-1	-1	-1
326	367	368	0	-1	-1	-1
382	343	339	0	-1	-1	-1
341	383	340	0	-1	-1	-1
368	369	328	0	-1	-1	-1
380	348	338	0	-1	-1	-1
370	329	369	0	-1	-1	-1
342	385	341	0	-1	-1	-1
370	371	330	0	-1	-1	-1
331	371	372	0	-1	-1	-1
347	344	386	0	-1	-1	-1
348	386	344	0	-1	-1	-1
334	372	374	0	-1	-1	-1
388	346	347	0	-1	-1	-1
334	374	373	0	-1	-1	-1
387	349	346	0	-1	-1	-1
375	335	376	0	-1	-1	-1
377	336	373	0	-1	-1	-1
377	376	336	0	-1	-1	-1
390	350	349	0	-1	-1	-1
350	391	352	0	-1	-1	-1
379	378	337	0	-1	-1	-1
392	351	352	0	-1	-1	-1
380	338	378	0	-1	-1	-1
366	367	363	0	-1	-1	-1
354	353	394	0	-1	-1	-1
382	339	381	0	-1	-1	-1
359	351	392	0	-1	-1	-1
385	342	375	0	-1	-1	-1
340	383	381	0	-1	-1	-1
379	343	382	0	-1	-1	-1
359	394	353	0	-1	-1	-1
395	358	354	0	-1	-1	-1
341	384	383	0	-1	-1	-1
397	355	356	0	-1	-1	-1
385	384	341	0	-1	-1	-1
358	395	357	0	-1	-1	-1
357	398	356	0	-1	-1	-1
348	380	386	0	-1	-1	-1
388	387	346	0	-1	-1	-1
389	347	386	0	-1	-1	-1
360	361	402	0	-1	-1	-1
347	389	388	0	-1	-1	-1
362	403	361	0	-1	-1	-1
349	387	390	0	-1	-1	-1
402	365	360	0	-1	-1	-1
391	350	390	0	-1	-1	-1
391	393	352	0	-1	-1	-1
407	364	365	0	-1	-1	-1
406	366	364	0	-1	-1	-1
352	393	392	0	-1	-1	-1
367	366	408	0	-1	-1	-1
394	395	354	0	-1	-1	-1
408	368	367	0	-1	-1	-1
369	368	409	0	-1	-1	-1
370	369	409	0	-1	-1	-1
396	355	397	0	0	-1	-1
410	371	370	0	-1	-1	-1
392	401	359	0	-1	-1	-1
399	397	356	0	-1	-1	-1
400	357	395	0	-1	-1	-1
399	356	398	0	-1	-1	-1
359	401	394	0	-1	-1	-1
371	412	372	0	-1	-1	-1
357	400	398	0	-1	-1	-1
374	372	412	0	-1	-1	-1
413	373	374	0	-1	-1	-1
413	377	373	0	-1	-1	-1
375	376	415	0	-1	-1	-1
402	361	403	0	-1	-1	-1
387	391	390	0	-1	-1	-1
416	376	377	0	-1	-1	-1
362	405	403	0	-1	-1	-1
362	404	405	0	0	-1	-1
379	417	378	0	-1	-1	-1
402	407	365	0	-1	-1	-1
378	417	380	0	-1	-1	-1
415	385	375	0	-1	-1	-1
407	406	364	0	-1	-1	-1
406	408	366	0	-1	-1	-1
420	379	382	0	-1	-1	-1
382	381	422	0	-1	-1	-1
368	408	409	0	-1	-1	-1
422	381	383	0	-1	-1	-1
380	421	386	0	-1	-1	-1
400	395	394	0	-1	-1	-1
370	409	410	0	-1	-1	-1
383	384	423	0	-1	-1	-1
371	410	411	0	-1	-1	-1
412	371	411	0	-1	-1	-1
425	384	385	0	-1	-1	-1
421	389	386	0	-1	-1	-1
414	374	412	0	-1	-1	-1
414	413	374	0	-1	-1	-1
388	427	387	0	-1	-1	-1
388	389	428	0	-1	-1	-1
391	387	427	0	-1	-1	-1
416	377	413	0	-1	-1	-1
376	416	415	0	-1	-1	-1
429	393	391	0	-1	-1	-1
417	379	419	0	-1	-1	-1
379	418	419	0	-1	-1	-1
379	420	418	0	-1	-1	-1
432	392	393	0	-1	-1	-1
417	421	380	0	-1	-1	-1
431	401	392	0	-1	-1	-1
382	422	420	0	-1	-1	-1
385	415	426	0	-1	-1	-1
400	394	434	0	-1	-1	-1
396	397	436	0	-1	-1	-1
422	383	424	0	-1	-1	-1
394	401	434	0	-1	-1	-1
423	424	383	0	-1	-1	-1
384	425	423	0	-1	-1	-1
436	397	399	0	-1	-1	-1
398	437	399	0	-1	-1	-1
400	437	398	0	-1	-1	-1
425	385	426	0	-1	-1	-1
421	428	389	0	-1	-1	-1
388	428	427	0	-1	-1	-1
443	402	403	0	-1	-1	-1
427	430	391	0	-1	-1	-1
429	391	430	0	-1	-1	-1
407	402	442	0	-1	-1	-1
443	403	405	0	-1	-1	-1
405	404	444	0	-1	-1	-1
432	431	392	0	-1	-1	-1
393	429	433	0	-1	-1	-1
393	433	432	0	-1	-1	-1
406	407	447	0	-1	-1	-1
446	408	406	0	-1	-1	-1
401	431	434	0	-1	-1	-1
436	435	396	0	-1	0	-1
450	409	408	0	-1	-1	-1
450	410	409	0	-1	-1	-1
411	410	451	0	-1	-1	-1
438	436	399	0	-1	-1	-1
440	400	434	0	-1	-1	-1
439	399	437	0	-1	-1	-1
438	399	439	0	-1	-1	-1
411	453	412	0	-1	-1	-1
400	441	437	0	-1	-1	-1
414	412	453	0	-1	-1	-1
400	440	441	0	-1	-1	-1
413	414	455	0	-1	-1	-1
416	413	454	0	-1	-1	-1
442	402	443	0	-1	-1	-1
416	457	415	0	-1	-1	-1
405	444	443	0	-1	-1	-1
445	444	404	0	-1	-1	0
459	417	419	0	-1	-1	-1
417	459	421	0	-1	-1	-1
415	457	426	0	-1	-1	-1
407	442	449	0	-1	-1	-1
420	460	418	0	-1	-1	-1
418	461	419	0	-1	-1	-1
448	446	406	0	-1	-1	-1
448	406	447	0	-1	-1	-1
449	447	407	0	-1	-1	-1
446	450	408	0	-1	-1	-1
422	463	420	0	-1	-1	-1
422	424	463	0	-1	-1	-1
410	450	452	0	-1	-1	-1
452	451	410	0	-1	-1	-1
428	421	465	0	-1	-1	-1
423	467	424	0	-1	-1	-1
411	451	453	0	-1	-1	-1
423	425	468	0	-1	-1	-1
425	426	468	0	-1	-1	-1
427	428	465	0	-1	-1	-1
427	465	430	0	-1	-1	-1
454	413	455	0	-1	-1	-1
414	453	456	0	-1	-1	-1
414	456	455	0	-1	-1	-1
454	458	416	0	-1	-1	-1
458	457	416	0	-1	-1	-1
430	472	429	0	-1	-1	-1
433	429	472	0	-1	-1	-1
432	474	431	0	-1	-1	-1
461	418	460	0	-1	-1	-1
462	459	419	0	-1	-1	-1
475	434	431	0	-1	-1	-1
476	432	433	0	-1	-1	-1
461	462	419	0	-1	-1	-1
420	463	460	0	-1	-1	-1
459	464	421	0	-1	-1	-1
436	478	435	0	-1	-1	-1
475	440	434	0	-1	-1	-1
464	465	421	0	-1	-1	-1
478	436	438	0	-1	-1	-1
457	471	426	0	-1	-1	-1
479	439	437	0	-1	-1	-1
467	423	466	0	-1	-1	-1
468	466	423	0	-1	-1	-1
470	463	424	0	-1	-1	-1
441	479	437	0	-1	-1	-1
439	481	438	0	-1	-1	-1
469	424	467	0	-1	-1	-1
424	469	470	0	-1	-1	-1
483	441	440	0	-1	-1	-1
426	471	468	0	-1	-1	-1
473	430	465	0	-1	-1	-1
442	443	486	0	-1	-1	-1
443	444	487	0	-1	-1	-1
430	473	472	0	-1	-1	-1
449	442	485	0	-1	-1	-1
445	487	444	0	-1	-1	-1
475	431	474	0	-1	-1	-1
472	476	433	0	-1	-1	-1
474	432	476	0	-1	-1	-1
490	446	448	0	-1	-1	-1
462	464	459	0	-1	-1	-1
450	446	490	0	-1	-1	-1
457	458	471	0	-1	-1	-1
447	492	448	0	-1	-1	-1
449	491	447	0	-1	-1	-1
478	477	435	0	-1	0	-1
490	452	450	0	-1	-1	-1
438	480	478	0	-1	-1	-1
440	475	483	0	-1	-1	-1
481	480	438	0	-1	-1	-1
439	479	482	0	-1	-1	-1
452	497	451	0	-1	-1	-1
497	453	451	0	-1	-1	-1
439	482	481	0	-1	-1	-1
479	441	484	0	-1	-1	-1
441	483	484	0	-1	-1	-1
499	456	453	0	-1	-1	-1
454	455	500	0	-1	-1	-1
500	458	454	0	-1	-1	-1
455	456	501	0	-1	-1	-1
486	485	442	0	-1	-1	-1
443	487	486	0	-1	-1	-1
489	487	445	0	-1	-1	-1
445	488	489	0	0	-1	-1
461	460	503	0	-1	-1	-1
463	503	460	0	-1	-1	-1
504	462	461	0	-1	-1	-1
449	485	495	0	-1	-1	-1
447	491	492	0	-1	-1	-1
448	493	490	0	-1	-1	-1
502	471	458	0	-1	-1	-1
464	462	506	0	-1	-1	-1
492	494	448	0	-1	-1	-1
493	448	494	0	-1	-1	-1
452	490	493	0	-1	-1	-1
503	463	470	0	-1	-1	-1
507	465	464	0	-1	-1	-1
449	496	491	0	-1	-1	-1
495	496	449	0	-1	-1	-1
467	466	509	0	-1	-1	-1
452	493	498	0	-1	-1	-1
466	468	510	0	-1	-1	-1
508	473	465	0	-1	-1	-1
511	469	467	0	-1	-1	-1
498	497	452	0	-1	-1	-1
453	497	499	0	-1	-1	-1
468	471	510	0	-1	-1	-1
469	512	470	0	-1	-1	-1
456	499	501	0	-1	-1	-1
501	500	455	0	-1	-1	-1
502	458	500	0	-1	-1	-1
473	516	472	0	-1	-1	-1
476	472	515	0	-1	-1	-1
475	474	517	0	-1	-1	-1
518	474	476	0	-1	-1	-1
505	461	503	0	-1	-1	-1
505	504	461	0	-1	-1	-1
504	506	462	0	-1	-1	-1
507	464	506	0	-1	-1	-1
477	478	522	0	-1	-1	-1
483	475	519	0	-1	-1	-1
492	491	496	0	-1	-1	-1
522	478	480	0	-1	-1	-1
465	507	508	0	-1	-1	-1
482	479	523	0	-1	-1	-1
481	524	480	0	-1	-1	-1
509	466	510	0	-1	-1	-1
479	484	523	0	-1	-1	-1
470	513	503	0	-1	-1	-1
467	509	511	0	-1	-1	-1
514	471	502	0	-1	-1	-1
481	482	526	0	-1	-1	-1
469	511	512	0	-1	-1	-1
513	470	512	0	-1	-1	-1
510	471	514	0	-1	-1	-1
484	483	529	0	-1	-1	-1
508	516	473	0	-1	-1	-1
485	486	531	0	-1	-1	-1
472	516	515	0	-1	-1	-1
532	486	487	0	-1	-1	-1
518	517	474	0	-1	-1	-1
487	489	533	0	-1	-1	-1
515	518	476	0	-1	-1	-1
495	485	531	0	-1	-1	-1
475	517	520	0	-1	-1	-1
488	535	489	0	-1	-1	-1
520	519	475	0	-1	-1	-1
477	522	521	0	-1	-1	0
536	494	492	0	-1	-1	-1
537	492	496	0	-1	-1	-1
538	493	494	0	-1	-1	-1
480	525	522	0	-1	-1	-1
493	538	498	0	-1	-1	-1
525	480	524	0	-1	-1	-1
529	483	519	0	-1	-1	-1
524	481	526	0	-1	-1	-1
540	496	495	0	-1	-1	-1
482	523	528	0	-1	-1	-1
482	527	526	0	-1	-1	-1
484	528	523	0	-1	-1	-1
482	528	527	0	-1	-1	-1
497	498	542	0	-1	-1	-1
499	497	542	0	-1	-1	-1
530	528	484	0	-1	-1	-1
530	484	529	0	-1	-1	-1
544	501	499	0	-1	-1	-1
501	545	500	0	-1	-1	-1
502	500	546	0	-1	-1	-1
486	532	531	0	-1	-1	-1
533	532	487	0	-1	-1	-1
548	505	503	0	-1	-1	-1
488	534	535	0	0	-1	-1
533	489	535	0	-1	-1	-1
504	505	549	0	-1	-1	-1
506	504	550	0	-1	-1	-1
547	514	502	0	-1	-1	-1
548	503	513	0	-1	-1	-1
492	537	536	0	-1	-1	-1
507	506	552	0	-1	-1	-1
495	531	541	0	-1	-1	-1
507	553	508	0	-1	-1	-1
494	536	539	0	-1	-1	-1
539	538	494	0	-1	-1	-1
496	540	537	0	-1	-1	-1
511	509	555	0	-1	-1	-1
510	556	509	0	-1	-1	-1
541	540	495	0	-1	-1	-1
516	508	554	0	-1	-1	-1
498	538	542	0	-1	-1	-1
510	514	556	0	-1	-1	-1
557	512	511	0	-1	-1	-1
499	542	543	0	-1	-1	-1
512	559	513	0	-1	-1	-1
543	544	499	0	-1	-1	-1
545	501	544	0	-1	-1	-1
545	546	500	0	-1	-1	-1
561	515	516	0	-1	-1	-1
518	515	561	0	-1	-1	-1
547	502	546	0	-1	-1	-1
517	518	563	0	-1	-1	-1
517	563	520	0	-1	-1	-1
550	504	549	0	-1	-1	-1
505	548	551	0	-1	-1	-1
565	519	520	0	-1	-1	-1
505	551	549	0	-1	-1	-1
550	552	506	0	-1	-1	-1
568	521	522	0	-1	-1	-1
507	552	553	0	-1	-1	-1
529	519	565	0	-1	-1	-1
553	554	508	0	-1	-1	-1
568	522	525	0	-1	-1	-1
524	569	525	0	-1	-1	-1
556	555	509	0	-1	-1	-1
570	524	526	0	-1	-1	-1
559	548	513	0	-1	-1	-1
514	547	560	0	-1	-1	-1
526	527	570	0	-1	-1	-1
511	555	558	0	-1	-1	-1
511	558	557	0	-1	-1	-1
512	557	559	0	-1	-1	-1
528	573	527	0	-1	-1	-1
556	514	560	0	-1	-1	-1
528	530	574	0	-1	-1	-1
562	516	554	0	-1	-1	-1
575	530	529	0	-1	-1	-1
576	531	532	0	-1	-1	-1
516	562	561	0	-1	-1	-1
533	577	532	0	-1	-1	-1
518	561	564	0	-1	-1	-1
563	518	564	0	-1	-1	-1
535	578	533	0	-1	-1	-1
541	531	576	0	-1	-1	-1
566	520	563	0	-1	-1	-1
580	535	534	0	-1	-1	-1
565	520	566	0	-1	-1	-1
581	536	537	0	-1	-1	-1
581	539	536	0	-1	-1	-1
568	567	521	0	-1	0	-1
537	540	584	0	-1	-1	-1
585	538	539	0	-1	-1	-1
569	524	570	0	-1	-1	-1
568	525	571	0	-1	-1	-1
571	525	569	0	-1	-1	-1
584	540	541	0	-1	-1	-1
586	542	538	0	-1	-1	-1
565	575	529	0	-1	-1	-1
570	527	572	0	-1	-1	-1
572	527	573	0	-1	-1	-1
542	588	543	0	-1	-1	-1
573	528	574	0	-1	-1	-1
543	589	544	0	-1	-1	-1
530	575	574	0	-1	-1	-1
545	544	590	0	-1	-1	-1
590	546	545	0	-1	-1	-1
546	591	547	0	-1	-1	-1
577	533	578	0	-1	-1	-1
532	577	576	0	-1	-1	-1
551	548	593	0	-1	-1	-1
535	580	578	0	-1	-1	-1
564	566	563	0	-1	-1	-1
534	579	580	0	0	-1	-1
550	549	594	0	-1	-1	-1
551	594	549	0	-1	-1	-1
550	595	552	0	-1	-1	-1
560	547	592	0	-1	-1	-1
559	593	548	0	-1	-1	-1
537	583	581	0	-1	-1	-1
537	582	583	0	-1	-1	-1
553	552	598	0	-1	-1	-1
582	537	584	0	-1	-1	-1
587	541	576	0	-1	-1	-1
585	539	581	0	-1	-1	-1
553	598	554	0	-1	-1	-1
585	586	538	0	-1	-1	-1
584	541	587	0	-1	-1	-1
556	601	555	0	-1	-1	-1
555	600	558	0	-1	-1	-1
554	599	562	0	-1	-1	-1
542	586	588	0	-1	-1	-1
556	560	602	0	-1	-1	-1
558	604	557	0	-1	-1	-1
557	603	559	0	-1	-1	-1
589	543	588	0	-1	-1	-1
590	544	589	0	-1	-1	-1
591	546	590	0	-1	-1	-1
561	562	607	0	-1	-1	-1
592	547	591	0	-1	-1	-1
564	561	607	0	-1	-1	-1
564	609	566	0	-1	-1	-1
550	594	596	0	-1	-1	-1
597	551	593	0	-1	-1	-1
595	550	596	0	-1	-1	-1
594	551	597	0	-1	-1	-1
611	565	566	0	-1	-1	-1
552	595	598	0	-1	-1	-1
567	568	613	0	-1	-1	-1
585	581	583	0	-1	-1	-1
565	611	575	0	-1	-1	-1
599	554	598	0	-1	-1	-1
571	613	568	0	-1	-1	-1
570	615	569	0	-1	-1	-1
569	615	571	0	-1	-1	-1
593	559	603	0	-1	-1	-1
601	600	555	0	-1	-1	-1
570	572	616	0	-1	-1	-1
606	560	592	0	-1	-1	-1
601	556	602	0	-1	-1	-1
573	618	572	0	-1	-1	-1
558	600	605	0	-1	-1	-1
604	603	557	0	-1	-1	-1
573	574	619	0	-1	-1	-1
558	605	604	0	-1	-1	-1
560	606	602	0	-1	-1	-1
599	608	562	0	-1	-1	-1
575	620	574	0	-1	-1	-1
576	577	622	0	-1	-1	-1
607	562	608	0	-1	-1	-1
578	623	577	0	-1	-1	-1
610	564	607	0	-1	-1	-1
580	623	578	0	-1	-1	-1
609	564	610	0	-1	-1	-1
580	579	625	0	-1	-1	-1
587	576	622	0	-1	-1	-1
611	566	609	0	-1	-1	-1
627	582	584	0	-1	-1	-1
614	612	567	0	-1	0	-1
583	582	628	0	-1	-1	-1
613	614	567	0	-1	-1	-1
585	583	629	0	-1	-1	-1
584	587	627	0	-1	-1	-1
585	630	586	0	-1	-1	-1
616	615	570	0	-1	-1	-1
617	613	571	0	-1	-1	-1
571	615	617	0	-1	-1	-1
586	632	588	0	-1	-1	-1
618	616	572	0	-1	-1	-1
611	621	575	0	-1	-1	-1
588	632	589	0	-1	-1	-1
618	573	619	0	-1	-1	-1
620	619	574	0	-1	-1	-1
636	590	589	0	-1	-1	-1
621	620	575	0	-1	-1	-1
637	591	590	0	-1	-1	-1
638	592	591	0	-1	-1	-1
577	623	622	0	-1	-1	-1
579	624	625	0	0	-1	-1
580	626	623	0	-1	-1	-1
625	626	580	0	-1	-1	-1
597	593	641	0	-1	-1	-1
643	596	594	0	-1	-1	-1
594	597	643	0	-1	-1	-1
595	596	644	0	-1	-1	-1
639	606	592	0	-1	-1	-1
582	627	628	0	-1	-1	-1
598	595	645	0	-1	-1	-1
642	593	603	0	-1	-1	-1
629	583	628	0	-1	-1	-1
645	599	598	0	-1	-1	-1
629	630	585	0	-1	-1	-1
614	613	617	0	-1	-1	-1
622	635	587	0	-1	-1	-1
634	627	587	0	-1	-1	-1
642	603	604	0	-1	-1	-1
630	633	586	0	-1	-1	-1
586	631	632	0	-1	-1	-1
586	633	631	0	-1	-1	-1
601	651	600	0	-1	-1	-1
602	652	601	0	-1	-1	-1
651	605	600	0	-1	-1	-1
608	599	649	0	-1	-1	-1
587	635	634	0	-1	-1	-1
589	632	636	0	-1	-1	-1
602	606	653	0	-1	-1	-1
637	590	636	0	-1	-1	-1
604	605	654	0	-1	-1	-1
638	591	637	0	-1	-1	-1
592	638	640	0	-1	-1	-1
592	640	639	0	-1	-1	-1
607	608	658	0	-1	-1	-1
607	658	610	0	-1	-1	-1
641	593	642	0	-1	-1	-1
659	609	610	0	-1	-1	-1
611	609	659	0	-1	-1	-1
595	644	645	0	-1	-1	-1
647	596	643	0	-1	-1	-1
596	646	644	0	-1	-1	-1
597	641	648	0	-1	-1	-1
643	597	648	0	-1	-1	-1
614	663	612	0	-1	-1	-1
646	596	647	0	-1	-1	-1
621	611	661	0	-1	-1	-1
645	650	599	0	-1	-1	-1
617	664	614	0	-1	-1	-1
616	666	615	0	-1	-1	-1
606	639	653	0	-1	-1	-1
650	649	599	0	-1	-1	-1
615	667	617	0	-1	-1	-1
636	632	631	0	-1	-1	-1
642	604	655	0	-1	-1	-1
668	616	618	0	-1	-1	-1
601	652	651	0	-1	-1	-1
618	619	670	0	-1	-1	-1
602	653	652	0	-1	-1	-1
619	620	671	0	-1	-1	-1
620	621	672	0	-1	-1	-1
654	655	604	0	-1	-1	-1
657	605	651	0	-1	-1	-1
658	608	649	0	-1	-1	-1
656	654	605	0	-1	-1	-1
657	656	605	0	-1	-1	-1
623	674	622	0	-1	-1	-1
626	674	623	0	-1	-1	-1
624	676	625	0	-1	-1	-1
610	658	660	0	-1	-1	-1
625	677	626	0	-1	-1	-1
660	659	610	0	-1	-1	-1
622	673	635	0	-1	-1	-1
661	611	659	0	-1	-1	-1
628	627	679	0	-1	-1	-1
628	680	629	0	-1	-1	-1
662	612	663	0	0	-1	-1
643	648	647	0	-1	-1	-1
627	634	679	0	-1	-1	-1
629	682	630	0	-1	-1	-1
665	663	614	0	-1	-1	-1
614	664	665	0	-1	-1	-1
630	682	633	0	-1	-1	-1
633	684	631	0	-1	-1	-1
664	617	667	0	-1	-1	-1
666	667	615	0	-1	-1	-1
636	631	684	0	-1	-1	-1
616	669	666	0	-1	-1	-1
669	616	668	0	-1	-1	-1
621	661	672	0	-1	-1	-1
635	687	634	0	-1	-1	-1
668	618	670	0	-1	-1	-1
671	670	619	0	-1	-1	-1
689	637	636	0	-1	-1	-1
620	672	671	0	-1	-1	-1
637	690	638	0	-1	-1	-1
640	638	690	0	-1	-1	-1
622	674	673	0	-1	-1	-1
640	691	639	0	-1	-1	-1
676	624	675	0	-1	0	-1
626	677	674	0	-1	-1	-1
678	625	676	0	-1	-1	-1
641	642	696	0	-1	-1	-1
677	625	678	0	-1	-1	-1
692	653	639	0	-1	-1	-1
648	641	695	0	-1	-1	-1
644	697	645	0	-1	-1	-1
681	628	679	0	-1	-1	-1
698	644	646	0	-1	-1	-1
681	680	628	0	-1	-1	-1
699	646	647	0	-1	-1	-1
645	697	650	0	-1	-1	-1
680	683	629	0	-1	-1	-1
655	696	642	0	-1	-1	-1
682	629	683	0	-1	-1	-1
647	648	700	0	-1	-1	-1
673	688	635	0	-1	-1	-1
634	687	679	0	-1	-1	-1
650	701	649	0	-1	-1	-1
686	633	682	0	-1	-1	-1
685	684	633	0	-1	-1	-1
685	633	686	0	-1	-1	-1
652	704	651	0	-1	-1	-1
704	652	653	0	-1	-1	-1
636	684	689	0	-1	-1	-1
649	702	658	0	-1	-1	-1
688	687	635	0	-1	-1	-1
651	704	657	0	-1	-1	-1
655	654	705	0	-1	-1	-1
656	705	654	0	-1	-1	-1
690	637	689	0	-1	-1	-1
708	656	657	0	-1	-1	-1
639	691	692	0	-1	-1	-1
640	690	693	0	-1	-1	-1
691	640	694	0	-1	-1	-1
640	693	694	0	-1	-1	-1
658	711	660	0	-1	-1	-1
660	712	659	0	-1	-1	-1
695	641	696	0	-1	-1	-1
661	659	712	0	-1	-1	-1
698	697	644	0	-1	-1	-1
698	646	699	0	-1	-1	-1
718	662	663	0	-1	-1	-1
700	648	695	0	-1	-1	-1
680	681	683	0	-1	-1	-1
700	699	647	0	-1	-1	-1
663	665	718	0	-1	-1	-1
714	672	661	0	-1	-1	-1
692	704	653	0	-1	-1	-1
665	664	720	0	-1	-1	-1
703	650	697	0	-1	-1	-1
664	667	719	0	-1	-1	-1
682	683	686	0	-1	-1	-1
702	649	701	0	-1	-1	-1
701	650	703	0	-1	-1	-1
722	667	666	0	-1	-1	-1
669	722	666	0	-1	-1	-1
655	706	696	0	-1	-1	-1
724	669	668	0	-1	-1	-1
723	668	670	0	-1	-1	-1
655	705	706	0	-1	-1	-1
670	671	726	0	-1	-1	-1
656	707	705	0	-1	-1	-1
671	672	727	0	-1	-1	-1
710	657	704	0	-1	-1	-1
656	708	707	0	-1	-1	-1
702	711	658	0	-1	-1	-1
709	708	657	0	-1	-1	-1
728	673	674	0	-1	-1	-1
710	709	657	0	-1	-1	-1
677	728	674	0	-1	-1	-1
676	675	730	0	-1	-1	-1
660	711	713	0	-1	-1	-1
678	676	731	0	-1	-1	-1
712	660	713	0	-1	-1	-1
732	677	678	0	-1	-1	-1
715	661	712	0	-1	-1	-1
728	688	673	0	-1	-1	-1
715	714	661	0	-1	-1	-1
681	679	734	0	-1	-1	-1
716	662	717	0	0	-1	-1
718	717	662	0	-1	-1	-1
697	698	703	0	-1	-1	-1
681	735	683	0	-1	-1	-1
687	734	679	0	-1	-1	-1
664	719	720	0	-1	-1	-1
665	721	718	0	-1	-1	-1
683	737	686	0	-1	-1	-1
710	704	692	0	-1	-1	-1
665	720	721	0	-1	-1	-1
685	739	684	0	-1	-1	-1
667	722	719	0	-1	-1	-1
741	685	686	0	-1	-1	-1
689	684	739	0	-1	-1	-1
714	727	672	0	-1	-1	-1
724	668	723	0	-1	-1	-1
725	722	669	0	-1	-1	-1
707	706	705	0	-1	-1	-1
669	724	725	0	-1	-1	-1
688	743	687	0	-1	-1	-1
723	670	726	0	-1	-1	-1
726	671	727	0	-1	-1	-1
745	690	689	0	-1	-1	-1
690	745	693	0	-1	-1	-1
691	746	692	0	-1	-1	-1
746	691	694	0	-1	-1	-1
729	730	675	0	-1	-1	0
694	693	747	0	-1	-1	-1
730	731	676	0	-1	-1	-1
728	677	732	0	-1	-1	-1
713	715	712	0	-1	-1	-1
696	751	695	0	-1	-1	-1
731	733	678	0	-1	-1	-1
733	732	678	0	-1	-1	-1
695	752	700	0	-1	-1	-1
692	746	710	0	-1	-1	-1
681	734	736	0	-1	-1	-1
699	754	698	0	-1	-1	-1
735	681	736	0	-1	-1	-1
706	753	696	0	-1	-1	-1
735	738	683	0	-1	-1	-1
755	703	698	0	-1	-1	-1
757	699	700	0	-1	-1	-1
737	683	738	0	-1	-1	-1
688	728	743	0	-1	-1	-1
701	758	702	0	-1	-1	-1
758	701	703	0	-1	-1	-1
734	687	742	0	-1	-1	-1
741	686	737	0	-1	-1	-1
685	740	739	0	-1	-1	-1
685	741	740	0	-1	-1	-1
687	744	742	0	-1	-1	-1
739	745	689	0	-1	-1	-1
711	702	760	0	-1	-1	-1
744	687	743	0	-1	-1	-1
707	762	706	0	-1	-1	-1
707	708	763	0	-1	-1	-1
709	764	708	0	-1	-1	-1
760	713	711	0	-1	-1	-1
710	765	709	0	-1	-1	-1
693	745	748	0	-1	-1	-1
748	747	693	0	-1	-1	-1
746	694	749	0	-1	-1	-1
750	694	747	0	-1	-1	-1
694	750	749	0	-1	-1	-1
713	768	715	0	-1	-1	-1
751	752	695	0	-1	-1	-1
715	770	714	0	-1	-1	-1
696	753	751	0	-1	-1	-1
732	743	728	0	-1	-1	-1
773	716	717	0	-1	-1	-1
755	698	754	0	-1	-1	-1
752	757	700	0	-1	-1	-1
756	754	699	0	-1	-1	-1
718	774	717	0	-1	-1	-1
714	770	727	0	-1	-1	-1
734	742	736	0	-1	-1	-1
699	757	756	0	-1	-1	-1
774	718	721	0	-1	-1	-1
776	720	719	0	-1	-1	-1
719	722	775	0	-1	-1	-1
755	758	703	0	-1	-1	-1
777	721	720	0	-1	-1	-1
702	758	759	0	-1	-1	-1
753	706	761	0	-1	-1	-1
702	759	760	0	-1	-1	-1
722	725	775	0	-1	-1	-1
710	746	767	0	-1	-1	-1
778	724	723	0	-1	-1	-1
723	726	779	0	-1	-1	-1
725	724	780	0	-1	-1	-1
761	706	762	0	-1	-1	-1
762	707	763	0	-1	-1	-1
745	739	748	0	-1	-1	-1
764	763	708	0	-1	-1	-1
726	727	783	0	-1	-1	-1
766	764	709	0	-1	-1	-1
766	709	765	0	-1	-1	-1
710	767	765	0	-1	-1	-1
760	769	713	0	-1	-1	-1
785	730	729	0	-1	-1	-1
747	748	750	0	-1	-1	-1
730	787	731	0	-1	-1	-1
713	769	768	0	-1	-1	-1
731	787	733	0	-1	-1	-1
732	733	789	0	-1	-1	-1
768	771	715	0	-1	-1	-1
770	715	771	0	-1	-1	-1
773	772	716	0	-1	0	-1
732	788	743	0	-1	-1	-1
792	735	736	0	-1	-1	-1
773	717	774	0	-1	-1	-1
735	794	738	0	-1	-1	-1
776	719	775	0	-1	-1	-1
737	738	797	0	-1	-1	-1
774	721	777	0	-1	-1	-1
720	776	777	0	-1	-1	-1
736	742	796	0	-1	-1	-1
788	744	743	0	-1	-1	-1
737	798	741	0	-1	-1	-1
739	740	800	0	-1	-1	-1
770	783	727	0	-1	-1	-1
723	779	778	0	-1	-1	-1
741	801	740	0	-1	-1	-1
782	775	725	0	-1	-1	-1
796	742	744	0	-1	-1	-1
724	778	781	0	-1	-1	-1
780	724	781	0	-1	-1	-1
739	800	748	0	-1	-1	-1
782	725	780	0	-1	-1	-1
783	779	726	0	-1	-1	-1
785	729	784	0	-1	0	-1
749	803	746	0	-1	-1	-1
785	786	730	0	-1	-1	-1
804	750	748	0	-1	-1	-1
787	730	786	0	-1	-1	-1
805	749	750	0	-1	-1	-1
790	788	732	0	-1	-1	-1
789	790	732	0	-1	-1	-1
787	791	733	0	-1	-1	-1
751	809	752	0	-1	-1	-1
753	808	751	0	-1	-1	-1
791	789	733	0	-1	-1	-1
803	767	746	0	-1	-1	-1
757	752	810	0	-1	-1	-1
735	792	793	0	-1	-1	-1
812	755	754	0	-1	-1	-1
794	735	793	0	-1	-1	-1
812	754	756	0	-1	-1	-1
792	736	795	0	-1	-1	-1
753	761	811	0	-1	-1	-1
813	758	755	0	-1	-1	-1
736	796	795	0	-1	-1	-1
815	756	757	0	-1	-1	-1
759	758	813	0	-1	-1	-1
794	799	738	0	-1	-1	-1
737	797	798	0	-1	-1	-1
782	776	775	0	-1	-1	-1
799	797	738	0	-1	-1	-1
744	788	802	0	-1	-1	-1
816	760	759	0	-1	-1	-1
741	798	801	0	-1	-1	-1
818	761	762	0	-1	-1	-1
801	800	740	0	-1	-1	-1
744	802	796	0	-1	-1	-1
760	817	769	0	-1	-1	-1
762	763	821	0	-1	-1	-1
764	821	763	0	-1	-1	-1
804	748	800	0	-1	-1	-1
822	764	766	0	-1	-1	-1
766	765	823	0	-1	-1	-1
765	767	823	0	-1	-1	-1
749	806	803	0	-1	-1	-1
749	805	806	0	-1	-1	-1
750	804	807	0	-1	-1	-1
750	807	805	0	-1	-1	-1
826	768	769	0	-1	-1	-1
826	771	768	0	-1	-1	-1
808	809	751	0	-1	-1	-1
770	771	829	0	-1	-1	-1
810	752	809	0	-1	-1	-1
753	811	808	0	-1	-1	-1
773	831	772	0	-1	-1	-1
773	774	832	0	-1	-1	-1
790	802	788	0	-1	-1	-1
828	783	770	0	-1	-1	-1
755	812	814	0	-1	-1	-1
815	757	810	0	-1	-1	-1
813	755	814	0	-1	-1	-1
774	777	832	0	-1	-1	-1
812	756	815	0	-1	-1	-1
833	777	776	0	-1	-1	-1
813	816	759	0	-1	-1	-1
776	782	833	0	-1	-1	-1
761	819	811	0	-1	-1	-1
779	836	778	0	-1	-1	-1
817	760	816	0	-1	-1	-1
767	803	823	0	-1	-1	-1
836	781	778	0	-1	-1	-1
819	761	818	0	-1	-1	-1
783	837	779	0	-1	-1	-1
762	820	818	0	-1	-1	-1
839	780	781	0	-1	-1	-1
782	780	838	0	-1	-1	-1
820	762	821	0	-1	-1	-1
764	822	821	0	-1	-1	-1
785	784	844	0	-1	-1	-1
769	817	827	0	-1	-1	-1
825	822	766	0	-1	-1	-1
766	823	824	0	-1	-1	-1
766	824	825	0	-1	-1	-1
786	785	845	0	-1	-1	-1
786	846	787	0	-1	-1	-1
826	769	827	0	-1	-1	-1
791	787	846	0	-1	-1	-1
847	790	789	0	-1	-1	-1
826	829	771	0	-1	-1	-1
789	791	847	0	-1	-1	-1
829	828	770	0	-1	-1	-1
831	830	772	0	-1	0	-1
850	793	792	0	-1	-1	-1
832	831	773	0	-1	-1	-1
850	792	795	0	-1	-1	-1
851	794	793	0	-1	-1	-1
802	790	848	0	-1	-1	-1
777	834	832	0	-1	-1	-1
777	833	835	0	-1	-1	-1
852	799	794	0	-1	-1	-1
854	795	796	0	-1	-1	-1
777	835	834	0	-1	-1	-1
837	783	828	0	-1	-1	-1
799	855	797	0	-1	-1	-1
798	797	856	0	-1	-1	-1
837	836	779	0	-1	-1	-1
854	796	802	0	-1	-1	-1
801	798	857	0	-1	-1	-1
842	833	782	0	-1	-1	-1
780	839	838	0	-1	-1	-1
840	781	836	0	-1	-1	-1
801	859	800	0	-1	-1	-1
839	781	841	0	-1	-1	-1
782	838	842	0	-1	-1	-1
781	840	841	0	-1	-1	-1
800	859	804	0	-1	-1	-1
806	860	803	0	-1	-1	-1
843	844	784	0	-1	-1	0
862	807	804	0	-1	-1	-1
806	805	863	0	-1	-1	-1
845	785	844	0	-1	-1	-1
863	805	807	0	-1	-1	-1
846	786	845	0	-1	-1	-1
809	808	866	0	-1	-1	-1
866	808	811	0	-1	-1	-1
847	848	790	0	-1	-1	-1
810	809	867	0	-1	-1	-1
846	849	791	0	-1	-1	-1
847	791	849	0	-1	-1	-1
861	823	803	0	-1	-1	-1
810	868	815	0	-1	-1	-1
851	793	850	0	-1	-1	-1
852	794	851	0	-1	-1	-1
815	870	812	0	-1	-1	-1
812	871	814	0	-1	-1	-1
850	795	853	0	-1	-1	-1
814	872	813	0	-1	-1	-1
869	811	819	0	-1	-1	-1
816	813	872	0	-1	-1	-1
854	853	795	0	-1	-1	-1
802	848	854	0	-1	-1	-1
874	817	816	0	-1	-1	-1
823	861	824	0	-1	-1	-1
855	856	797	0	-1	-1	-1
858	799	852	0	-1	-1	-1
835	833	842	0	-1	-1	-1
856	857	798	0	-1	-1	-1
799	858	855	0	-1	-1	-1
818	875	819	0	-1	-1	-1
820	876	818	0	-1	-1	-1
801	857	859	0	-1	-1	-1
874	827	817	0	-1	-1	-1
821	879	820	0	-1	-1	-1
821	822	879	0	-1	-1	-1
860	861	803	0	-1	-1	-1
804	859	862	0	-1	-1	-1
822	825	881	0	-1	-1	-1
806	864	860	0	-1	-1	-1
882	825	824	0	-1	-1	-1
806	863	864	0	-1	-1	-1
865	807	862	0	-1	-1	-1
863	807	865	0	-1	-1	-1
884	826	827	0	-1	-1	-1
829	826	884	0	-1	-1	-1
866	867	809	0	-1	-1	-1
829	886	828	0	-1	-1	-1
867	868	810	0	-1	-1	-1
866	811	869	0	-1	-1	-1
830	831	891	0	-1	-1	-1
837	828	887	0	-1	-1	-1
812	870	871	0	-1	-1	-1
815	868	870	0	-1	-1	-1
831	832	893	0	-1	-1	-1
871	873	814	0	-1	-1	-1
814	873	872	0	-1	-1	-1
832	834	893	0	-1	-1	-1
872	874	816	0	-1	-1	-1
835	894	834	0	-1	-1	-1
819	877	869	0	-1	-1	-1
861	882	824	0	-1	-1	-1
876	875	818	0	-1	-1	-1
836	837	897	0	-1	-1	-1
819	875	878	0	-1	-1	-1
897	840	836	0	-1	-1	-1
896	835	842	0	-1	-1	-1
878	877	819	0	-1	-1	-1
839	898	838	0	-1	-1	-1
876	820	880	0	-1	-1	-1
838	898	842	0	-1	-1	-1
879	880	820	0	-1	-1	-1
900	839	841	0	-1	-1	-1
881	879	822	0	-1	-1	-1
901	841	840	0	-1	-1	-1
827	874	885	0	-1	-1	-1
883	881	825	0	-1	-1	-1
883	825	882	0	-1	-1	-1
843	903	844	0	-1	-1	-1
864	863	865	0	-1	-1	-1
844	905	845	0	-1	-1	-1
827	885	884	0	-1	-1	-1
906	846	845	0	-1	-1	-1
887	828	886	0	-1	-1	-1
846	906	849	0	-1	-1	-1
888	829	884	0	-1	-1	-1
907	848	847	0	-1	-1	-1
849	907	847	0	-1	-1	-1
889	886	829	0	-1	-1	-1
829	888	889	0	-1	-1	-1
854	848	908	0	-1	-1	-1
830	891	890	0	-1	-1	0
850	911	851	0	-1	-1	-1
853	911	850	0	-1	-1	-1
891	831	892	0	-1	-1	-1
852	851	912	0	-1	-1	-1
893	892	831	0	-1	-1	-1
897	837	887	0	-1	-1	-1
893	834	894	0	-1	-1	-1
853	854	915	0	-1	-1	-1
913	858	852	0	-1	-1	-1
895	894	835	0	-1	-1	-1
896	895	835	0	-1	-1	-1
916	856	855	0	-1	-1	-1
855	858	916	0	-1	-1	-1
917	857	856	0	-1	-1	-1
857	918	859	0	-1	-1	-1
898	896	842	0	-1	-1	-1
839	899	898	0	-1	-1	-1
897	901	840	0	-1	-1	-1
900	899	839	0	-1	-1	-1
859	918	862	0	-1	-1	-1
880	879	881	0	-1	-1	-1
861	860	921	0	-1	-1	-1
841	901	900	0	-1	-1	-1
864	922	860	0	-1	-1	-1
904	843	902	0	-1	0	-1
843	904	903	0	-1	-1	-1
862	924	865	0	-1	-1	-1
844	903	905	0	-1	-1	-1
865	925	864	0	-1	-1	-1
906	845	905	0	-1	-1	-1
867	866	928	0	-1	-1	-1
887	886	889	0	-1	-1	-1
866	869	928	0	-1	-1	-1
929	868	867	0	-1	-1	-1
909	848	907	0	-1	-1	-1
910	849	906	0	-1	-1	-1
908	848	909	0	-1	-1	-1
861	923	882	0	-1	-1	-1
907	849	910	0	-1	-1	-1
930	870	868	0	-1	-1	-1
911	912	851	0	-1	-1	-1
871	870	933	0	-1	-1	-1
915	854	908	0	-1	-1	-1
931	869	877	0	-1	-1	-1
913	852	912	0	-1	-1	-1
911	853	914	0	-1	-1	-1
871	934	873	0	-1	-1	-1
873	935	872	0	-1	-1	-1
872	935	874	0	-1	-1	-1
853	915	914	0	-1	-1	-1
917	856	916	0	-1	-1	-1
876	939	875	0	-1	-1	-1
919	858	913	0	-1	-1	-1
939	878	875	0	-1	-1	-1
917	918	857	0	-1	-1	-1
920	916	858	0	-1	-1	-1
941	877	878	0	-1	-1	-1
940	876	880	0	-1	-1	-1
920	858	919	0	-1	-1	-1
885	874	938	0	-1	-1	-1
860	922	921	0	-1	-1	-1
881	943	880	0	-1	-1	-1
862	918	924	0	-1	-1	-1
861	921	923	0	-1	-1	-1
881	883	944	0	-1	-1	-1
883	882	945	0	-1	-1	-1
864	925	922	0	-1	-1	-1
926	865	924	0	-1	-1	-1
884	885	948	0	-1	-1	-1
865	927	925	0	-1	-1	-1
865	926	927	0	-1	-1	-1
888	884	948	0	-1	-1	-1
928	929	867	0	-1	-1	-1
887	889	950	0	-1	-1	-1
929	930	868	0	-1	-1	-1
951	889	888	0	-1	-1	-1
932	928	869	0	-1	-1	-1
931	932	869	0	-1	-1	-1
870	930	933	0	-1	-1	-1
897	887	950	0	-1	-1	-1
891	954	890	0	-1	-1	-1
871	933	934	0	-1	-1	-1
891	892	955	0	-1	-1	-1
893	956	892	0	-1	-1	-1
893	894	957	0	-1	-1	-1
935	873	936	0	-1	-1	-1
873	934	937	0	-1	-1	-1
873	937	936	0	-1	-1	-1
895	958	894	0	-1	-1	-1
874	935	938	0	-1	-1	-1
931	877	941	0	-1	-1	-1
882	923	945	0	-1	-1	-1
896	960	895	0	-1	-1	-1
876	940	939	0	-1	-1	-1
896	898	961	0	-1	-1	-1
917	924	918	0	-1	-1	-1
878	939	942	0	-1	-1	-1
897	962	901	0	-1	-1	-1
963	898	899	0	-1	-1	-1
878	942	941	0	-1	-1	-1
964	899	900	0	-1	-1	-1
880	943	940	0	-1	-1	-1
965	900	901	0	-1	-1	-1
881	944	943	0	-1	-1	-1
885	938	949	0	-1	-1	-1
883	947	944	0	-1	-1	-1
968	904	902	0	-1	-1	-1
945	946	883	0	-1	-1	-1
969	903	904	0	-1	-1	-1
946	947	883	0	-1	-1	-1
969	905	903	0	-1	-1	-1
906	905	971	0	-1	-1	-1
949	948	885	0	-1	-1	-1
948	951	888	0	-1	-1	-1
906	972	910	0	-1	-1	-1
909	907	973	0	-1	-1	-1
928	932	929	0	-1	-1	-1
910	973	907	0	-1	-1	-1
909	974	908	0	-1	-1	-1
950	889	952	0	-1	-1	-1
889	951	952	0	-1	-1	-1
890	954	953	0	-1	-1	0
915	908	975	0	-1	-1	-1
891	955	954	0	-1	-1	-1
912	911	978	0	-1	-1	-1
892	956	955	0	-1	-1	-1
978	911	914	0	-1	-1	-1
912	980	913	0	-1	-1	-1
893	957	956	0	-1	-1	-1
897	950	962	0	-1	-1	-1
959	957	894	0	-1	-1	-1
958	959	894	0	-1	-1	-1
914	915	983	0	-1	-1	-1
960	958	895	0	-1	-1	-1
981	919	913	0	-1	-1	-1
960	896	961	0	-1	-1	-1
984	917	916	0	-1	-1	-1
920	919	981	0	-1	-1	-1
984	916	920	0	-1	-1	-1
963	961	898	0	-1	-1	-1
924	917	984	0	-1	-1	-1
963	899	964	0	-1	-1	-1
966	901	962	0	-1	-1	-1
921	922	986	0	-1	-1	-1
965	964	900	0	-1	-1	-1
921	987	923	0	-1	-1	-1
901	966	965	0	-1	-1	-1
926	924	984	0	-1	-1	-1
922	925	988	0	-1	-1	-1
967	968	902	0	-1	-1	0
925	927	990	0	-1	-1	-1
970	904	968	0	-1	-1	-1
904	970	969	0	-1	-1	-1
927	926	991	0	-1	-1	-1
905	969	971	0	-1	-1	-1
906	971	972	0	-1	-1	-1
993	930	929	0	-1	-1	-1
929	932	993	0	-1	-1	-1
994	933	930	0	-1	-1	-1
974	975	908	0	-1	-1	-1
973	976	909	0	-1	-1	-1
923	989	945	0	-1	-1	-1
931	995	932	0	-1	-1	-1
974	909	976	0	-1	-1	-1
977	910	972	0	-1	-1	-1
910	977	973	0	-1	-1	-1
999	934	933	0	-1	-1	-1
941	996	931	0	-1	-1	-1
979	912	978	0	-1	-1	-1
934	999	937	0	-1	-1	-1
936	1000	935	0	-1	-1	-1
980	912	979	0	-1	-1	-1
938	935	1000	0	-1	-1	-1
975	983	915	0	-1	-1	-1
937	1001	936	0	-1	-1	-1
983	978	914	0	-1	-1	-1
913	980	982	0	-1	-1	-1
913	982	981	0	-1	-1	-1
939	940	1004	0	-1	-1	-1
1004	942	939	0	-1	-1	-1
920	981	985	0	-1	-1	-1
1000	949	938	0	-1	-1	-1
1005	940	943	0	-1	-1	-1
984	920	985	0	-1	-1	-1
942	1007	941	0	-1	-1	-1
921	986	987	0	-1	-1	-1
943	944	1008	0	-1	-1	-1
986	922	988	0	-1	-1	-1
987	989	923	0	-1	-1	-1
944	947	1008	0	-1	-1	-1
945	1009	946	0	-1	-1	-1
984	991	926	0	-1	-1	-1
947	946	1010	0	-1	-1	-1
925	990	988	0	-1	-1	-1
927	992	990	0	-1	-1	-1
927	991	992	0	-1	-1	-1
948	949	1014	0	-1	-1	-1
948	1013	951	0	-1	-1	-1
930	993	994	0	-1	-1	-1
1017	950	952	0	-1	-1	-1
952	951	1018	0	-1	-1	-1
996	995	931	0	-1	-1	-1
932	998	993	0	-1	-1	-1
995	997	932	0	-1	-1	-1
994	999	933	0	-1	-1	-1
1020	953	954	0	-1	-1	-1
932	997	998	0	-1	-1	-1
962	950	1017	0	-1	-1	-1
955	1020	954	0	-1	-1	-1
956	1021	955	0	-1	-1	-1
1022	956	957	0	-1	-1	-1
1001	1000	936	0	-1	-1	-1
999	1002	937	0	-1	-1	-1
957	959	1023	0	-1	-1	-1
978	983	979	0	-1	-1	-1
937	1003	1001	0	-1	-1	-1
959	958	1024	0	-1	-1	-1
1003	937	1002	0	-1	-1	-1
1024	958	960	0	-1	-1	-1
1009	945	989	0	-1	-1	-1
996	941	1006	0	-1	-1	-1
961	1028	960	0	-1	-1	-1
1004	940	1005	0	-1	-1	-1
942	1004	1007	0	-1	-1	-1
961	963	1029	0	-1	-1	-1
1007	1006	941	0	-1	-1	-1
943	1008	1005	0	-1	-1	-1
1030	966	962	0	-1	-1	-1
963	964	1032	0	-1	-1	-1
991	984	985	0	-1	-1	-1
964	965	1033	0	-1	-1	-1
1009	1010	946	0	-1	-1	-1
1034	965	966	0	-1	-1	-1
949	1000	1016	0	-1	-1	-1
1008	947	1012	0	-1	-1	-1
985	992	991	0	-1	-1	-1
1010	1011	947	0	-1	-1	-1
947	1011	1012	0	-1	-1	-1
1036	968	967	0	-1	-1	-1
970	968	1037	0	-1	-1	-1
948	1015	1013	0	-1	-1	-1
1014	1015	948	0	-1	-1	-1
1038	969	970	0	-1	-1	-1
1038	971	969	0	-1	-1	-1
949	1016	1014	0	-1	-1	-1
1038	972	971	0	-1	-1	-1
1013	1018	951	0	-1	-1	-1
998	994	993	0	-1	-1	-1
1017	952	1018	0	-1	-1	-1
1040	977	972	0	-1	-1	-1
973	1041	976	0	-1	-1	-1
953	1020	1019	0	-1	-1	0
975	974	1043	0	-1	-1	-1
1042	973	977	0	-1	-1	-1
974	976	1043	0	-1	-1	-1
955	1021	1020	0	-1	-1	-1
956	1022	1021	0	-1	-1	-1
1022	957	1023	0	-1	-1	-1
975	1044	983	0	-1	-1	-1
979	1047	980	0	-1	-1	-1
1044	979	983	0	-1	-1	-1
1024	1025	959	0	-1	-1	-1
962	1017	1030	0	-1	-1	-1
959	1027	1023	0	-1	-1	-1
959	1025	1026	0	-1	-1	-1
980	1048	982	0	-1	-1	-1
1049	981	982	0	-1	-1	-1
960	1028	1024	0	-1	-1	-1
1026	1027	959	0	-1	-1	-1
1049	985	981	0	-1	-1	-1
1007	1004	1005	0	-1	-1	-1
1029	1028	961	0	-1	-1	-1
1031	1029	963	0	-1	-1	-1
987	986	1052	0	-1	-1	-1
1005	1008	1012	0	-1	-1	-1
986	988	1052	0	-1	-1	-1
1032	1031	963	0	-1	-1	-1
987	1052	989	0	-1	-1	-1
992	985	1051	0	-1	-1	-1
1033	1032	964	0	-1	-1	-1
1030	1034	966	0	-1	-1	-1
990	1053	988	0	-1	-1	-1
965	1034	1033	0	-1	-1	-1
1056	990	992	0	-1	-1	-1
1036	967	1035	0	-1	0	-1
1036	1037	968	0	-1	-1	-1
970	1037	1039	0	-1	-1	-1
970	1039	1038	0	-1	-1	-1
1040	972	1038	0	-1	-1	-1
1059	995	996	0	-1	-1	-1
994	998	1058	0	-1	-1	-1
999	994	1058	0	-1	-1	-1
1059	997	995	0	-1	-1	-1
989	1055	1009	0	-1	-1	-1
1041	973	1042	0	-1	-1	-1
1062	998	997	0	-1	-1	-1
976	1041	1045	0	-1	-1	-1
1044	975	1043	0	-1	-1	-1
996	1006	1060	0	-1	-1	-1
977	1040	1046	0	-1	-1	-1
1043	976	1045	0	-1	-1	-1
999	1063	1002	0	-1	-1	-1
1001	1064	1000	0	-1	-1	-1
1046	1042	977	0	-1	-1	-1
1003	1065	1001	0	-1	-1	-1
1044	1047	979	0	-1	-1	-1
1003	1002	1066	0	-1	-1	-1
980	1047	1048	0	-1	-1	-1
1050	982	1048	0	-1	-1	-1
1068	1007	1005	0	-1	-1	-1
1064	1016	1000	0	-1	-1	-1
1050	1049	982	0	-1	-1	-1
1007	1072	1006	0	-1	-1	-1
1049	1051	985	0	-1	-1	-1
1005	1012	1069	0	-1	-1	-1
1073	1010	1009	0	-1	-1	-1
1052	988	1054	0	-1	-1	-1
1054	988	1053	0	-1	-1	-1
1074	1011	1010	0	-1	-1	-1
1055	989	1052	0	-1	-1	-1
1012	1011	1075	0	-1	-1	-1
990	1056	1053	0	-1	-1	-1
1051	1057	992	0	-1	-1	-1
1056	992	1057	0	-1	-1	-1
1078	1013	1015	0	-1	-1	-1
1014	1079	1015	0	-1	-1	-1
1079	1014	1016	0	-1	-1	-1
1013	1078	1018	0	-1	-1	-1
1059	996	1060	0	-1	-1	-1
997	1059	1061	0	-1	-1	-1
1017	1018	1082	0	-1	-1	-1
1062	1058	998	0	-1	-1	-1
999	1058	1063	0	-1	-1	-1
1061	1062	997	0	-1	-1	-1
1085	1019	1020	0	-1	-1	-1
1021	1085	1020	0	-1	-1	-1
1086	1021	1022	0	-1	-1	-1
1082	1030	1017	0	-1	-1	-1
1065	1064	1001	0	-1	-1	-1
1022	1023	1086	0	-1	-1	-1
1063	1066	1002	0	-1	-1	-1
1065	1003	1067	0	-1	-1	-1
1067	1003	1066	0	-1	-1	-1
1024	1087	1025	0	-1	-1	-1
1027	1086	1023	0	-1	-1	-1
1006	1070	1060	0	-1	-1	-1
1055	1073	1009	0	-1	-1	-1
1024	1028	1087	0	-1	-1	-1
1026	1025	1089	0	-1	-1	-1
1005	1069	1068	0	-1	-1	-1
1026	1090	1027	0	-1	-1	-1
1029	1087	1028	0	-1	-1	-1
1072	1007	1068	0	-1	-1	-1
1071	1070	1006	0	-1	-1	-1
1071	1006	1072	0	-1	-1	-1
1093	1029	1031	0	-1	-1	-1
1010	1073	1074	0	-1	-1	-1
1094	1034	1030	0	-1	-1	-1
1069	1012	1077	0	-1	-1	-1
1032	1096	1031	0	-1	-1	-1
1076	1011	1074	0	-1	-1	-1
1081	1016	1064	0	-1	-1	-1
1075	1011	1076	0	-1	-1	-1
1097	1032	1033	0	-1	-1	-1
1012	1075	1077	0	-1	-1	-1
1034	1098	1033	0	-1	-1	-1
1100	1036	1035	0	-1	-1	-1
1080	1078	1015	0	-1	-1	-1
1079	1080	1015	0	-1	-1	-1
1102	1037	1036	0	-1	-1	-1
1079	1016	1081	0	-1	-1	-1
1039	1037	1102	0	-1	-1	-1
1083	1018	1078	0	-1	-1	-1
1038	1039	1103	0	-1	-1	-1
1103	1040	1038	0	-1	-1	-1
1018	1083	1082	0	-1	-1	-1
1063	1058	1062	0	-1	-1	-1
1019	1085	1084	0	-1	-1	0
1042	1105	1041	0	-1	-1	-1
1103	1046	1040	0	-1	-1	-1
1070	1059	1060	0	-1	-1	-1
1045	1041	1105	0	-1	-1	-1
1086	1085	1021	0	-1	-1	-1
1046	1106	1042	0	-1	-1	-1
1044	1043	1108	0	-1	-1	-1
1109	1043	1045	0	-1	-1	-1
1088	1025	1087	0	-1	-1	-1
1111	1047	1044	0	-1	-1	-1
1088	1089	1025	0	-1	-1	-1
1092	1086	1027	0	-1	-1	-1
1089	1091	1026	0	-1	-1	-1
1082	1094	1030	0	-1	-1	-1
1026	1091	1090	0	-1	-1	-1
1048	1047	1114	0	-1	-1	-1
1092	1027	1090	0	-1	-1	-1
1087	1029	1093	0	-1	-1	-1
1064	1065	1081	0	-1	-1	-1
1048	1115	1050	0	-1	-1	-1
1050	1117	1049	0	-1	-1	-1
1051	1049	1117	0	-1	-1	-1
1031	1095	1093	0	-1	-1	-1
1031	1096	1095	0	-1	-1	-1
1097	1096	1032	0	-1	-1	-1
1034	1094	1098	0	-1	-1	-1
1054	1120	1052	0	-1	-1	-1
1052	1120	1055	0	-1	-1	-1
1119	1057	1051	0	-1	-1	-1
1053	1121	1054	0	-1	-1	-1
1033	1098	1097	0	-1	-1	-1
1056	1121	1053	0	-1	-1	-1
1099	1100	1035	0	-1	-1	0
1100	1101	1036	0	-1	-1	-1
1057	1125	1056	0	-1	-1	-1
1102	1036	1101	0	-1	-1	-1
1102	1104	1039	0	-1	-1	-1
1104	1103	1039	0	-1	-1	-1
1061	1059	1127	0	-1	-1	-1
1055	1123	1073	0	-1	-1	-1
1062	1061	1129	0	-1	-1	-1
1107	1105	1042	0	-1	-1	-1
1130	1063	1062	0	-1	-1	-1
1042	1106	1107	0	-1	-1	-1
1059	1070	1128	0	-1	-1	-1
1063	1130	1066	0	-1	-1	-1
1043	1109	1108	0	-1	-1	-1
1112	1045	1105	0	-1	-1	-1
1108	1110	1044	0	-1	-1	-1
1103	1113	1046	0	-1	-1	-1
1131	1065	1067	0	-1	-1	-1
1106	1046	1113	0	-1	-1	-1
1110	1111	1044	0	-1	-1	-1
1132	1067	1066	0	-1	-1	-1
1045	1112	1109	0	-1	-1	-1
1111	1114	1047	0	-1	-1	-1
1068	1069	1135	0	-1	-1	-1
1135	1072	1068	0	-1	-1	-1
1065	1131	1081	0	-1	-1	-1
1048	1114	1116	0	-1	-1	-1
1138	1070	1071	0	-1	-1	-1
1115	1048	1116	0	-1	-1	-1
1077	1136	1069	0	-1	-1	-1
1139	1071	1072	0	-1	-1	-1
1050	1115	1118	0	-1	-1	-1
1118	1117	1050	0	-1	-1	-1
1119	1051	1117	0	-1	-1	-1
1073	1142	1074	0	-1	-1	-1
1142	1076	1074	0	-1	-1	-1
1076	1143	1075	0	-1	-1	-1
1075	1143	1077	0	-1	-1	-1
1122	1120	1054	0	-1	-1	-1
1054	1121	1122	0	-1	-1	-1
1120	1124	1055	0	-1	-1	-1
1121	1056	1125	0	-1	-1	-1
1124	1123	1055	0	-1	-1	-1
1126	1057	1119	0	-1	-1	-1
1078	1080	1146	0	-1	-1	-1
1148	1080	1079	0	-1	-1	-1
1083	1078	1147	0	-1	-1	-1
1125	1057	1126	0	-1	-1	-1
1081	1149	1079	0	-1	-1	-1
1128	1127	1059	0	-1	-1	-1
1082	1083	1150	0	-1	-1	-1
1061	1127	1129	0	-1	-1	-1
1129	1130	1062	0	-1	-1	-1
1154	1084	1085	0	-1	-1	-1
1085	1086	1154	0	-1	-1	-1
1082	1150	1094	0	-1	-1	-1
1108	1109	1110	0	-1	-1	-1
1130	1132	1066	0	-1	-1	-1
1087	1155	1088	0	-1	-1	-1
1131	1067	1133	0	-1	-1	-1
1092	1154	1086	0	-1	-1	-1
1089	1088	1156	0	-1	-1	-1
1067	1132	1134	0	-1	-1	-1
1067	1134	1133	0	-1	-1	-1
1155	1087	1093	0	-1	-1	-1
1128	1070	1138	0	-1	-1	-1
1123	1141	1073	0	-1	-1	-1
1157	1091	1089	0	-1	-1	-1
1158	1092	1090	0	-1	-1	-1
1091	1159	1090	0	-1	-1	-1
1137	1135	1069	0	-1	-1	-1
1094	1150	1098	0	-1	-1	-1
1069	1136	1137	0	-1	-1	-1
1072	1135	1139	0	-1	-1	-1
1071	1140	1138	0	-1	-1	-1
1093	1095	1161	0	-1	-1	-1
1140	1071	1139	0	-1	-1	-1
1095	1096	1162	0	-1	-1	-1
1073	1141	1142	0	-1	-1	-1
1096	1097	1164	0	-1	-1	-1
1077	1145	1136	0	-1	-1	-1
1098	1165	1097	0	-1	-1	-1
1131	1149	1081	0	-1	-1	-1
1076	1142	1144	0	-1	-1	-1
1143	1076	1144	0	-1	-1	-1
1077	1143	1145	0	-1	-1	-1
1167	1100	1099	0	-1	-1	-1
1101	1100	1168	0	-1	-1	-1
1146	1147	1078	0	-1	-1	-1
1101	1169	1102	0	-1	-1	-1
1146	1080	1148	0	-1	-1	-1
1102	1170	1104	0	-1	-1	-1
1148	1079	1149	0	-1	-1	-1
1104	1171	1103	0	-1	-1	-1
1083	1147	1151	0	-1	-1	-1
1083	1151	1150	0	-1	-1	-1
1173	1105	1107	0	-1	-1	-1
1171	1113	1103	0	-1	-1	-1
1107	1106	1174	0	-1	-1	-1
1153	1152	1084	0	-1	0	-1
1112	1105	1173	0	-1	-1	-1
1154	1153	1084	0	-1	-1	-1
1174	1106	1113	0	-1	-1	-1
1109	1177	1110	0	-1	-1	-1
1109	1112	1176	0	-1	-1	-1
1177	1111	1110	0	-1	-1	-1
1156	1088	1155	0	-1	-1	-1
1089	1156	1157	0	-1	-1	-1
1111	1178	1114	0	-1	-1	-1
1154	1092	1158	0	-1	-1	-1
1158	1090	1159	0	-1	-1	-1
1114	1178	1116	0	-1	-1	-1
1160	1091	1157	0	-1	-1	-1
1161	1155	1093	0	-1	-1	-1
1159	1091	1160	0	-1	-1	-1
1115	1116	1181	0	-1	-1	-1
1098	1150	1165	0	-1	-1	-1
1115	1182	1118	0	-1	-1	-1
1117	1118	1184	0	-1	-1	-1
1163	1161	1095	0	-1	-1	-1
1162	1163	1095	0	-1	-1	-1
1184	1119	1117	0	-1	-1	-1
1096	1164	1162	0	-1	-1	-1
1097	1165	1164	0	-1	-1	-1
1120	1122	1187	0	-1	-1	-1
1124	1120	1187	0	-1	-1	-1
1122	1121	1188	0	-1	-1	-1
1186	1126	1119	0	-1	-1	-1
1145	1143	1144	0	-1	-1	-1
1099	1166	1167	0	0	-1	-1
1167	1168	1100	0	-1	-1	-1
1189	1121	1125	0	-1	-1	-1
1101	1168	1169	0	-1	-1	-1
1123	1124	1192	0	-1	-1	-1
1170	1102	1169	0	-1	-1	-1
1126	1194	1125	0	-1	-1	-1
1104	1170	1172	0	-1	-1	-1
1172	1171	1104	0	-1	-1	-1
1127	1196	1129	0	-1	-1	-1
1197	1127	1128	0	-1	-1	-1
1191	1141	1123	0	-1	-1	-1
1107	1175	1173	0	-1	-1	-1
1107	1174	1175	0	-1	-1	-1
1130	1129	1199	0	-1	-1	-1
1109	1176	1177	0	-1	-1	-1
1200	1132	1130	0	-1	-1	-1
1173	1179	1112	0	-1	-1	-1
1138	1198	1128	0	-1	-1	-1
1171	1180	1113	0	-1	-1	-1
1131	1133	1202	0	-1	-1	-1
1111	1177	1178	0	-1	-1	-1
1132	1200	1134	0	-1	-1	-1
1165	1150	1151	0	-1	-1	-1
1180	1174	1113	0	-1	-1	-1
1112	1179	1176	0	-1	-1	-1
1134	1203	1133	0	-1	-1	-1
1183	1116	1178	0	-1	-1	-1
1135	1137	1206	0	-1	-1	-1
1182	1115	1181	0	-1	-1	-1
1207	1137	1136	0	-1	-1	-1
1116	1183	1181	0	-1	-1	-1
1139	1135	1206	0	-1	-1	-1
1131	1201	1149	0	-1	-1	-1
1206	1140	1139	0	-1	-1	-1
1185	1118	1182	0	-1	-1	-1
1185	1184	1118	0	-1	-1	-1
1209	1138	1140	0	-1	-1	-1
1136	1145	1207	0	-1	-1	-1
1184	1186	1119	0	-1	-1	-1
1142	1141	1212	0	-1	-1	-1
1121	1189	1188	0	-1	-1	-1
1187	1122	1190	0	-1	-1	-1
1214	1144	1142	0	-1	-1	-1
1122	1188	1190	0	-1	-1	-1
1193	1124	1187	0	-1	-1	-1
1216	1145	1144	0	-1	-1	-1
1192	1191	1123	0	-1	-1	-1
1126	1186	1195	0	-1	-1	-1
1189	1125	1194	0	-1	-1	-1
1124	1193	1192	0	-1	-1	-1
1146	1217	1147	0	-1	-1	-1
1146	1148	1218	0	-1	-1	-1
1126	1195	1194	0	-1	-1	-1
1151	1147	1219	0	-1	-1	-1
1149	1221	1148	0	-1	-1	-1
1197	1196	1127	0	-1	-1	-1
1128	1198	1197	0	-1	-1	-1
1172	1180	1171	0	-1	-1	-1
1196	1199	1129	0	-1	-1	-1
1179	1173	1175	0	-1	-1	-1
1200	1130	1199	0	-1	-1	-1
1152	1153	1224	0	-1	-1	-1
1225	1153	1154	0	-1	-1	-1
1201	1131	1202	0	-1	-1	-1
1158	1225	1154	0	-1	-1	-1
1156	1155	1226	0	-1	-1	-1
1165	1151	1222	0	-1	-1	-1
1133	1204	1202	0	-1	-1	-1
1134	1200	1205	0	-1	-1	-1
1203	1204	1133	0	-1	-1	-1
1157	1156	1227	0	-1	-1	-1
1203	1134	1205	0	-1	-1	-1
1159	1225	1158	0	-1	-1	-1
1226	1155	1161	0	-1	-1	-1
1141	1191	1213	0	-1	-1	-1
1138	1210	1198	0	-1	-1	-1
1157	1229	1160	0	-1	-1	-1
1208	1206	1137	0	-1	-1	-1
1208	1137	1207	0	-1	-1	-1
1159	1160	1233	0	-1	-1	-1
1186	1184	1185	0	-1	-1	-1
1206	1211	1140	0	-1	-1	-1
1209	1210	1138	0	-1	-1	-1
1235	1161	1163	0	-1	-1	-1
1140	1211	1209	0	-1	-1	-1
1162	1164	1236	0	-1	-1	-1
1162	1237	1163	0	-1	-1	-1
1185	1195	1186	0	-1	-1	-1
1213	1212	1141	0	-1	-1	-1
1216	1207	1145	0	-1	-1	-1
1142	1212	1214	0	-1	-1	-1
1165	1240	1164	0	-1	-1	-1
1187	1190	1193	0	-1	-1	-1
1201	1221	1149	0	-1	-1	-1
1215	1144	1214	0	-1	-1	-1
1144	1215	1216	0	-1	-1	-1
1167	1166	1242	0	-1	-1	-1
1168	1167	1243	0	-1	-1	-1
1146	1218	1217	0	-1	-1	-1
1168	1244	1169	0	-1	-1	-1
1169	1245	1170	0	-1	-1	-1
1220	1147	1217	0	-1	-1	-1
1219	1147	1220	0	-1	-1	-1
1221	1218	1148	0	-1	-1	-1
1172	1170	1245	0	-1	-1	-1
1219	1222	1151	0	-1	-1	-1
1249	1175	1174	0	-1	-1	-1
1172	1247	1180	0	-1	-1	-1
1152	1224	1223	0	-1	-1	0
1248	1174	1180	0	-1	-1	-1
1224	1153	1225	0	-1	-1	-1
1177	1176	1251	0	-1	-1	-1
1200	1199	1205	0	-1	-1	-1
1175	1250	1179	0	-1	-1	-1
1252	1176	1179	0	-1	-1	-1
1178	1177	1253	0	-1	-1	-1
1156	1226	1228	0	-1	-1	-1
1228	1227	1156	0	-1	-1	-1
1183	1178	1253	0	-1	-1	-1
1157	1227	1231	0	-1	-1	-1
1229	1157	1230	0	-1	-1	-1
1159	1232	1225	0	-1	-1	-1
1254	1182	1181	0	-1	-1	-1
1231	1230	1157	0	-1	-1	-1
1183	1254	1181	0	-1	-1	-1
1235	1226	1161	0	-1	-1	-1
1182	1256	1185	0	-1	-1	-1
1234	1160	1229	0	-1	-1	-1
1159	1233	1232	0	-1	-1	-1
1240	1165	1222	0	-1	-1	-1
1234	1233	1160	0	-1	-1	-1
1162	1236	1237	0	-1	-1	-1
1188	1189	1259	0	-1	-1	-1
1190	1188	1259	0	-1	-1	-1
1239	1235	1163	0	-1	-1	-1
1238	1163	1237	0	-1	-1	-1
1195	1185	1258	0	-1	-1	-1
1239	1163	1238	0	-1	-1	-1
1236	1164	1240	0	-1	-1	-1
1259	1189	1194	0	-1	-1	-1
1193	1190	1261	0	-1	-1	-1
1262	1191	1192	0	-1	-1	-1
1193	1263	1192	0	-1	-1	-1
1241	1242	1166	0	-1	-1	0
1242	1243	1167	0	-1	-1	-1
1266	1194	1195	0	-1	-1	-1
1243	1244	1168	0	-1	-1	-1
1246	1169	1244	0	-1	-1	-1
1197	1267	1196	0	-1	-1	-1
1245	1169	1246	0	-1	-1	-1
1199	1196	1267	0	-1	-1	-1
1268	1197	1198	0	-1	-1	-1
1245	1247	1172	0	-1	-1	-1
1213	1191	1262	0	-1	-1	-1
1249	1174	1248	0	-1	-1	-1
1250	1175	1249	0	-1	-1	-1
1247	1248	1180	0	-1	-1	-1
1272	1205	1199	0	-1	-1	-1
1202	1274	1201	0	-1	-1	-1
1270	1198	1210	0	-1	-1	-1
1251	1176	1252	0	-1	-1	-1
1202	1204	1275	0	-1	-1	-1
1253	1177	1251	0	-1	-1	-1
1179	1250	1252	0	-1	-1	-1
1203	1276	1204	0	-1	-1	-1
1277	1203	1205	0	-1	-1	-1
1235	1228	1226	0	-1	-1	-1
1182	1254	1255	0	-1	-1	-1
1253	1257	1183	0	-1	-1	-1
1255	1256	1182	0	-1	-1	-1
1280	1206	1208	0	-1	-1	-1
1183	1257	1254	0	-1	-1	-1
1221	1201	1273	0	-1	-1	-1
1208	1207	1281	0	-1	-1	-1
1211	1206	1280	0	-1	-1	-1
1256	1258	1185	0	-1	-1	-1
1209	1284	1210	0	-1	-1	-1
1207	1216	1281	0	-1	-1	-1
1211	1284	1209	0	-1	-1	-1
1190	1259	1260	0	-1	-1	-1
1190	1260	1261	0	-1	-1	-1
1212	1213	1287	0	-1	-1	-1
1214	1212	1288	0	-1	-1	-1
1261	1263	1193	0	-1	-1	-1
1264	1262	1192	0	-1	-1	-1
1194	1265	1259	0	-1	-1	-1
1214	1290	1215	0	-1	-1	-1
1263	1264	1192	0	-1	-1	-1
1195	1258	1266	0	-1	-1	-1
1291	1216	1215	0	-1	-1	-1
1265	1194	1266	0	-1	-1	-1
1292	1217	1218	0	-1	-1	-1
1220	1217	1292	0	-1	-1	-1
1293	1218	1221	0	-1	-1	-1
1197	1269	1267	0	-1	-1	-1
1219	1220	1294	0	-1	-1	-1
1268	1269	1197	0	-1	-1	-1
1222	1219	1294	0	-1	-1	-1
1198	1271	1268	0	-1	-1	-1
1272	1199	1267	0	-1	-1	-1
1198	1270	1271	0	-1	-1	-1
1298	1223	1224	0	-1	-1	-1
1224	1225	1299	0	-1	-1	-1
1273	1201	1274	0	-1	-1	-1
1202	1275	1274	0	-1	-1	-1
1272	1277	1205	0	-1	-1	-1
1228	1300	1227	0	-1	-1	-1
1203	1277	1276	0	-1	-1	-1
1225	1232	1299	0	-1	-1	-1
1275	1204	1278	0	-1	-1	-1
1296	1240	1222	0	-1	-1	-1
1227	1300	1231	0	-1	-1	-1
1204	1276	1279	0	-1	-1	-1
1278	1204	1279	0	-1	-1	-1
1302	1229	1230	0	-1	-1	-1
1228	1235	1301	0	-1	-1	-1
1284	1270	1210	0	-1	-1	-1
1262	1289	1213	0	-1	-1	-1
1229	1302	1234	0	-1	-1	-1
1230	1231	1304	0	-1	-1	-1
1280	1208	1282	0	-1	-1	-1
1306	1232	1233	0	-1	-1	-1
1281	1283	1208	0	-1	-1	-1
1282	1208	1283	0	-1	-1	-1
1307	1233	1234	0	-1	-1	-1
1239	1301	1235	0	-1	-1	-1
1280	1286	1211	0	-1	-1	-1
1284	1211	1285	0	-1	-1	-1
1308	1237	1236	0	-1	-1	-1
1285	1211	1286	0	-1	-1	-1
1236	1240	1309	0	-1	-1	-1
1238	1237	1310	0	-1	-1	-1
1273	1293	1221	0	-1	-1	-1
1212	1287	1288	0	-1	-1	-1
1281	1216	1291	0	-1	-1	-1
1311	1239	1238	0	-1	-1	-1
1287	1213	1289	0	-1	-1	-1
1290	1214	1288	0	-1	-1	-1
1215	1290	1291	0	-1	-1	-1
1241	1314	1242	0	-1	-1	-1
1242	1317	1243	0	-1	-1	-1
1293	1292	1218	0	-1	-1	-1
1243	1318	1244	0	-1	-1	-1
1292	1295	1220	0	-1	-1	-1
1318	1246	1244	0	-1	-1	-1
1267	1269	1272	0	-1	-1	-1
1295	1294	1220	0	-1	-1	-1
1245	1246	1319	0	-1	-1	-1
1247	1245	1319	0	-1	-1	-1
1296	1222	1294	0	-1	-1	-1
1297	1223	1298	0	0	-1	-1
1248	1247	1323	0	-1	-1	-1
1249	1248	1323	0	-1	-1	-1
1298	1224	1299	0	-1	-1	-1
1325	1250	1249	0	-1	-1	-1
1326	1252	1250	0	-1	-1	-1
1300	1228	1301	0	-1	-1	-1
1251	1252	1327	0	-1	-1	-1
1253	1251	1327	0	-1	-1	-1
1230	1303	1302	0	-1	-1	-1
1231	1300	1305	0	-1	-1	-1
1327	1257	1253	0	-1	-1	-1
1299	1232	1306	0	-1	-1	-1
1230	1304	1303	0	-1	-1	-1
1304	1231	1305	0	-1	-1	-1
1331	1255	1254	0	-1	-1	-1
1254	1257	1330	0	-1	-1	-1
1255	1332	1256	0	-1	-1	-1
1302	1307	1234	0	-1	-1	-1
1296	1309	1240	0	-1	-1	-1
1233	1307	1306	0	-1	-1	-1
1256	1333	1258	0	-1	-1	-1
1282	1286	1280	0	-1	-1	-1
1312	1301	1239	0	-1	-1	-1
1309	1308	1236	0	-1	-1	-1
1335	1260	1259	0	-1	-1	-1
1237	1308	1310	0	-1	-1	-1
1334	1266	1258	0	-1	-1	-1
1261	1260	1337	0	-1	-1	-1
1335	1259	1265	0	-1	-1	-1
1311	1238	1310	0	-1	-1	-1
1263	1261	1338	0	-1	-1	-1
1239	1311	1313	0	-1	-1	-1
1239	1313	1312	0	-1	-1	-1
1264	1263	1338	0	-1	-1	-1
1339	1262	1264	0	-1	-1	-1
1241	1315	1314	0	-1	-1	-1
1316	1315	1241	0	-1	-1	0
1266	1341	1265	0	-1	-1	-1
1242	1314	1317	0	-1	-1	-1
1317	1318	1243	0	-1	-1	-1
1342	1269	1268	0	-1	-1	-1
1268	1271	1342	0	-1	-1	-1
1269	1343	1272	0	-1	-1	-1
1271	1270	1344	0	-1	-1	-1
1321	1246	1318	0	-1	-1	-1
1320	1319	1246	0	-1	-1	-1
1321	1320	1246	0	-1	-1	-1
1247	1319	1322	0	-1	-1	-1
1262	1339	1289	0	-1	-1	-1
1343	1277	1272	0	-1	-1	-1
1323	1247	1322	0	-1	-1	-1
1273	1274	1348	0	-1	-1	-1
1323	1324	1249	0	-1	-1	-1
1349	1274	1275	0	-1	-1	-1
1324	1325	1249	0	-1	-1	-1
1284	1344	1270	0	-1	-1	-1
1250	1325	1326	0	-1	-1	-1
1278	1349	1275	0	-1	-1	-1
1350	1276	1277	0	-1	-1	-1
1306	1298	1299	0	-1	-1	-1
1276	1350	1279	0	-1	-1	-1
1327	1252	1328	0	-1	-1	-1
1329	1252	1326	0	-1	-1	-1
1329	1328	1252	0	-1	-1	-1
1278	1279	1352	0	-1	-1	-1
1273	1347	1293	0	-1	-1	-1
1257	1327	1330	0	-1	-1	-1
1331	1254	1330	0	-1	-1	-1
1332	1255	1331	0	-1	-1	-1
1281	1355	1283	0	-1	-1	-1
1333	1256	1332	0	-1	-1	-1
1283	1357	1282	0	-1	-1	-1
1286	1282	1357	0	-1	-1	-1
1333	1334	1258	0	-1	-1	-1
1359	1284	1285	0	-1	-1	-1
1356	1281	1291	0	-1	-1	-1
1285	1286	1360	0	-1	-1	-1
1260	1335	1336	0	-1	-1	-1
1260	1336	1337	0	-1	-1	-1
1337	1338	1261	0	-1	-1	-1
1362	1288	1287	0	-1	-1	-1
1362	1287	1289	0	-1	-1	-1
1341	1266	1334	0	-1	-1	-1
1335	1265	1341	0	-1	-1	-1
1290	1288	1363	0	-1	-1	-1
1264	1338	1340	0	-1	-1	-1
1340	1339	1264	0	-1	-1	-1
1291	1290	1364	0	-1	-1	-1
1366	1292	1293	0	-1	-1	-1
1295	1292	1365	0	-1	-1	-1
1343	1269	1342	0	-1	-1	-1
1367	1294	1295	0	-1	-1	-1
1367	1296	1294	0	-1	-1	-1
1346	1342	1271	0	-1	-1	-1
1345	1271	1344	0	-1	-1	-1
1346	1271	1345	0	-1	-1	-1
1371	1297	1298	0	-1	-1	-1
1273	1348	1347	0	-1	-1	-1
1277	1343	1350	0	-1	-1	-1
1348	1274	1349	0	-1	-1	-1
1301	1373	1300	0	-1	-1	-1
1296	1369	1309	0	-1	-1	-1
1372	1298	1306	0	-1	-1	-1
1373	1305	1300	0	-1	-1	-1
1351	1349	1278	0	-1	-1	-1
1374	1302	1303	0	-1	-1	-1
1329	1326	1325	0	-1	-1	-1
1351	1278	1352	0	-1	-1	-1
1279	1350	1353	0	-1	-1	-1
1375	1303	1304	0	-1	-1	-1
1374	1307	1302	0	-1	-1	-1
1354	1352	1279	0	-1	-1	-1
1301	1312	1373	0	-1	-1	-1
1377	1304	1305	0	-1	-1	-1
1279	1353	1354	0	-1	-1	-1
1359	1344	1284	0	-1	-1	-1
1362	1289	1339	0	-1	-1	-1
1307	1379	1306	0	-1	-1	-1
1355	1281	1356	0	-1	-1	-1
1283	1355	1358	0	-1	-1	-1
1381	1308	1309	0	-1	-1	-1
1283	1358	1357	0	-1	-1	-1
1381	1310	1308	0	-1	-1	-1
1360	1286	1357	0	-1	-1	-1
1383	1311	1310	0	-1	-1	-1
1359	1285	1361	0	-1	-1	-1
1347	1366	1293	0	-1	-1	-1
1360	1361	1285	0	-1	-1	-1
1311	1383	1313	0	-1	-1	-1
1312	1313	1385	0	-1	-1	-1
1356	1291	1364	0	-1	-1	-1
1362	1363	1288	0	-1	-1	-1
1315	1387	1314	0	-1	-1	-1
1364	1290	1363	0	-1	-1	-1
1314	1387	1317	0	-1	-1	-1
1316	1388	1315	0	-1	-1	-1
1366	1365	1292	0	-1	-1	-1
1391	1318	1317	0	-1	-1	-1
1295	1365	1368	0	-1	-1	-1
1368	1367	1295	0	-1	-1	-1
1391	1321	1318	0	-1	-1	-1
1319	1320	1393	0	-1	-1	-1
1296	1367	1369	0	-1	-1	-1
1319	1392	1322	0	-1	-1	-1
1394	1320	1321	0	-1	-1	-1
1297	1371	1370	0	-1	-1	0
1371	1298	1372	0	-1	-1	-1
1323	1322	1396	0	-1	-1	-1
1396	1324	1323	0	-1	-1	-1
1325	1324	1397	0	-1	-1	-1
1348	1349	1351	0	-1	-1	-1
1399	1329	1325	0	-1	-1	-1
1376	1374	1303	0	-1	-1	-1
1375	1376	1303	0	-1	-1	-1
1328	1400	1327	0	-1	-1	-1
1377	1305	1373	0	-1	-1	-1
1400	1330	1327	0	-1	-1	-1
1304	1378	1375	0	-1	-1	-1
1372	1306	1379	0	-1	-1	-1
1328	1329	1401	0	-1	-1	-1
1304	1377	1378	0	-1	-1	-1
1369	1382	1309	0	-1	-1	-1
1380	1307	1374	0	-1	-1	-1
1331	1330	1403	0	-1	-1	-1
1307	1380	1379	0	-1	-1	-1
1331	1404	1332	0	-1	-1	-1
1384	1373	1312	0	-1	-1	-1
1332	1405	1333	0	-1	-1	-1
1309	1382	1381	0	-1	-1	-1
1381	1383	1310	0	-1	-1	-1
1334	1333	1408	0	-1	-1	-1
1409	1336	1335	0	-1	-1	-1
1312	1385	1384	0	-1	-1	-1
1383	1386	1313	0	-1	-1	-1
1408	1341	1334	0	-1	-1	-1
1337	1336	1411	0	-1	-1	-1
1386	1385	1313	0	-1	-1	-1
1335	1341	1410	0	-1	-1	-1
1412	1338	1337	0	-1	-1	-1
1315	1388	1387	0	-1	-1	-1
1412	1340	1338	0	-1	-1	-1
1340	1413	1339	0	-1	-1	-1
1316	1390	1388	0	-1	-1	-1
1316	1389	1390	0	0	-1	-1
1317	1387	1391	0	-1	-1	-1
1342	1417	1343	0	-1	-1	-1
1393	1392	1319	0	-1	-1	-1
1346	1417	1342	0	-1	-1	-1
1394	1393	1320	0	-1	-1	-1
1391	1395	1321	0	-1	-1	-1
1418	1345	1344	0	-1	-1	-1
1321	1395	1394	0	-1	-1	-1
1396	1322	1392	0	-1	-1	-1
1343	1417	1350	0	-1	-1	-1
1346	1345	1420	0	-1	-1	-1
1339	1414	1362	0	-1	-1	-1
1422	1347	1348	0	-1	-1	-1
1324	1396	1397	0	-1	-1	-1
1350	1417	1353	0	-1	-1	-1
1397	1398	1325	0	-1	-1	-1
1399	1325	1398	0	-1	-1	-1
1348	1351	1423	0	-1	-1	-1
1419	1344	1359	0	-1	-1	-1
1351	1352	1424	0	-1	-1	-1
1353	1421	1354	0	-1	-1	-1
1400	1328	1401	0	-1	-1	-1
1399	1402	1329	0	-1	-1	-1
1401	1329	1402	0	-1	-1	-1
1427	1352	1354	0	-1	-1	-1
1330	1400	1403	0	-1	-1	-1
1347	1422	1366	0	-1	-1	-1
1404	1331	1403	0	-1	-1	-1
1356	1430	1355	0	-1	-1	-1
1404	1405	1332	0	-1	-1	-1
1355	1429	1358	0	-1	-1	-1
1333	1405	1407	0	-1	-1	-1
1333	1407	1406	0	-1	-1	-1
1408	1333	1406	0	-1	-1	-1
1357	1358	1433	0	-1	-1	-1
1360	1357	1433	0	-1	-1	-1
1356	1364	1431	0	-1	-1	-1
1409	1335	1410	0	-1	-1	-1
1361	1435	1359	0	-1	-1	-1
1411	1336	1409	0	-1	-1	-1
1436	1361	1360	0	-1	-1	-1
1337	1411	1412	0	-1	-1	-1
1362	1438	1363	0	-1	-1	-1
1416	1341	1408	0	-1	-1	-1
1439	1364	1363	0	-1	-1	-1
1413	1414	1339	0	-1	-1	-1
1340	1412	1415	0	-1	-1	-1
1341	1416	1410	0	-1	-1	-1
1415	1413	1340	0	-1	-1	-1
1366	1440	1365	0	-1	-1	-1
1365	1440	1368	0	-1	-1	-1
1368	1442	1367	0	-1	-1	-1
1369	1367	1442	0	-1	-1	-1
1344	1419	1418	0	-1	-1	-1
1418	1420	1345	0	-1	-1	-1
1417	1346	1421	0	-1	-1	-1
1420	1421	1346	0	-1	-1	-1
1447	1370	1371	0	-1	-1	-1
1417	1421	1353	0	-1	-1	-1
1448	1371	1372	0	-1	-1	-1
1422	1348	1423	0	-1	-1	-1
1369	1445	1382	0	-1	-1	-1
1423	1351	1425	0	-1	-1	-1
1379	1449	1372	0	-1	-1	-1
1373	1450	1377	0	-1	-1	-1
1424	1425	1351	0	-1	-1	-1
1352	1426	1424	0	-1	-1	-1
1452	1374	1376	0	-1	-1	-1
1354	1421	1428	0	-1	-1	-1
1453	1376	1375	0	-1	-1	-1
1426	1352	1427	0	-1	-1	-1
1380	1374	1451	0	-1	-1	-1
1454	1375	1378	0	-1	-1	-1
1373	1384	1450	0	-1	-1	-1
1379	1380	1449	0	-1	-1	-1
1428	1427	1354	0	-1	-1	-1
1456	1378	1377	0	-1	-1	-1
1359	1435	1419	0	-1	-1	-1
1430	1429	1355	0	-1	-1	-1
1414	1438	1362	0	-1	-1	-1
1405	1404	1407	0	-1	-1	-1
1356	1432	1430	0	-1	-1	-1
1432	1356	1431	0	-1	-1	-1
1358	1429	1434	0	-1	-1	-1
1381	1382	1459	0	-1	-1	-1
1459	1383	1381	0	-1	-1	-1
1433	1358	1434	0	-1	-1	-1
1460	1386	1383	0	-1	-1	-1
1436	1360	1433	0	-1	-1	-1
1366	1422	1441	0	-1	-1	-1
1461	1384	1385	0	-1	-1	-1
1361	1437	1435	0	-1	-1	-1
1364	1439	1431	0	-1	-1	-1
1463	1385	1386	0	-1	-1	-1
1361	1436	1437	0	-1	-1	-1
1363	1438	1439	0	-1	-1	-1
1388	1466	1387	0	-1	-1	-1
1466	1391	1387	0	-1	-1	-1
1388	1390	1467	0	-1	-1	-1
1366	1441	1440	0	-1	-1	-1
1390	1389	1470	0	-1	-1	-1
1440	1444	1368	0	-1	-1	-1
1442	1368	1443	0	-1	-1	-1
1368	1444	1443	0	-1	-1	-1
1442	1445	1369	0	-1	-1	-1
1395	1391	1471	0	-1	-1	-1
1393	1473	1392	0	-1	-1	-1
1392	1472	1396	0	-1	-1	-1
1393	1394	1474	0	-1	-1	-1
1370	1447	1446	0	-1	-1	0
1395	1474	1394	0	-1	-1	-1
1448	1447	1371	0	-1	-1	-1
1372	1449	1448	0	-1	-1	-1
1397	1396	1477	0	-1	-1	-1
1398	1397	1478	0	-1	-1	-1
1399	1398	1478	0	-1	-1	-1
1452	1451	1374	0	-1	-1	-1
1399	1479	1402	0	-1	-1	-1
1401	1481	1400	0	-1	-1	-1
1375	1454	1453	0	-1	-1	-1
1450	1456	1377	0	-1	-1	-1
1452	1376	1455	0	-1	-1	-1
1403	1400	1481	0	-1	-1	-1
1376	1453	1455	0	-1	-1	-1
1401	1402	1482	0	-1	-1	-1
1459	1382	1445	0	-1	-1	-1
1380	1458	1449	0	-1	-1	-1
1458	1380	1451	0	-1	-1	-1
1457	1454	1378	0	-1	-1	-1
1404	1403	1483	0	-1	-1	-1
1457	1378	1456	0	-1	-1	-1
1404	1484	1407	0	-1	-1	-1
1384	1462	1450	0	-1	-1	-1
1408	1406	1485	0	-1	-1	-1
1407	1486	1406	0	-1	-1	-1
1460	1383	1459	0	-1	-1	-1
1409	1410	1488	0	-1	-1	-1
1461	1462	1384	0	-1	-1	-1
1409	1487	1411	0	-1	-1	-1
1485	1416	1408	0	-1	-1	-1
1385	1464	1461	0	-1	-1	-1
1465	1386	1460	0	-1	-1	-1
1464	1385	1463	0	-1	-1	-1
1411	1490	1412	0	-1	-1	-1
1463	1386	1465	0	-1	-1	-1
1489	1410	1416	0	-1	-1	-1
1415	1412	1490	0	-1	-1	-1
1414	1413	1491	0	-1	-1	-1
1413	1415	1492	0	-1	-1	-1
1467	1466	1388	0	-1	-1	-1
1444	1440	1441	0	-1	-1	-1
1469	1389	1468	0	-1	0	-1
1390	1470	1467	0	-1	-1	-1
1391	1466	1471	0	-1	-1	-1
1389	1469	1470	0	-1	-1	-1
1419	1496	1418	0	-1	-1	-1
1497	1420	1418	0	-1	-1	-1
1472	1392	1473	0	-1	-1	-1
1393	1474	1473	0	-1	-1	-1
1471	1475	1395	0	-1	-1	-1
1420	1500	1421	0	-1	-1	-1
1477	1396	1472	0	-1	-1	-1
1474	1395	1476	0	-1	-1	-1
1438	1414	1493	0	-1	-1	-1
1395	1475	1476	0	-1	-1	-1
1501	1422	1423	0	-1	-1	-1
1421	1500	1428	0	-1	-1	-1
1502	1423	1425	0	-1	-1	-1
1477	1478	1397	0	-1	-1	-1
1425	1424	1503	0	-1	-1	-1
1419	1435	1499	0	-1	-1	-1
1426	1503	1424	0	-1	-1	-1
1478	1480	1399	0	-1	-1	-1
1479	1399	1480	0	-1	-1	-1
1426	1427	1505	0	-1	-1	-1
1507	1427	1428	0	-1	-1	-1
1482	1402	1479	0	-1	-1	-1
1501	1441	1422	0	-1	-1	-1
1401	1482	1481	0	-1	-1	-1
1481	1483	1403	0	-1	-1	-1
1508	1429	1430	0	-1	-1	-1
1456	1450	1462	0	-1	-1	-1
1508	1430	1432	0	-1	-1	-1
1508	1434	1429	0	-1	-1	-1
1484	1404	1483	0	-1	-1	-1
1499	1435	1437	0	-1	-1	-1
1431	1510	1432	0	-1	-1	-1
1486	1407	1484	0	-1	-1	-1
1486	1485	1406	0	-1	-1	-1
1431	1439	1509	0	-1	-1	-1
1433	1434	1513	0	-1	-1	-1
1433	1513	1436	0	-1	-1	-1
1487	1409	1488	0	-1	-1	-1
1438	1509	1439	0	-1	-1	-1
1488	1410	1489	0	-1	-1	-1
1437	1436	1515	0	-1	-1	-1
1487	1490	1411	0	-1	-1	-1
1485	1489	1416	0	-1	-1	-1
1413	1492	1491	0	-1	-1	-1
1414	1491	1494	0	-1	-1	-1
1415	1490	1495	0	-1	-1	-1
1414	1494	1493	0	-1	-1	-1
1415	1495	1492	0	-1	-1	-1
1444	1441	1520	0	-1	-1	-1
1442	1443	1521	0	-1	-1	-1
1442	1521	1445	0	-1	-1	-1
1443	1444	1522	0	-1	-1	-1
1497	1418	1496	0	-1	-1	-1
1419	1498	1496	0	-1	-1	-1
1419	1499	1498	0	-1	-1	-1
1497	1500	1420	0	-1	-1	-1
1526	1446	1447	0	-1	-1	-1
1527	1447	1448	0	-1	-1	-1
1476	1473	1474	0	-1	-1	-1
1502	1501	1423	0	-1	-1	-1
1529	1448	1449	0	-1	-1	-1
1459	1445	1524	0	-1	-1	-1
1425	1504	1502	0	-1	-1	-1
1425	1503	1504	0	-1	-1	-1
1452	1530	1451	0	-1	-1	-1
1506	1503	1426	0	-1	-1	-1
1500	1507	1428	0	-1	-1	-1
1458	1529	1449	0	-1	-1	-1
1530	1452	1455	0	-1	-1	-1
1505	1506	1426	0	-1	-1	-1
1531	1453	1454	0	-1	-1	-1
1458	1451	1530	0	-1	-1	-1
1455	1453	1531	0	-1	-1	-1
1507	1505	1427	0	-1	-1	-1
1532	1454	1457	0	-1	-1	-1
1457	1456	1536	0	-1	-1	-1
1493	1518	1438	0	-1	-1	-1
1510	1431	1509	0	-1	-1	-1
1499	1437	1516	0	-1	-1	-1
1512	1508	1432	0	-1	-1	-1
1511	1432	1510	0	-1	-1	-1
1462	1536	1456	0	-1	-1	-1
1511	1512	1432	0	-1	-1	-1
1508	1514	1434	0	-1	-1	-1
1460	1459	1539	0	-1	-1	-1
1514	1513	1434	0	-1	-1	-1
1501	1519	1441	0	-1	-1	-1
1541	1462	1461	0	-1	-1	-1
1515	1436	1513	0	-1	-1	-1
1539	1465	1460	0	-1	-1	-1
1509	1438	1518	0	-1	-1	-1
1541	1461	1464	0	-1	-1	-1
1517	1437	1515	0	-1	-1	-1
1542	1464	1463	0	-1	-1	-1
1542	1463	1465	0	-1	-1	-1
1437	1517	1516	0	-1	-1	-1
1490	1487	1495	0	-1	-1	-1
1466	1467	1545	0	-1	-1	-1
1519	1520	1441	0	-1	-1	-1
1471	1466	1545	0	-1	-1	-1
1470	1545	1467	0	-1	-1	-1
1469	1468	1547	0	-1	-1	-1
1521	1443	1522	0	-1	-1	-1
1523	1444	1520	0	-1	-1	-1
1470	1469	1548	0	-1	-1	-1
1444	1523	1522	0	-1	-1	-1
1521	1524	1445	0	-1	-1	-1
1475	1471	1550	0	-1	-1	-1
1446	1526	1525	0	-1	-1	0
1473	1552	1472	0	-1	-1	-1
1527	1526	1447	0	-1	-1	-1
1472	1551	1477	0	-1	-1	-1
1552	1473	1476	0	-1	-1	-1
1550	1476	1475	0	-1	-1	-1
1528	1527	1448	0	-1	-1	-1
1528	1448	1529	0	-1	-1	-1
1477	1555	1478	0	-1	-1	-1
1480	1478	1556	0	-1	-1	-1
1480	1558	1479	0	-1	-1	-1
1479	1557	1482	0	-1	-1	-1
1533	1531	1454	0	-1	-1	-1
1454	1532	1533	0	-1	-1	-1
1455	1535	1530	0	-1	-1	-1
1534	1455	1531	0	-1	-1	-1
1519	1501	1502	0	-1	-1	-1
1459	1524	1540	0	-1	-1	-1
1455	1534	1535	0	-1	-1	-1
1481	1482	1561	0	-1	-1	-1
1538	1529	1458	0	-1	-1	-1
1481	1561	1483	0	-1	-1	-1
1457	1537	1532	0	-1	-1	-1
1458	1530	1538	0	-1	-1	-1
1536	1537	1457	0	-1	-1	-1
1484	1483	1563	0	-1	-1	-1
1565	1486	1484	0	-1	-1	-1
1518	1510	1509	0	-1	-1	-1
1486	1566	1485	0	-1	-1	-1
1540	1539	1459	0	-1	-1	-1
1536	1462	1541	0	-1	-1	-1
1567	1489	1485	0	-1	-1	-1
1515	1513	1514	0	-1	-1	-1
1488	1569	1487	0	-1	-1	-1
1465	1539	1544	0	-1	-1	-1
1541	1464	1543	0	-1	-1	-1
1489	1572	1488	0	-1	-1	-1
1543	1464	1542	0	-1	-1	-1
1542	1465	1544	0	-1	-1	-1
1487	1570	1495	0	-1	-1	-1
1573	1491	1492	0	-1	-1	-1
1573	1494	1491	0	-1	-1	-1
1468	1546	1547	0	0	-1	-1
1495	1574	1492	0	-1	-1	-1
1493	1494	1575	0	-1	-1	-1
1545	1470	1548	0	-1	-1	-1
1548	1469	1547	0	-1	-1	-1
1545	1549	1471	0	-1	-1	-1
1471	1549	1550	0	-1	-1	-1
1497	1496	1578	0	-1	-1	-1
1496	1498	1579	0	-1	-1	-1
1552	1551	1472	0	-1	-1	-1
1580	1500	1497	0	-1	-1	-1
1582	1498	1499	0	-1	-1	-1
1554	1476	1550	0	-1	-1	-1
1552	1476	1553	0	-1	-1	-1
1477	1551	1555	0	-1	-1	-1
1554	1553	1476	0	-1	-1	-1
1580	1507	1500	0	-1	-1	-1
1575	1518	1493	0	-1	-1	-1
1556	1478	1555	0	-1	-1	-1
1584	1502	1504	0	-1	-1	-1
1503	1585	1504	0	-1	-1	-1
1558	1557	1479	0	-1	-1	-1
1585	1503	1506	0	-1	-1	-1
1480	1556	1560	0	-1	-1	-1
1506	1505	1586	0	-1	-1	-1
1558	1480	1559	0	-1	-1	-1
1499	1516	1582	0	-1	-1	-1
1586	1505	1507	0	-1	-1	-1
1559	1480	1560	0	-1	-1	-1
1482	1557	1562	0	-1	-1	-1
1535	1538	1530	0	-1	-1	-1
1502	1583	1519	0	-1	-1	-1
1562	1561	1482	0	-1	-1	-1
1563	1483	1561	0	-1	-1	-1
1563	1564	1484	0	-1	-1	-1
1512	1591	1508	0	-1	-1	-1
1484	1564	1565	0	-1	-1	-1
1593	1511	1510	0	-1	-1	-1
1592	1514	1508	0	-1	-1	-1
1512	1511	1594	0	-1	-1	-1
1566	1567	1485	0	-1	-1	-1
1565	1568	1486	0	-1	-1	-1
1566	1486	1568	0	-1	-1	-1
1518	1593	1510	0	-1	-1	-1
1515	1514	1596	0	-1	-1	-1
1570	1487	1569	0	-1	-1	-1
1488	1571	1569	0	-1	-1	-1
1567	1572	1489	0	-1	-1	-1
1517	1515	1597	0	-1	-1	-1
1571	1488	1572	0	-1	-1	-1
1517	1599	1516	0	-1	-1	-1
1573	1492	1574	0	-1	-1	-1
1519	1602	1520	0	-1	-1	-1
1577	1495	1570	0	-1	-1	-1
1576	1494	1573	0	-1	-1	-1
1576	1575	1494	0	-1	-1	-1
1495	1577	1574	0	-1	-1	-1
1604	1523	1520	0	-1	-1	-1
1606	1521	1522	0	-1	-1	-1
1521	1605	1524	0	-1	-1	-1
1523	1606	1522	0	-1	-1	-1
1496	1579	1578	0	-1	-1	-1
1497	1578	1581	0	-1	-1	-1
1497	1581	1580	0	-1	-1	-1
1579	1498	1582	0	-1	-1	-1
1608	1525	1526	0	-1	-1	-1
1608	1526	1527	0	-1	-1	-1
1528	1609	1527	0	-1	-1	-1
1529	1611	1528	0	-1	-1	-1
1584	1583	1502	0	-1	-1	-1
1605	1540	1524	0	-1	-1	-1
1560	1556	1555	0	-1	-1	-1
1584	1504	1585	0	-1	-1	-1
1533	1612	1531	0	-1	-1	-1
1531	1612	1534	0	-1	-1	-1
1507	1580	1590	0	-1	-1	-1
1613	1533	1532	0	-1	-1	-1
1538	1611	1529	0	-1	-1	-1
1506	1586	1587	0	-1	-1	-1
1506	1588	1585	0	-1	-1	-1
1506	1587	1589	0	-1	-1	-1
1532	1537	1613	0	-1	-1	-1
1506	1589	1588	0	-1	-1	-1
1590	1586	1507	0	-1	-1	-1
1535	1534	1615	0	-1	-1	-1
1617	1538	1535	0	-1	-1	-1
1536	1618	1537	0	-1	-1	-1
1591	1592	1508	0	-1	-1	-1
1575	1601	1518	0	-1	-1	-1
1536	1541	1618	0	-1	-1	-1
1598	1582	1516	0	-1	-1	-1
1594	1511	1593	0	-1	-1	-1
1512	1595	1591	0	-1	-1	-1
1539	1540	1621	0	-1	-1	-1
1594	1595	1512	0	-1	-1	-1
1514	1592	1596	0	-1	-1	-1
1543	1618	1541	0	-1	-1	-1
1539	1621	1544	0	-1	-1	-1
1519	1583	1602	0	-1	-1	-1
1515	1596	1597	0	-1	-1	-1
1543	1542	1623	0	-1	-1	-1
1624	1542	1544	0	-1	-1	-1
1601	1593	1518	0	-1	-1	-1
1599	1598	1516	0	-1	-1	-1
1517	1597	1600	0	-1	-1	-1
1517	1600	1599	0	-1	-1	-1
1627	1545	1548	0	-1	-1	-1
1545	1628	1549	0	-1	-1	-1
1630	1547	1546	0	-1	-1	-1
1520	1602	1603	0	-1	-1	-1
1548	1547	1631	0	-1	-1	-1
1520	1603	1604	0	-1	-1	-1
1549	1632	1550	0	-1	-1	-1
1521	1606	1605	0	-1	-1	-1
1606	1523	1604	0	-1	-1	-1
1632	1554	1550	0	-1	-1	-1
1633	1551	1552	0	-1	-1	-1
1634	1552	1553	0	-1	-1	-1
1551	1633	1555	0	-1	-1	-1
1608	1607	1525	0	-1	0	-1
1636	1553	1554	0	-1	-1	-1
1609	1608	1527	0	-1	-1	-1
1610	1609	1528	0	-1	-1	-1
1528	1611	1610	0	-1	0	-1
1590	1580	1581	0	-1	-1	-1
1638	1560	1555	0	-1	-1	-1
1558	1639	1557	0	-1	-1	-1
1639	1558	1559	0	-1	-1	-1
1584	1585	1588	0	-1	-1	-1
1639	1562	1557	0	-1	-1	-1
1560	1640	1559	0	-1	-1	-1
1614	1612	1533	0	-1	-1	-1
1614	1533	1613	0	-1	-1	-1
1534	1612	1616	0	-1	-1	-1
1616	1615	1534	0	0	-1	-1
1643	1561	1562	0	-1	-1	-1
1611	1538	1617	0	-1	-1	0
1535	1615	1617	0	-1	0	-1
1540	1605	1622	0	-1	-1	-1
1561	1643	1563	0	-1	-1	-1
1613	1537	1619	0	-1	-1	-1
1643	1564	1563	0	-1	-1	-1
1645	1565	1564	0	-1	-1	-1
1620	1537	1618	0	-1	-1	-1
1537	1620	1619	0	-1	-1	-1
1646	1568	1565	0	-1	-1	-1
1567	1566	1647	0	-1	-1	-1
1647	1566	1568	0	-1	-1	-1
1621	1540	1622	0	-1	-1	-1
1543	1625	1618	0	-1	-1	-1
1572	1567	1648	0	-1	-1	-1
1569	1650	1570	0	-1	-1	-1
1624	1623	1542	0	-1	-1	-1
1569	1571	1650	0	-1	-1	-1
1626	1544	1621	0	-1	-1	-1
1625	1543	1623	0	-1	-1	-1
1624	1544	1626	0	-1	-1	-1
1572	1652	1571	0	-1	-1	-1
1570	1651	1577	0	-1	-1	-1
1545	1627	1628	0	-1	-1	-1
1574	1653	1573	0	-1	-1	-1
1573	1654	1576	0	-1	-1	-1
1653	1574	1577	0	-1	-1	-1
1630	1546	1629	0	-1	0	-1
1548	1631	1627	0	-1	-1	-1
1576	1655	1575	0	-1	-1	-1
1547	1630	1631	0	-1	-1	-1
1628	1632	1549	0	-1	-1	-1
1578	1579	1659	0	-1	-1	-1
1578	1659	1581	0	-1	-1	-1
1552	1634	1633	0	-1	-1	-1
1579	1582	1660	0	-1	-1	-1
1635	1634	1553	0	-1	-1	-1
1632	1637	1554	0	-1	-1	-1
1636	1635	1553	0	-1	-1	-1
1555	1633	1638	0	-1	-1	-1
1636	1554	1637	0	-1	-1	-1
1583	1584	1664	0	-1	-1	-1
1601	1575	1655	0	-1	-1	-1
1581	1661	1590	0	-1	-1	-1
1666	1584	1588	0	-1	-1	-1
1641	1639	1559	0	-1	-1	-1
1667	1587	1586	0	-1	-1	-1
1641	1559	1640	0	-1	-1	-1
1560	1638	1642	0	-1	-1	-1
1560	1642	1640	0	-1	-1	-1
1616	1612	1614	0	-1	-1	0
1667	1586	1590	0	-1	-1	-1
1663	1582	1598	0	-1	-1	-1
1589	1587	1668	0	-1	-1	-1
1639	1644	1562	0	-1	-1	-1
1589	1669	1588	0	-1	-1	-1
1644	1643	1562	0	-1	-1	-1
1583	1665	1602	0	-1	-1	-1
1643	1645	1564	0	-1	-1	-1
1591	1672	1592	0	-1	-1	-1
1645	1646	1565	0	-1	-1	-1
1672	1591	1595	0	-1	-1	-1
1593	1674	1594	0	-1	-1	-1
1596	1592	1673	0	-1	-1	-1
1567	1647	1648	0	-1	-1	-1
1646	1649	1568	0	-1	-1	-1
1568	1649	1647	0	-1	-1	-1
1676	1595	1594	0	-1	-1	-1
1597	1596	1673	0	-1	-1	-1
1593	1601	1675	0	-1	-1	-1
1603	1602	1665	0	-1	-1	-1
1651	1570	1650	0	-1	-1	-1
1652	1572	1648	0	-1	-1	-1
1571	1652	1650	0	-1	-1	-1
1600	1597	1677	0	-1	-1	-1
1599	1678	1598	0	-1	-1	-1
1679	1599	1600	0	-1	-1	-1
1573	1653	1654	0	-1	-1	-1
1651	1658	1577	0	-1	-1	-1
1656	1576	1654	0	-1	-1	-1
1577	1658	1653	0	-1	-1	-1
1603	1681	1604	0	-1	-1	-1
1576	1657	1655	0	-1	-1	-1
1657	1576	1656	0	-1	-1	-1
1682	1606	1604	0	-1	-1	-1
1605	1606	1683	0	-1	-1	-1
1659	1579	1660	0	-1	-1	-1
1608	1685	1607	0	-1	-1	-1
1662	1581	1659	0	-1	-1	-1
1609	1686	1608	0	-1	-1	-1
1662	1661	1581	0	-1	-1	-1
1582	1663	1660	0	-1	-1	-1
1610	1687	1609	0	0	-1	-1
1622	1605	1683	0	-1	-1	-1
1583	1664	1665	0	-1	-1	-1
1664	1584	1666	0	-1	-1	-1
1688	1614	1613	0	0	-1	-1
1590	1661	1667	0	-1	-1	-1
1688	1613	1619	0	-1	-1	-1
1668	1587	1667	0	-1	-1	-1
1669	1666	1588	0	-1	-1	-1
1618	1689	1620	0	-1	-1	-1
1589	1668	1670	0	-1	-1	-1
1690	1619	1620	0	-1	-1	-1
1671	1669	1589	0	-1	-1	-1
1670	1671	1589	0	-1	-1	-1
1675	1601	1655	0	-1	-1	-1
1625	1689	1618	0	-1	-1	-1
1644	1645	1643	0	-1	-1	-1
1622	1692	1621	0	-1	-1	-1
1672	1673	1592	0	-1	-1	-1
1598	1678	1663	0	-1	-1	-1
1692	1626	1621	0	-1	-1	-1
1624	1694	1623	0	-1	-1	-1
1675	1674	1593	0	-1	-1	-1
1625	1623	1694	0	-1	-1	-1
1595	1676	1672	0	-1	-1	-1
1594	1674	1676	0	-1	-1	-1
1695	1624	1626	0	-1	-1	-1
1597	1673	1677	0	-1	-1	-1
1681	1603	1665	0	-1	-1	-1
1699	1628	1627	0	-1	-1	-1
1599	1679	1678	0	-1	-1	-1
1631	1699	1627	0	-1	-1	-1
1600	1677	1680	0	-1	-1	-1
1679	1600	1680	0	-1	-1	-1
1700	1632	1628	0	-1	-1	-1
1630	1629	1703	0	-1	-1	-1
1631	1630	1704	0	-1	-1	-1
1682	1604	1681	0	-1	-1	-1
1637	1632	1700	0	-1	-1	-1
1606	1682	1683	0	-1	-1	-1
1634	1707	1633	0	-1	-1	-1
1707	1634	1635	0	-1	-1	-1
1684	1607	1685	0	0	-1	-1
1706	1638	1633	0	-1	-1	-1
1636	1708	1635	0	-1	-1	-1
1686	1685	1608	0	-1	-1	-1
1687	1686	1609	0	-1	-1	-1
1637	1710	1636	0	-1	-1	-1
1657	1675	1655	0	-1	-1	-1
1642	1638	1711	0	-1	-1	-1
1639	1641	1712	0	-1	-1	-1
1713	1641	1640	0	-1	-1	-1
1644	1639	1712	0	-1	-1	-1
1713	1640	1642	0	-1	-1	-1
1690	1688	1619	0	0	-1	-1
1693	1622	1683	0	-1	-1	-1
1691	1620	1689	0	-1	-1	-1
1690	1620	1691	0	-1	-1	0
1645	1644	1716	0	-1	-1	-1
1622	1693	1692	0	-1	-1	-1
1645	1717	1646	0	-1	-1	-1
1696	1689	1625	0	-1	-1	-1
1624	1695	1694	0	-1	-1	-1
1646	1718	1649	0	-1	-1	-1
1719	1648	1647	0	-1	-1	-1
1694	1696	1625	0	-1	-1	-1
1720	1647	1649	0	-1	-1	-1
1626	1692	1698	0	-1	-1	-1
1697	1695	1626	0	-1	-1	-1
1648	1721	1652	0	-1	-1	-1
1697	1626	1698	0	-1	-1	-1
1650	1724	1651	0	-1	-1	-1
1652	1724	1650	0	-1	-1	-1
1700	1628	1699	0	-1	-1	-1
1702	1629	1701	0	-1	0	-1
1653	1727	1654	0	-1	-1	-1
1629	1702	1703	0	-1	-1	-1
1631	1705	1699	0	-1	-1	-1
1658	1651	1726	0	-1	-1	-1
1630	1703	1704	0	-1	-1	-1
1654	1728	1656	0	-1	-1	-1
1653	1658	1727	0	-1	-1	-1
1631	1704	1705	0	-1	-1	-1
1656	1728	1657	0	-1	-1	-1
1633	1707	1706	0	-1	-1	-1
1700	1710	1637	0	-1	-1	-1
1709	1707	1635	0	-1	-1	-1
1660	1733	1659	0	-1	-1	-1
1635	1708	1709	0	-1	-1	-1
1710	1708	1636	0	-1	-1	-1
1662	1659	1733	0	-1	-1	-1
1706	1711	1638	0	-1	-1	-1
1733	1660	1663	0	-1	-1	-1
1661	1662	1734	0	-1	-1	-1
1667	1661	1734	0	-1	-1	-1
1675	1657	1731	0	-1	-1	-1
1737	1665	1664	0	-1	-1	-1
1713	1642	1711	0	-1	-1	-1
1641	1714	1712	0	-1	-1	-1
1738	1664	1666	0	-1	-1	-1
1713	1714	1641	0	-1	-1	-1
1644	1712	1715	0	-1	-1	-1
1738	1666	1669	0	-1	-1	-1
1668	1667	1740	0	-1	-1	-1
1644	1715	1716	0	-1	-1	-1
1689	1696	1691	0	-1	-1	-1
1736	1663	1678	0	-1	-1	-1
1645	1716	1717	0	-1	-1	-1
1741	1670	1668	0	-1	-1	-1
1646	1717	1718	0	-1	-1	-1
1671	1742	1669	0	-1	-1	-1
1671	1670	1743	0	-1	-1	-1
1739	1681	1665	0	-1	-1	-1
1719	1647	1720	0	-1	-1	-1
1721	1648	1719	0	-1	-1	-1
1723	1649	1718	0	-1	-1	-1
1673	1672	1745	0	-1	-1	-1
1722	1720	1649	0	-1	-1	-1
1746	1672	1676	0	-1	-1	-1
1649	1723	1722	0	-1	-1	-1
1677	1673	1745	0	-1	-1	-1
1652	1721	1724	0	-1	-1	-1
1675	1749	1674	0	-1	-1	-1
1750	1676	1674	0	-1	-1	-1
1724	1725	1651	0	-1	-1	-1
1725	1726	1651	0	-1	-1	-1
1680	1677	1751	0	-1	-1	-1
1727	1728	1654	0	-1	-1	-1
1679	1752	1678	0	-1	-1	-1
1754	1679	1680	0	-1	-1	-1
1728	1730	1657	0	-1	-1	-1
1730	1729	1657	0	-1	-1	-1
1658	1726	1732	0	-1	-1	-1
1657	1729	1731	0	-1	-1	-1
1727	1658	1732	0	-1	-1	-1
1757	1682	1681	0	-1	-1	-1
1757	1683	1682	0	-1	-1	-1
1685	1759	1684	0	-1	-1	-1
1735	1662	1733	0	-1	-1	-1
1760	1685	1686	0	-1	-1	-1
1735	1734	1662	0	-1	-1	-1
1733	1663	1736	0	-1	-1	-1
1693	1683	1757	0	-1	-1	-1
1760	1686	1687	0	-1	-1	0
1664	1738	1737	0	-1	-1	-1
1667	1734	1740	0	-1	-1	-1
1737	1739	1665	0	-1	-1	-1
1762	1692	1693	0	-1	-1	-1
1696	1761	1691	0	-1	0	-1
1738	1669	1742	0	-1	-1	-1
1740	1741	1668	0	-1	-1	-1
1762	1698	1692	0	-1	-1	-1
1694	1695	1764	0	-1	-1	-1
1670	1741	1743	0	-1	-1	-1
1749	1675	1731	0	-1	-1	-1
1694	1765	1696	0	-1	-1	-1
1742	1671	1744	0	-1	-1	-1
1695	1697	1766	0	-1	-1	-1
1744	1671	1743	0	-1	-1	-1
1698	1768	1697	0	-1	-1	-1
1672	1747	1745	0	-1	-1	-1
1748	1672	1746	0	-1	-1	-1
1747	1672	1748	0	-1	-1	-1
1753	1736	1678	0	-1	-1	-1
1770	1700	1699	0	-1	-1	-1
1750	1746	1676	0	-1	-1	-1
1674	1749	1750	0	-1	-1	-1
1677	1745	1751	0	-1	-1	-1
1770	1699	1705	0	-1	-1	-1
1772	1702	1701	0	-1	-1	-1
1739	1756	1681	0	-1	-1	-1
1773	1703	1702	0	-1	-1	-1
1700	1770	1710	0	-1	-1	-1
1774	1704	1703	0	-1	-1	-1
1753	1678	1752	0	-1	-1	-1
1754	1752	1679	0	-1	-1	-1
1776	1705	1704	0	-1	-1	-1
1680	1751	1755	0	-1	-1	-1
1754	1680	1755	0	-1	-1	-1
1706	1707	1778	0	-1	-1	-1
1711	1706	1777	0	-1	-1	-1
1709	1778	1707	0	-1	-1	-1
1681	1756	1757	0	-1	-1	-1
1779	1709	1708	0	-1	-1	-1
1708	1710	1780	0	-1	-1	-1
1684	1759	1758	0	-1	0	0
1760	1759	1685	0	0	-1	-1
1713	1711	1783	0	-1	-1	-1
1784	1712	1714	0	-1	-1	-1
1784	1715	1712	0	-1	-1	-1
1786	1714	1713	0	-1	-1	-1
1763	1693	1757	0	-1	-1	-1
1784	1716	1715	0	-1	-1	-1
1693	1763	1762	0	-1	-1	-1
1716	1788	1717	0	-1	-1	-1
1765	1761	1696	0	-1	-1	-1
1694	1764	1765	0	-1	-1	-1
1717	1788	1718	0	-1	-1	-1
1695	1766	1764	0	-1	-1	-1
1719	1720	1789	0	-1	-1	-1
1762	1769	1698	0	-1	-1	-1
1718	1788	1723	0	-1	-1	-1
1719	1789	1721	0	-1	-1	-1
1766	1697	1767	0	-1	-1	-1
1768	1767	1697	0	-1	-1	-1
1722	1791	1720	0	-1	-1	-1
1768	1698	1769	0	-1	-1	-1
1792	1724	1721	0	-1	-1	-1
1794	1722	1723	0	-1	-1	-1
1724	1792	1725	0	-1	-1	-1
1745	1747	1751	0	-1	-1	-1
1701	1771	1772	0	0	-1	-1
1726	1725	1796	0	-1	-1	-1
1772	1773	1702	0	-1	-1	-1
1774	1703	1773	0	-1	-1	-1
1776	1770	1705	0	-1	-1	-1
1704	1774	1775	0	-1	-1	-1
1727	1799	1728	0	-1	-1	-1
1775	1776	1704	0	-1	-1	-1
1726	1798	1732	0	-1	-1	-1
1730	1728	1800	0	-1	-1	-1
1732	1799	1727	0	-1	-1	-1
1778	1777	1706	0	-1	-1	-1
1710	1770	1782	0	-1	-1	-1
1729	1730	1803	0	-1	-1	-1
1731	1729	1802	0	-1	-1	-1
1779	1708	1780	0	-1	-1	-1
1778	1709	1781	0	-1	-1	-1
1779	1781	1709	0	-1	-1	-1
1777	1783	1711	0	-1	-1	-1
1782	1780	1710	0	-1	-1	-1
1805	1735	1733	0	-1	-1	-1
1736	1805	1733	0	-1	-1	-1
1735	1806	1734	0	-1	-1	-1
1806	1740	1734	0	-1	-1	-1
1783	1785	1713	0	-1	-1	-1
1749	1731	1804	0	-1	-1	-1
1713	1785	1786	0	-1	-1	-1
1738	1809	1737	0	-1	-1	-1
1739	1737	1809	0	-1	-1	-1
1784	1714	1787	0	-1	-1	-1
1786	1787	1714	0	-1	-1	-1
1716	1784	1788	0	-1	-1	-1
1738	1742	1810	0	-1	-1	-1
1813	1741	1740	0	-1	-1	-1
1808	1736	1753	0	-1	-1	-1
1741	1814	1743	0	-1	-1	-1
1789	1720	1790	0	-1	-1	-1
1720	1791	1790	0	-1	-1	-1
1742	1744	1815	0	-1	-1	-1
1749	1804	1750	0	-1	-1	-1
1816	1744	1743	0	-1	-1	-1
1793	1721	1789	0	-1	-1	-1
1756	1739	1811	0	-1	-1	-1
1721	1793	1792	0	-1	-1	-1
1723	1788	1795	0	-1	-1	-1
1791	1722	1794	0	-1	-1	-1
1818	1748	1746	0	-1	-1	-1
1794	1723	1795	0	-1	-1	-1
1797	1725	1792	0	-1	-1	-1
1818	1746	1750	0	-1	-1	-1
1748	1819	1747	0	-1	-1	-1
1725	1797	1796	0	-1	-1	-1
1747	1820	1751	0	-1	-1	-1
1726	1796	1798	0	-1	-1	-1
1755	1751	1820	0	-1	-1	-1
1753	1752	1822	0	-1	-1	-1
1752	1754	1822	0	-1	-1	-1
1799	1801	1728	0	-1	-1	-1
1728	1801	1800	0	-1	-1	-1
1799	1732	1798	0	-1	-1	-1
1730	1800	1803	0	-1	-1	-1
1754	1755	1824	0	-1	-1	-1
1802	1729	1803	0	-1	-1	-1
1802	1804	1731	0	-1	-1	-1
1757	1756	1826	0	-1	-1	-1
1763	1757	1826	0	-1	-1	-1
1735	1805	1807	0	-1	-1	-1
1735	1807	1806	0	-1	-1	-1
1736	1808	1805	0	-1	-1	-1
1761	1765	1827	0	-1	-1	0
1762	1763	1828	0	-1	-1	-1
1764	1827	1765	0	-1	-1	-1
1810	1809	1738	0	-1	-1	-1
1766	1827	1764	0	-1	-1	-1
1769	1762	1828	0	-1	-1	-1
1806	1813	1740	0	-1	-1	-1
1739	1809	1812	0	-1	-1	-1
1739	1812	1811	0	-1	-1	-1
1766	1767	1830	0	-1	-1	-1
1768	1831	1767	0	-1	-1	-1
1810	1742	1815	0	-1	-1	-1
1741	1813	1814	0	-1	-1	-1
1769	1832	1768	0	-1	-1	-1
1750	1804	1818	0	-1	-1	-1
1743	1814	1816	0	-1	-1	-1
1744	1817	1815	0	-1	-1	-1
1817	1744	1816	0	-1	-1	-1
1837	1772	1771	0	-1	-1	-1
1776	1835	1770	0	-1	-1	-1
1797	1792	1793	0	-1	-1	-1
1772	1838	1773	0	-1	-1	-1
1823	1808	1753	0	-1	-1	-1
1839	1774	1773	0	-1	-1	-1
1819	1820	1747	0	-1	-1	-1
1770	1835	1782	0	-1	-1	-1
1818	1821	1748	0	-1	-1	-1
1774	1839	1775	0	-1	-1	-1
1748	1821	1819	0	-1	-1	-1
1775	1840	1776	0	-1	-1	-1
1826	1756	1811	0	-1	-1	-1
1778	1841	1777	0	-1	-1	-1
1823	1753	1822	0	-1	-1	-1
1820	1825	1755	0	-1	-1	-1
1822	1754	1824	0	-1	-1	-1
1842	1783	1777	0	-1	-1	-1
1778	1781	1844	0	-1	-1	-1
1825	1824	1755	0	-1	-1	-1
1845	1781	1779	0	-1	-1	-1
1780	1846	1779	0	-1	-1	-1
1782	1847	1780	0	-1	-1	-1
1783	1842	1785	0	-1	-1	-1
1828	1763	1826	0	-1	-1	-1
1766	1829	1827	0	-1	0	-1
1788	1784	1850	0	-1	-1	-1
1851	1784	1787	0	-1	-1	-1
1785	1852	1786	0	-1	-1	-1
1766	1830	1829	0	-1	-1	-1
1787	1786	1853	0	-1	-1	-1
1831	1830	1767	0	-1	-1	-1
1832	1831	1768	0	-1	-1	-1
1769	1828	1834	0	-1	-1	-1
1789	1790	1855	0	-1	-1	-1
1769	1833	1832	0	-1	-1	-1
1769	1834	1833	0	-1	-1	-1
1855	1793	1789	0	-1	-1	-1
1790	1791	1856	0	-1	-1	-1
1854	1795	1788	0	-1	-1	-1
1857	1791	1794	0	-1	-1	-1
1794	1795	1854	0	-1	-1	-1
1836	1837	1771	0	-1	-1	0
1772	1837	1838	0	-1	-1	-1
1859	1797	1793	0	-1	-1	-1
1838	1839	1773	0	-1	-1	-1
1840	1835	1776	0	-1	-1	-1
1840	1775	1839	0	-1	-1	-1
1797	1861	1796	0	-1	-1	-1
1798	1796	1862	0	-1	-1	-1
1842	1777	1841	0	-1	-1	-1
1799	1798	1864	0	-1	-1	-1
1843	1841	1778	0	-1	-1	-1
1799	1864	1801	0	-1	-1	-1
1843	1778	1844	0	-1	-1	-1
1865	1800	1801	0	-1	-1	-1
1835	1849	1782	0	-1	-1	-1
1803	1800	1865	0	-1	-1	-1
1781	1845	1844	0	-1	-1	-1
1846	1845	1779	0	-1	-1	-1
1802	1803	1868	0	-1	-1	-1
1847	1846	1780	0	-1	-1	-1
1802	1869	1804	0	-1	-1	-1
1847	1782	1848	0	-1	-1	-1
1849	1848	1782	0	-1	-1	-1
1842	1852	1785	0	-1	-1	-1
1807	1805	1872	0	-1	-1	-1
1871	1805	1808	0	-1	-1	-1
1851	1850	1784	0	-1	-1	-1
1806	1807	1875	0	-1	-1	-1
1869	1818	1804	0	-1	-1	-1
1851	1787	1853	0	-1	-1	-1
1853	1786	1852	0	-1	-1	-1
1813	1806	1873	0	-1	-1	-1
1850	1854	1788	0	-1	-1	-1
1810	1876	1809	0	-1	-1	-1
1809	1876	1812	0	-1	-1	-1
1813	1873	1814	0	-1	-1	-1
1790	1856	1855	0	-1	-1	-1
1812	1878	1811	0	-1	-1	-1
1810	1815	1877	0	-1	-1	-1
1871	1808	1823	0	-1	-1	-1
1791	1858	1856	0	-1	-1	-1
1858	1791	1857	0	-1	-1	-1
1793	1855	1859	0	-1	-1	-1
1854	1860	1794	0	-1	-1	-1
1817	1877	1815	0	-1	-1	-1
1814	1881	1816	0	-1	-1	-1
1794	1860	1857	0	-1	-1	-1
1816	1883	1817	0	-1	-1	-1
1879	1826	1811	0	-1	-1	-1
1797	1859	1861	0	-1	-1	-1
1861	1862	1796	0	-1	-1	-1
1863	1798	1862	0	-1	-1	-1
1849	1835	1840	0	-1	-1	-1
1864	1798	1863	0	-1	-1	-1
1821	1818	1887	0	-1	-1	-1
1843	1842	1841	0	-1	-1	-1
1819	1888	1820	0	-1	-1	-1
1819	1821	1889	0	-1	-1	-1
1866	1801	1864	0	-1	-1	-1
1865	1801	1867	0	-1	-1	-1
1828	1826	1879	0	-1	-1	-1
1801	1866	1867	0	-1	-1	-1
1820	1890	1825	0	-1	-1	-1
1865	1870	1803	0	-1	-1	-1
1823	1822	1893	0	-1	-1	-1
1824	1893	1822	0	-1	-1	-1
1869	1802	1868	0	-1	-1	-1
1803	1870	1868	0	-1	-1	-1
1834	1828	1879	0	-1	-1	-1
1825	1897	1824	0	-1	-1	-1
1872	1805	1871	0	-1	-1	-1
1806	1874	1873	0	-1	-1	-1
1872	1875	1807	0	-1	-1	-1
1806	1875	1874	0	-1	-1	-1
1899	1829	1830	0	0	-1	-1
1830	1831	1899	0	-1	-1	-1
1876	1810	1877	0	-1	-1	-1
1832	1900	1831	0	-1	-1	-1
1832	1833	1901	0	-1	-1	-1
1876	1880	1812	0	-1	-1	-1
1811	1878	1879	0	-1	-1	-1
1873	1882	1814	0	-1	-1	-1
1902	1833	1834	0	-1	-1	-1
1880	1878	1812	0	-1	-1	-1
1887	1818	1869	0	-1	-1	-1
1814	1882	1881	0	-1	-1	-1
1837	1836	1905	0	-1	-1	-1
1877	1817	1885	0	-1	-1	-1
1884	1816	1881	0	-1	-1	-1
1907	1838	1837	0	-1	-1	-1
1884	1883	1816	0	-1	-1	-1
1908	1839	1838	0	-1	-1	-1
1883	1886	1817	0	-1	-1	-1
1839	1909	1840	0	-1	-1	-1
1886	1885	1817	0	-1	-1	-1
1871	1823	1895	0	-1	-1	-1
1819	1889	1888	0	-1	-1	-1
1842	1843	1912	0	-1	-1	-1
1840	1910	1849	0	-1	-1	-1
1888	1891	1820	0	-1	-1	-1
1844	1913	1843	0	-1	-1	-1
1887	1892	1821	0	-1	-1	-1
1820	1891	1890	0	-1	-1	-1
1821	1892	1889	0	-1	-1	-1
1914	1844	1845	0	-1	-1	-1
1842	1911	1852	0	-1	-1	-1
1845	1846	1915	0	-1	-1	-1
1846	1847	1916	0	-1	-1	-1
1896	1823	1893	0	-1	-1	-1
1897	1825	1890	0	-1	-1	-1
1894	1895	1823	0	-1	-1	-1
1917	1847	1848	0	-1	-1	-1
1896	1894	1823	0	-1	-1	-1
1893	1824	1898	0	-1	-1	-1
1849	1918	1848	0	-1	-1	-1
1903	1834	1879	0	-1	-1	-1
1898	1824	1897	0	-1	-1	-1
1850	1851	1919	0	-1	-1	-1
1850	1919	1854	0	-1	-1	-1
1853	1852	1922	0	-1	-1	-1
1921	1851	1853	0	-1	-1	-1
1882	1873	1874	0	-1	-1	-1
1899	1831	1900	0	-1	-1	-1
1901	1900	1832	0	-1	-1	-1
1902	1901	1833	0	-1	-1	-1
1926	1855	1856	0	-1	-1	-1
1903	1902	1834	0	-1	-1	-1
1854	1925	1860	0	-1	-1	-1
1855	1926	1859	0	-1	-1	-1
1928	1856	1858	0	-1	-1	-1
1929	1858	1857	0	-1	-1	-1
1836	1904	1905	0	0	-1	-1
1860	1929	1857	0	-1	-1	-1
1837	1905	1906	0	-1	-1	-1
1837	1906	1907	0	-1	-1	-1
1859	1931	1861	0	-1	-1	-1
1908	1838	1907	0	-1	-1	-1
1862	1861	1933	0	-1	-1	-1
1909	1839	1908	0	-1	-1	-1
1840	1909	1910	0	-1	-1	-1
1863	1862	1934	0	-1	-1	-1
1863	1936	1864	0	-1	-1	-1
1911	1842	1912	0	-1	-1	-1
1866	1864	1936	0	-1	-1	-1
1913	1912	1843	0	-1	-1	-1
1889	1891	1888	0	-1	-1	-1
1867	1937	1865	0	-1	-1	-1
1913	1844	1914	0	-1	-1	-1
1867	1866	1938	0	-1	-1	-1
1870	1865	1937	0	-1	-1	-1
1845	1915	1914	0	-1	-1	-1
1918	1849	1910	0	-1	-1	-1
1846	1916	1915	0	-1	-1	-1
1868	1941	1869	0	-1	-1	-1
1917	1916	1847	0	-1	-1	-1
1870	1942	1868	0	-1	-1	-1
1917	1848	1918	0	-1	-1	-1
1922	1852	1911	0	-1	-1	-1
1893	1898	1896	0	-1	-1	-1
1945	1872	1871	0	-1	-1	-1
1920	1919	1851	0	-1	-1	-1
1920	1851	1921	0	-1	-1	-1
1872	1946	1875	0	-1	-1	-1
1875	1947	1874	0	-1	-1	-1
1921	1853	1923	0	-1	-1	-1
1925	1854	1919	0	-1	-1	-1
1869	1943	1887	0	-1	-1	-1
1924	1853	1922	0	-1	-1	-1
1924	1923	1853	0	-1	-1	-1
1948	1876	1877	0	-1	-1	-1
1947	1882	1874	0	-1	-1	-1
1948	1880	1876	0	-1	-1	-1
1878	1880	1949	0	-1	-1	-1
1878	1950	1879	0	-1	-1	-1
1856	1927	1926	0	-1	-1	-1
1885	1948	1877	0	-1	-1	-1
1945	1871	1895	0	-1	-1	-1
1928	1927	1856	0	-1	-1	-1
1881	1882	1951	0	-1	-1	-1
1951	1884	1881	0	-1	-1	-1
1930	1928	1858	0	-1	-1	-1
1931	1859	1926	0	-1	-1	-1
1925	1932	1860	0	-1	-1	-1
1858	1929	1930	0	-1	-1	-1
1884	1953	1883	0	-1	-1	-1
1860	1932	1929	0	-1	-1	-1
1886	1883	1953	0	-1	-1	-1
1943	1892	1887	0	-1	-1	-1
1931	1933	1861	0	-1	-1	-1
1955	1885	1886	0	-1	-1	-1
1935	1862	1933	0	-1	-1	-1
1935	1934	1862	0	-1	-1	-1
1903	1879	1950	0	-1	-1	-1
1934	1936	1863	0	-1	-1	-1
1891	1889	1958	0	-1	-1	-1
1892	1958	1889	0	-1	-1	-1
1936	1938	1866	0	-1	-1	-1
1891	1960	1890	0	-1	-1	-1
1937	1867	1939	0	-1	-1	-1
1912	1922	1911	0	-1	-1	-1
1938	1940	1867	0	-1	-1	-1
1890	1959	1897	0	-1	-1	-1
1939	1867	1940	0	-1	-1	-1
1868	1942	1941	0	-1	-1	-1
1870	1937	1944	0	-1	-1	-1
1895	1894	1964	0	-1	-1	-1
1869	1941	1943	0	-1	-1	-1
1897	1959	1898	0	-1	-1	-1
1894	1896	1965	0	-1	-1	-1
1942	1870	1944	0	-1	-1	-1
1966	1896	1898	0	-1	-1	-1
1872	1945	1946	0	-1	-1	-1
1919	1920	1925	0	-1	-1	-1
1900	1968	1899	0	-1	0	-1
1947	1875	1946	0	-1	-1	-1
1901	1968	1900	0	-1	-1	-1
1902	1969	1901	0	-1	-1	-1
1971	1902	1903	0	-1	-1	-1
1948	1949	1880	0	-1	-1	-1
1950	1878	1949	0	-1	-1	-1
1952	1882	1947	0	-1	-1	-1
1973	1905	1904	0	-1	-1	-1
1973	1906	1905	0	-1	-1	-1
1882	1952	1951	0	-1	-1	-1
1906	1975	1907	0	-1	-1	-1
1951	1954	1884	0	-1	-1	-1
1885	1956	1948	0	-1	-1	-1
1954	1953	1884	0	-1	-1	-1
1907	1976	1908	0	-1	-1	-1
1908	1977	1909	0	-1	-1	-1
1885	1955	1956	0	-1	-1	-1
1953	1957	1886	0	-1	-1	-1
1910	1909	1978	0	-1	-1	-1
1957	1955	1886	0	-1	-1	-1
1943	1963	1892	0	-1	-1	-1
1895	1964	1945	0	-1	-1	-1
1912	1913	1981	0	-1	-1	-1
1910	1979	1918	0	-1	-1	-1
1959	1890	1960	0	-1	-1	-1
1983	1913	1914	0	-1	-1	-1
1958	1961	1891	0	-1	-1	-1
1915	1983	1914	0	-1	-1	-1
1960	1891	1961	0	-1	-1	-1
1958	1892	1962	0	-1	-1	-1
1984	1915	1916	0	-1	-1	-1
1922	1912	1982	0	-1	-1	-1
1963	1962	1892	0	-1	-1	-1
1917	1986	1916	0	-1	-1	-1
1987	1917	1918	0	-1	-1	-1
1964	1894	1965	0	-1	-1	-1
1898	1959	1967	0	-1	-1	-1
1950	1971	1903	0	-1	-1	-1
1896	1966	1965	0	-1	-1	-1
1920	1921	1989	0	-1	-1	-1
1898	1967	1966	0	-1	-1	-1
1920	1988	1925	0	-1	-1	-1
1990	1921	1923	0	-1	-1	-1
1922	1991	1924	0	-1	-1	-1
1924	1990	1923	0	-1	-1	-1
1969	1968	1901	0	-1	-1	-1
1902	1970	1969	0	-1	-1	-1
1971	1970	1902	0	-1	-1	-1
1926	1927	1993	0	-1	-1	-1
1904	1972	1973	0	0	-1	-1
1925	1992	1932	0	-1	-1	-1
1927	1928	1995	0	-1	-1	-1
1931	1926	1993	0	-1	-1	-1
1956	1949	1948	0	-1	-1	-1
1906	1973	1974	0	-1	-1	-1
1928	1930	1996	0	-1	-1	-1
1974	1975	1906	0	-1	-1	-1
1993	1933	1931	0	-1	-1	-1
1998	1930	1929	0	-1	-1	-1
1975	1976	1907	0	-1	-1	-1
1932	1998	1929	0	-1	-1	-1
1977	1908	1976	0	-1	-1	-1
1909	1977	1978	0	-1	-1	-1
1978	1979	1910	0	-1	-1	-1
1935	1933	2000	0	-1	-1	-1
1935	2001	1934	0	-1	-1	-1
1936	1934	2002	0	-1	-1	-1
1980	1912	1981	0	-1	-1	-1
1912	1980	1982	0	-1	-1	-1
1983	1981	1913	0	-1	-1	-1
1936	2005	1938	0	-1	-1	-1
1937	1939	2006	0	-1	-1	-1
1983	1915	1985	0	-1	-1	-1
1984	1985	1915	0	-1	-1	-1
1918	1979	1987	0	-1	-1	-1
1940	1938	2007	0	-1	-1	-1
1916	1986	1984	0	-1	-1	-1
1937	2006	1944	0	-1	-1	-1
1940	2008	1939	0	-1	-1	-1
1917	1987	1986	0	-1	-1	-1
1942	2010	1941	0	-1	-1	-1
2010	1943	1941	0	-1	-1	-1
1982	1991	1922	0	-1	-1	-1
1942	1944	2011	0	-1	-1	-1
1989	1988	1920	0	-1	-1	-1
1990	1989	1921	0	-1	-1	-1
1946	1945	2013	0	-1	-1	-1
1991	1990	1924	0	-1	-1	-1
1992	1925	1988	0	-1	-1	-1
2015	1947	1946	0	-1	-1	-1
2015	1952	1947	0	-1	-1	-1
1993	1927	1994	0	-1	-1	-1
1950	1949	2016	0	-1	-1	-1
1927	1995	1994	0	-1	-1	-1
2010	1963	1943	0	-1	-1	-1
1997	1995	1928	0	-1	-1	-1
2018	1951	1952	0	-1	-1	-1
1949	1956	2016	0	-1	-1	-1
1928	1996	1997	0	-1	-1	-1
2018	1954	1951	0	-1	-1	-1
2014	1945	1964	0	-1	-1	-1
1992	1999	1932	0	-1	-1	-1
1998	1996	1930	0	-1	-1	-1
1993	2000	1933	0	-1	-1	-1
1953	1954	2020	0	-1	-1	-1
1998	1932	1999	0	-1	-1	-1
2020	1957	1953	0	-1	-1	-1
1956	1955	2023	0	-1	-1	-1
2024	1955	1957	0	-1	-1	-1
2002	1934	2001	0	-1	-1	-1
1935	2000	2003	0	-1	-1	-1
1950	2017	1971	0	-1	-1	-1
1935	2004	2001	0	-1	-1	-1
2004	1935	2003	0	-1	-1	-1
2002	2005	1936	0	-1	-1	-1
1958	2027	1961	0	-1	-1	-1
1958	1962	2028	0	-1	-1	-1
2029	1959	1960	0	-1	-1	-1
2005	2007	1938	0	-1	-1	-1
1961	2030	1960	0	-1	-1	-1
1939	2008	2006	0	-1	-1	-1
2029	1967	1959	0	-1	-1	-1
2009	1940	2007	0	-1	-1	-1
2008	1940	2009	0	-1	-1	-1
1962	1963	2032	0	-1	-1	-1
2012	1944	2006	0	-1	-1	-1
2011	2010	1942	0	-1	-1	-1
2034	1964	1965	0	-1	-1	-1
1966	2035	1965	0	-1	-1	-1
2011	1944	2012	0	-1	-1	-1
1967	2036	1966	0	-1	-1	-1
2014	2013	1945	0	-1	-1	-1
1946	2013	2015	0	-1	-1	-1
1968	1969	2038	0	-1	-1	0
2039	1969	1970	0	-1	-1	-1
2040	1970	1971	0	-1	-1	-1
2017	1950	2016	0	-1	-1	-1
1952	2015	2019	0	-1	-1	-1
2042	1973	1972	0	-1	-1	-1
2019	2018	1952	0	-1	-1	-1
1974	1973	2044	0	-1	-1	-1
1975	1974	2045	0	-1	-1	-1
2018	2022	1954	0	-1	-1	-1
2016	1956	2023	0	-1	-1	-1
2020	1954	2021	0	-1	-1	-1
2022	2021	1954	0	-1	-1	-1
1976	1975	2046	0	-1	-1	-1
2046	1977	1976	0	-1	-1	-1
2023	1955	2024	0	-1	-1	-1
1977	2047	1978	0	-1	-1	-1
2026	1957	2020	0	-1	-1	-1
2048	1979	1978	0	-1	-1	-1
1957	2025	2024	0	-1	-1	-1
2010	2033	1963	0	-1	-1	-1
2026	2025	1957	0	-1	-1	-1
2050	1980	1981	0	-1	-1	-1
2014	1964	2034	0	-1	-1	-1
2027	1958	2028	0	-1	-1	-1
2051	1982	1980	0	-1	-1	-1
2048	1987	1979	0	-1	-1	-1
2052	1981	1983	0	-1	-1	-1
1961	2027	2030	0	-1	-1	-1
1960	2031	2029	0	-1	-1	-1
2030	2031	1960	0	-1	-1	-1
1985	2054	1983	0	-1	-1	-1
2028	1962	2032	0	-1	-1	-1
2055	1985	1984	0	-1	-1	-1
2055	1984	1986	0	-1	-1	-1
2008	2012	2006	0	-1	-1	-1
1982	2053	1991	0	-1	-1	-1
1963	2033	2032	0	-1	-1	-1
2040	1971	2017	0	-1	-1	-1
1986	1987	2057	0	-1	-1	-1
2037	1967	2029	0	-1	-1	-1
2034	1965	2035	0	-1	-1	-1
1989	2059	1988	0	-1	-1	-1
2036	2035	1966	0	-1	-1	-1
1990	2060	1989	0	-1	-1	-1
1992	1988	2059	0	-1	-1	-1
2037	2036	1967	0	-1	-1	-1
1990	1991	2061	0	-1	-1	-1
2038	1969	2039	0	-1	-1	0
2040	2039	1970	0	-1	-1	-1
1993	1994	2064	0	-1	-1	-1
2033	2010	2011	0	-1	-1	-1
1999	1992	2063	0	-1	-1	-1
1994	1995	2066	0	-1	-1	-1
1972	2041	2042	0	0	-1	-1
2065	2000	1993	0	-1	-1	-1
2042	2043	1973	0	-1	-1	-1
2067	1995	1997	0	-1	-1	-1
2044	1973	2043	0	-1	-1	-1
1996	2068	1997	0	-1	-1	-1
2068	1996	1998	0	-1	-1	-1
1974	2044	2045	0	-1	-1	-1
1999	2068	1998	0	-1	-1	-1
1975	2045	2046	0	-1	-1	-1
2020	2021	2026	0	-1	-1	-1
2003	2000	2065	0	-1	-1	-1
2046	2047	1977	0	-1	-1	-1
2049	1978	2047	0	-1	-1	-1
2002	2001	2071	0	-1	-1	-1
1978	2049	2048	0	-1	-1	-1
2004	2071	2001	0	-1	-1	-1
2072	2005	2002	0	-1	-1	-1
2073	2004	2003	0	-1	-1	-1
1980	2050	2051	0	-1	-1	-1
2052	2050	1981	0	-1	-1	-1
2005	2072	2007	0	-1	-1	-1
1982	2051	2053	0	-1	-1	-1
2054	2052	1983	0	-1	-1	-1
2048	2057	1987	0	-1	-1	-1
2076	2009	2007	0	-1	-1	-1
2008	2009	2077	0	-1	-1	-1
2056	2054	1985	0	-1	-1	-1
2055	2056	1985	0	-1	-1	-1
2077	2012	2008	0	-1	-1	-1
1986	2058	2055	0	-1	-1	-1
1986	2057	2058	0	-1	-1	-1
2011	2012	2079	0	-1	-1	-1
1991	2053	2062	0	-1	-1	-1
2060	2059	1989	0	-1	-1	-1
2014	2081	2013	0	-1	-1	-1
2013	2081	2015	0	-1	-1	-1
2061	2060	1990	0	-1	-1	-1
1992	2059	2063	0	-1	-1	-1
2062	2061	1991	0	-1	-1	-1
2019	2015	2084	0	-1	-1	-1
2085	2017	2016	0	-1	-1	-1
1993	2064	2065	0	-1	-1	-1
2011	2080	2033	0	-1	-1	-1
2066	2064	1994	0	-1	-1	-1
2016	2023	2085	0	-1	-1	-1
2019	2088	2018	0	-1	-1	-1
2066	1995	2067	0	-1	-1	-1
2088	2022	2018	0	-1	-1	-1
1999	2063	2068	0	-1	-1	-1
2083	2014	2034	0	-1	-1	-1
2023	2024	2085	0	-1	-1	-1
2021	2022	2090	0	-1	-1	-1
1997	2070	2067	0	-1	-1	-1
2069	1997	2068	0	-1	-1	-1
2070	1997	2069	0	-1	-1	-1
2026	2021	2090	0	-1	-1	-1
2024	2025	2092	0	-1	-1	-1
2074	2003	2065	0	-1	-1	-1
2040	2017	2087	0	-1	-1	-1
2094	2025	2026	0	-1	-1	-1
2072	2002	2071	0	-1	-1	-1
2073	2003	2074	0	-1	-1	-1
2075	2071	2004	0	-1	-1	-1
2027	2028	2097	0	-1	-1	-1
2075	2004	2073	0	-1	-1	-1
2072	2076	2007	0	-1	-1	-1
2098	2030	2027	0	-1	-1	-1
2098	2031	2030	0	-1	-1	-1
2028	2032	2099	0	-1	-1	-1
2029	2031	2100	0	-1	-1	-1
2076	2078	2009	0	-1	-1	-1
2077	2009	2078	0	-1	-1	-1
2029	2101	2037	0	-1	-1	-1
2077	2079	2012	0	-1	-1	-1
2033	2104	2032	0	-1	-1	-1
2011	2079	2080	0	-1	-1	-1
2034	2035	2106	0	-1	-1	-1
2035	2036	2106	0	-1	-1	-1
2082	2081	2014	0	-1	-1	-1
2014	2083	2082	0	-1	-1	-1
2036	2037	2107	0	-1	-1	-1
2081	2084	2015	0	-1	-1	-1
2039	2040	2108	0	-1	-1	0
2017	2085	2086	0	-1	-1	-1
2087	2017	2086	0	-1	-1	-1
2089	2019	2084	0	-1	-1	-1
2110	2042	2041	0	-1	-1	-1
2042	2110	2043	0	-1	-1	-1
2088	2019	2089	0	-1	-1	-1
2112	2044	2043	0	-1	-1	-1
2024	2092	2085	0	-1	-1	-1
2088	2091	2022	0	-1	-1	-1
2044	2113	2045	0	-1	-1	-1
2091	2090	2022	0	-1	-1	-1
2115	2046	2045	0	-1	-1	-1
2025	2093	2092	0	-1	-1	-1
2046	2117	2047	0	-1	-1	-1
2093	2025	2094	0	-1	-1	-1
2026	2090	2096	0	-1	-1	-1
2117	2049	2047	0	-1	-1	-1
2094	2026	2095	0	-1	-1	-1
2118	2048	2049	0	-1	-1	-1
2104	2033	2080	0	-1	-1	-1
2026	2096	2095	0	-1	-1	-1
2027	2097	2098	0	-1	-1	-1
2083	2034	2105	0	-1	-1	-1
2050	2052	2121	0	-1	-1	-1
2051	2050	2122	0	-1	-1	-1
2118	2057	2048	0	-1	-1	-1
2099	2097	2028	0	-1	-1	-1
2052	2054	2121	0	-1	-1	-1
2051	2123	2053	0	-1	-1	-1
2029	2100	2101	0	-1	-1	-1
2102	2031	2098	0	-1	-1	-1
2058	2057	2118	0	-1	-1	-1
2031	2102	2100	0	-1	-1	-1
2103	2099	2032	0	-1	-1	-1
2054	2056	2125	0	-1	-1	-1
2108	2040	2087	0	-1	-1	-1
2126	2056	2055	0	-1	-1	-1
2053	2123	2062	0	-1	-1	-1
2103	2032	2104	0	-1	-1	-1
2127	2055	2058	0	-1	-1	-1
2034	2106	2105	0	-1	-1	-1
2101	2107	2037	0	-1	-1	-1
2060	2128	2059	0	-1	-1	-1
2106	2036	2107	0	-1	-1	-1
2061	2130	2060	0	-1	-1	-1
2063	2059	2129	0	-1	-1	-1
2061	2062	2132	0	-1	-1	-1
2041	2109	2110	0	0	-1	-1
2092	2086	2085	0	-1	-1	-1
2111	2043	2110	0	-1	-1	-1
2065	2064	2136	0	-1	-1	-1
2066	2136	2064	0	-1	-1	-1
2068	2063	2135	0	-1	-1	-1
2111	2112	2043	0	-1	-1	-1
2089	2091	2088	0	-1	-1	-1
2114	2044	2112	0	-1	-1	-1
2067	2137	2066	0	-1	-1	-1
2044	2114	2113	0	-1	-1	-1
2068	2135	2069	0	-1	-1	-1
2113	2115	2045	0	-1	-1	-1
2136	2074	2065	0	-1	-1	-1
2138	2067	2070	0	-1	-1	-1
2046	2115	2116	0	-1	-1	-1
2070	2069	2139	0	-1	-1	-1
2046	2116	2117	0	-1	-1	-1
2142	2072	2071	0	-1	-1	-1
2049	2117	2120	0	-1	-1	-1
2119	2118	2049	0	-1	-1	-1
2119	2049	2120	0	-1	-1	-1
2075	2142	2071	0	-1	-1	-1
2142	2076	2072	0	-1	-1	-1
2073	2074	2143	0	-1	-1	-1
2075	2073	2143	0	-1	-1	-1
2121	2122	2050	0	-1	-1	-1
2051	2122	2124	0	-1	-1	-1
2124	2123	2051	0	-1	-1	-1
2125	2121	2054	0	-1	-1	-1
2148	2078	2076	0	-1	-1	-1
2118	2127	2058	0	-1	-1	-1
2078	2150	2077	0	-1	-1	-1
2126	2125	2056	0	-1	-1	-1
2151	2079	2077	0	-1	-1	-1
2055	2127	2126	0	-1	-1	-1
2151	2080	2079	0	-1	-1	-1
2128	2129	2059	0	-1	-1	-1
2062	2123	2133	0	-1	-1	-1
2082	2155	2081	0	-1	-1	-1
2128	2060	2131	0	-1	-1	-1
2084	2081	2155	0	-1	-1	-1
2060	2130	2131	0	-1	-1	-1
2082	2083	2157	0	-1	-1	-1
2132	2130	2061	0	-1	-1	-1
2063	2129	2135	0	-1	-1	-1
2062	2134	2132	0	-1	-1	-1
2155	2089	2084	0	-1	-1	-1
2062	2133	2134	0	-1	-1	-1
2086	2159	2087	0	-1	-1	-1
2159	2086	2092	0	-1	-1	-1
2080	2153	2104	0	-1	-1	-1
2137	2136	2066	0	-1	-1	-1
2089	2162	2091	0	-1	-1	-1
2137	2067	2138	0	-1	-1	-1
2093	2159	2092	0	-1	-1	-1
2140	2069	2135	0	-1	-1	-1
2163	2090	2091	0	-1	-1	-1
2083	2105	2158	0	-1	-1	-1
2140	2139	2069	0	-1	-1	-1
2070	2141	2138	0	-1	-1	-1
2090	2163	2096	0	-1	-1	-1
2141	2070	2139	0	-1	-1	-1
2165	2093	2094	0	-1	-1	-1
2136	2144	2074	0	-1	-1	-1
2160	2108	2087	0	0	-1	-1
2095	2166	2094	0	-1	-1	-1
2167	2095	2096	0	-1	-1	-1
2144	2143	2074	0	-1	-1	-1
2146	2142	2075	0	-1	-1	-1
2145	2075	2143	0	-1	-1	-1
2127	2118	2119	0	-1	-1	-1
2076	2142	2147	0	-1	-1	-1
2145	2146	2075	0	-1	-1	-1
2099	2170	2097	0	-1	-1	-1
2098	2097	2171	0	-1	-1	-1
2147	2149	2076	0	-1	-1	-1
2098	2172	2102	0	-1	-1	-1
2076	2149	2148	0	-1	-1	-1
2099	2103	2173	0	-1	-1	-1
2101	2100	2174	0	-1	-1	-1
2100	2102	2174	0	-1	-1	-1
2077	2150	2151	0	-1	-1	-1
2152	2078	2148	0	-1	-1	-1
2150	2078	2152	0	-1	-1	-1
2175	2107	2101	0	-1	-1	-1
2080	2151	2154	0	-1	-1	-1
2178	2103	2104	0	-1	-1	-1
2153	2080	2154	0	-1	-1	-1
2105	2106	2180	0	-1	-1	-1
2082	2156	2155	0	-1	-1	-1
2106	2107	2181	0	-1	-1	-1
2082	2157	2156	0	-1	-1	-1
2083	2158	2157	0	-1	-1	-1
2183	2110	2109	0	-1	-1	-1
2161	2089	2155	0	-1	-1	-1
2111	2110	2184	0	-1	-1	-1
2159	2160	2087	0	-1	-1	-1
2111	2185	2112	0	-1	-1	-1
2161	2162	2089	0	-1	-1	-1
2112	2187	2114	0	-1	-1	-1
2188	2113	2114	0	-1	-1	-1
2162	2163	2091	0	-1	-1	-1
2113	2188	2115	0	-1	-1	-1
2093	2164	2159	0	-1	-1	-1
2137	2144	2136	0	-1	-1	-1
2190	2116	2115	0	-1	-1	-1
2164	2093	2165	0	-1	-1	-1
2190	2117	2116	0	-1	-1	-1
2165	2094	2166	0	-1	-1	-1
2120	2117	2190	0	-1	-1	-1
2169	2096	2163	0	-1	-1	-1
2167	2166	2095	0	-1	-1	-1
2120	2192	2119	0	-1	-1	-1
2096	2168	2167	0	-1	-1	-1
2168	2096	2169	0	-1	-1	-1
2142	2146	2147	0	-1	-1	-1
2153	2178	2104	0	-1	-1	-1
2121	2194	2122	0	-1	-1	-1
2119	2191	2127	0	-1	-1	-1
2170	2171	2097	0	-1	-1	-1
2194	2121	2125	0	-1	-1	-1
2195	2124	2122	0	-1	-1	-1
2098	2171	2172	0	-1	-1	-1
2158	2105	2179	0	-1	-1	-1
2170	2099	2173	0	-1	-1	-1
2146	2149	2147	0	-1	-1	-1
2123	2124	2196	0	-1	-1	-1
2199	2125	2126	0	-1	-1	-1
2174	2175	2101	0	-1	-1	-1
2102	2172	2177	0	-1	-1	-1
2102	2176	2174	0	-1	-1	-1
2133	2123	2196	0	-1	-1	-1
2126	2127	2200	0	-1	-1	-1
2103	2178	2173	0	-1	-1	-1
2176	2102	2177	0	-1	-1	-1
2201	2129	2128	0	-1	-1	-1
2201	2128	2131	0	-1	-1	-1
2202	2131	2130	0	-1	-1	-1
2107	2175	2181	0	-1	-1	-1
2132	2202	2130	0	-1	-1	-1
2180	2179	2105	0	-1	-1	-1
2201	2135	2129	0	-1	-1	-1
2180	2106	2181	0	-1	-1	-1
2202	2132	2134	0	-1	-1	-1
2161	2155	2156	0	-1	-1	-1
2134	2133	2205	0	-1	-1	-1
2183	2109	2182	0	-1	0	-1
2110	2183	2184	0	-1	-1	-1
2184	2186	2111	0	-1	-1	-1
2185	2111	2186	0	-1	-1	-1
2135	2208	2140	0	-1	-1	-1
2187	2112	2185	0	-1	-1	-1
2138	2210	2137	0	-1	-1	-1
2138	2141	2211	0	-1	-1	-1
2209	2144	2137	0	-1	-1	-1
2187	2189	2114	0	-1	-1	-1
2189	2188	2114	0	-1	-1	-1
2139	2140	2213	0	-1	-1	-1
2139	2212	2141	0	-1	-1	-1
2188	2190	2115	0	-1	-1	-1
2163	2162	2169	0	-1	-1	-1
2119	2192	2191	0	-1	-1	-1
2144	2215	2143	0	-1	-1	-1
2120	2190	2193	0	-1	-1	-1
2215	2145	2143	0	-1	-1	-1
2120	2193	2192	0	-1	-1	-1
2216	2146	2145	0	-1	-1	-1
2195	2122	2194	0	-1	-1	-1
2218	2149	2146	0	-1	-1	-1
2149	2219	2148	0	-1	-1	-1
2197	2196	2124	0	-1	-1	-1
2195	2198	2124	0	-1	-1	-1
2194	2125	2199	0	-1	-1	-1
2191	2200	2127	0	-1	-1	-1
2219	2152	2148	0	-1	-1	-1
2124	2198	2197	0	-1	-1	-1
2220	2151	2150	0	-1	-1	-1
2150	2152	2220	0	-1	-1	-1
2200	2199	2126	0	-1	-1	-1
2154	2151	2221	0	-1	-1	-1
2154	2224	2153	0	-1	-1	-1
2201	2131	2203	0	-1	-1	-1
2196	2206	2133	0	-1	-1	-1
2204	2131	2202	0	-1	-1	-1
2204	2203	2131	0	-1	-1	-1
2156	2157	2226	0	-1	-1	-1
2207	2202	2134	0	-1	-1	-1
2229	2157	2158	0	-1	-1	-1
2133	2206	2205	0	-1	-1	-1
2208	2135	2201	0	-1	-1	-1
2156	2227	2161	0	-1	-1	-1
2205	2207	2134	0	-1	-1	-1
2230	2160	2159	0	0	-1	-1
2161	2227	2162	0	-1	-1	-1
2230	2159	2164	0	-1	-1	-1
2178	2153	2224	0	-1	-1	-1
2137	2210	2209	0	-1	-1	-1
2138	2211	2210	0	-1	-1	-1
2232	2164	2165	0	-1	-1	-1
2231	2169	2162	0	-1	-1	-1
2214	2140	2208	0	-1	-1	-1
2165	2166	2232	0	-1	-1	-1
2141	2212	2211	0	-1	-1	-1
2212	2139	2213	0	-1	-1	-1
2158	2179	2229	0	-1	-1	-1
2213	2140	2214	0	-1	-1	-1
2235	2166	2167	0	-1	-1	-1
2215	2144	2209	0	-1	-1	-1
2167	2168	2235	0	-1	-1	-1
2236	2168	2169	0	-1	-1	-1
2216	2145	2215	0	-1	-1	-1
2238	2171	2170	0	-1	-1	-1
2217	2146	2216	0	-1	-1	-1
2218	2146	2217	0	-1	-1	-1
2238	2170	2173	0	-1	-1	-1
2239	2172	2171	0	-1	-1	-1
2219	2149	2218	0	-1	-1	-1
2177	2172	2240	0	-1	-1	-1
2175	2174	2242	0	-1	-1	-1
2173	2178	2241	0	-1	-1	-1
2221	2151	2220	0	-1	-1	-1
2222	2152	2219	0	-1	-1	-1
2174	2176	2243	0	-1	-1	-1
2152	2223	2220	0	-1	-1	-1
2223	2152	2222	0	-1	-1	-1
2244	2176	2177	0	-1	-1	-1
2181	2175	2242	0	-1	-1	-1
2206	2196	2197	0	-1	-1	-1
2221	2225	2154	0	-1	-1	-1
2224	2154	2225	0	-1	-1	-1
2226	2227	2156	0	-1	-1	-1
2180	2250	2179	0	-1	-1	-1
2228	2226	2157	0	-1	-1	-1
2208	2201	2203	0	-1	-1	-1
2180	2181	2251	0	-1	-1	-1
2202	2207	2204	0	-1	-1	-1
2229	2228	2157	0	-1	-1	-1
2183	2182	2253	0	-1	-1	-1
2184	2183	2253	0	-1	-1	-1
2227	2231	2162	0	-1	-1	-1
2186	2184	2254	0	-1	-1	-1
2164	2232	2230	0	-1	0	-1
2186	2255	2185	0	-1	-1	-1
2255	2187	2185	0	-1	-1	-1
2232	2166	2233	0	-1	-1	0
2234	2233	2166	0	-1	-1	-1
2258	2189	2187	0	-1	-1	-1
2166	2235	2234	0	-1	-1	-1
2189	2259	2188	0	-1	-1	-1
2169	2231	2237	0	-1	-1	-1
2190	2188	2259	0	-1	-1	-1
2168	2236	2235	0	-1	-1	-1
2237	2236	2169	0	-1	-1	-1
2190	2259	2193	0	-1	-1	-1
2192	2261	2191	0	-1	-1	-1
2262	2192	2193	0	-1	-1	-1
2239	2171	2238	0	-1	-1	-1
2247	2178	2224	0	-1	-1	-1
2172	2239	2240	0	-1	-1	-1
2241	2238	2173	0	-1	-1	-1
2261	2200	2191	0	-1	-1	-1
2194	2265	2195	0	-1	-1	-1
2249	2229	2179	0	-1	-1	-1
2265	2194	2199	0	-1	-1	-1
2174	2243	2242	0	-1	-1	-1
2266	2198	2195	0	-1	-1	-1
2197	2198	2267	0	-1	-1	-1
2245	2177	2240	0	-1	-1	-1
2176	2244	2243	0	-1	-1	-1
2199	2200	2265	0	-1	-1	-1
2220	2223	2221	0	-1	-1	-1
2246	2244	2177	0	-1	-1	-1
2241	2178	2248	0	-1	-1	-1
2177	2245	2246	0	-1	-1	-1
2206	2197	2267	0	-1	-1	-1
2178	2247	2248	0	-1	-1	-1
2251	2181	2242	0	-1	-1	-1
2204	2270	2203	0	-1	-1	-1
2179	2250	2249	0	-1	-1	-1
2250	2180	2251	0	-1	-1	-1
2208	2203	2271	0	-1	-1	-1
2272	2204	2207	0	-1	-1	-1
2205	2273	2207	0	-1	-1	-1
2206	2274	2205	0	-1	-1	-1
2182	2252	2253	0	0	-1	-1
2253	2254	2184	0	-1	-1	-1
2214	2208	2271	0	-1	-1	-1
2275	2209	2210	0	-1	-1	-1
2247	2224	2225	0	-1	-1	-1
2256	2186	2254	0	-1	-1	-1
2276	2210	2211	0	-1	-1	-1
2255	2186	2257	0	-1	-1	-1
2186	2256	2257	0	-1	-1	-1
2209	2275	2215	0	-1	-1	-1
2258	2187	2255	0	-1	-1	-1
2211	2212	2277	0	-1	-1	-1
2277	2212	2213	0	-1	-1	-1
2214	2278	2213	0	-1	-1	-1
2259	2189	2260	0	-1	-1	-1
2258	2260	2189	0	-1	-1	-1
2216	2215	2280	0	-1	-1	-1
2282	2217	2216	0	-1	-1	-1
2259	2264	2193	0	-1	-1	-1
2192	2263	2261	0	-1	-1	-1
2262	2263	2192	0	-1	-1	-1
2217	2283	2218	0	-1	-1	-1
2264	2262	2193	0	-1	-1	-1
2219	2218	2283	0	-1	-1	-1
2222	2219	2284	0	-1	-1	-1
2265	2266	2195	0	-1	-1	-1
2200	2261	2269	0	-1	-1	-1
2286	2221	2223	0	-1	-1	-1
2198	2266	2268	0	-1	-1	-1
2286	2225	2221	0	-1	-1	-1
2287	2223	2222	0	-1	-1	-1
2267	2198	2268	0	-1	-1	-1
2265	2200	2269	0	-1	-1	-1
2203	2270	2271	0	-1	-1	-1
2227	2226	2292	0	-1	-1	-1
2228	2292	2226	0	-1	-1	-1
2272	2270	2204	0	-1	-1	-1
2274	2206	2267	0	-1	-1	-1
2227	2293	2231	0	-1	-1	-1
2229	2294	2228	0	-1	-1	-1
2273	2205	2274	0	-1	-1	-1
2272	2207	2273	0	-1	-1	-1
2276	2275	2210	0	-1	-1	-1
2293	2237	2231	0	-1	-1	-1
2291	2247	2225	0	-1	-1	-1
2233	2234	2297	0	-1	-1	0
2271	2279	2214	0	-1	-1	-1
2211	2277	2276	0	-1	-1	-1
2234	2235	2298	0	-1	-1	-1
2278	2277	2213	0	-1	-1	-1
2280	2215	2275	0	-1	-1	-1
2235	2236	2299	0	-1	-1	-1
2278	2214	2279	0	-1	-1	-1
2236	2237	2299	0	-1	-1	-1
2249	2296	2229	0	-1	-1	-1
2216	2280	2281	0	-1	-1	-1
2239	2238	2302	0	-1	-1	-1
2281	2282	2216	0	-1	-1	-1
2241	2301	2238	0	-1	-1	-1
2303	2240	2239	0	-1	-1	-1
2217	2282	2283	0	-1	-1	-1
2264	2259	2260	0	-1	-1	-1
2248	2247	2291	0	-1	-1	-1
2285	2219	2283	0	-1	-1	-1
2303	2245	2240	0	-1	-1	-1
2284	2219	2285	0	-1	-1	-1
2243	2304	2242	0	-1	-1	-1
2301	2241	2248	0	-1	-1	-1
2244	2305	2243	0	-1	-1	-1
2284	2288	2222	0	-1	-1	-1
2246	2306	2244	0	-1	-1	-1
2251	2242	2304	0	-1	-1	-1
2287	2222	2288	0	-1	-1	-1
2246	2245	2307	0	-1	-1	-1
2289	2286	2223	0	-1	-1	-1
2289	2223	2287	0	-1	-1	-1
2225	2286	2290	0	-1	-1	-1
2291	2225	2290	0	-1	-1	-1
2249	2250	2310	0	-1	-1	-1
2293	2227	2292	0	-1	-1	-1
2312	2250	2251	0	-1	-1	-1
2228	2295	2292	0	-1	-1	-1
2228	2294	2295	0	-1	-1	-1
2229	2296	2294	0	-1	-1	-1
2253	2252	2315	0	-1	-1	-1
2253	2317	2254	0	-1	-1	-1
2318	2256	2254	0	-1	-1	-1
2234	2298	2297	0	-1	-1	-1
2293	2300	2237	0	-1	-1	-1
2257	2319	2255	0	-1	-1	-1
2299	2298	2235	0	-1	-1	-1
2258	2255	2319	0	-1	-1	-1
2256	2320	2257	0	-1	-1	-1
2237	2300	2299	0	-1	-1	-1
2301	2302	2238	0	-1	-1	-1
2258	2324	2260	0	-1	-1	-1
2302	2303	2239	0	-1	-1	-1
2309	2248	2291	0	-1	-1	-1
2260	2325	2264	0	-1	-1	-1
2326	2261	2263	0	-1	-1	-1
2243	2305	2304	0	-1	-1	-1
2263	2262	2327	0	-1	-1	-1
2264	2327	2262	0	-1	-1	-1
2244	2306	2305	0	-1	-1	-1
2245	2303	2307	0	-1	-1	-1
2296	2249	2311	0	-1	-1	-1
2269	2261	2326	0	-1	-1	-1
2248	2309	2301	0	-1	-1	-1
2308	2306	2246	0	-1	-1	-1
2246	2307	2308	0	-1	-1	-1
2265	2330	2266	0	-1	-1	-1
2265	2269	2331	0	-1	-1	-1
2332	2268	2266	0	-1	-1	-1
2313	2251	2304	0	-1	-1	-1
2334	2267	2268	0	-1	-1	-1
2249	2310	2311	0	-1	-1	-1
2312	2310	2250	0	-1	-1	-1
2267	2333	2274	0	-1	-1	-1
2335	2271	2270	0	-1	-1	-1
2313	2312	2251	0	-1	-1	-1
2336	2270	2272	0	-1	-1	-1
2292	2295	2293	0	-1	-1	-1
2252	2314	2316	0	0	-1	-1
2273	2338	2272	0	-1	-1	-1
2316	2315	2252	0	-1	-1	-1
2253	2315	2317	0	-1	-1	-1
2339	2273	2274	0	-1	-1	-1
2271	2337	2279	0	-1	-1	-1
2318	2254	2317	0	-1	-1	-1
2276	2341	2275	0	-1	-1	-1
2321	2256	2318	0	-1	-1	-1
2276	2277	2343	0	-1	-1	-1
2320	2256	2321	0	-1	-1	-1
2342	2280	2275	0	-1	-1	-1
2322	2319	2257	0	-1	-1	-1
2322	2257	2320	0	-1	-1	-1
2258	2319	2323	0	-1	-1	-1
2277	2278	2346	0	-1	-1	-1
2347	2278	2279	0	-1	-1	-1
2324	2258	2323	0	-1	-1	-1
2325	2260	2324	0	-1	-1	-1
2281	2280	2349	0	-1	-1	-1
2282	2281	2350	0	-1	-1	-1
2325	2327	2264	0	-1	-1	-1
2352	2283	2282	0	-1	-1	-1
2327	2328	2263	0	-1	-1	-1
2329	2326	2263	0	-1	-1	-1
2329	2263	2328	0	-1	-1	-1
2285	2283	2352	0	-1	-1	-1
2353	2284	2285	0	-1	-1	-1
2313	2304	2305	0	-1	-1	-1
2353	2288	2284	0	-1	-1	-1
2265	2331	2330	0	-1	-1	-1
2331	2269	2326	0	-1	-1	-1
2266	2330	2332	0	-1	-1	-1
2289	2355	2286	0	-1	-1	-1
2286	2355	2290	0	-1	-1	-1
2356	2287	2288	0	-1	-1	-1
2356	2289	2287	0	-1	-1	-1
2332	2334	2268	0	-1	-1	-1
2267	2334	2333	0	-1	-1	-1
2290	2360	2291	0	-1	-1	-1
2335	2270	2336	0	-1	-1	-1
2337	2271	2335	0	-1	-1	-1
2272	2338	2336	0	-1	-1	-1
2333	2340	2274	0	-1	-1	-1
2338	2273	2339	0	-1	-1	-1
2293	2295	2364	0	-1	-1	-1
2274	2340	2339	0	-1	-1	-1
2365	2295	2294	0	-1	-1	-1
2296	2365	2294	0	-1	-1	-1
2293	2363	2300	0	-1	-1	-1
2342	2275	2341	0	-1	-1	-1
2341	2276	2344	0	-1	-1	-1
2361	2309	2291	0	-1	-1	-1
2298	2367	2297	0	-1	0	-1
2344	2276	2343	0	-1	-1	-1
2337	2348	2279	0	-1	-1	-1
2299	2368	2298	0	-1	-1	-1
2345	2343	2277	0	-1	-1	-1
2300	2369	2299	0	-1	-1	-1
2345	2277	2346	0	-1	-1	-1
2347	2346	2278	0	-1	-1	-1
2342	2349	2280	0	-1	-1	-1
2311	2366	2296	0	-1	-1	-1
2301	2371	2302	0	-1	-1	-1
2347	2279	2348	0	-1	-1	-1
2373	2303	2302	0	-1	-1	-1
2349	2350	2281	0	-1	-1	-1
2371	2301	2309	0	-1	-1	-1
2307	2303	2373	0	-1	-1	-1
2350	2351	2282	0	-1	-1	-1
2352	2282	2351	0	-1	-1	-1
2305	2306	2374	0	-1	-1	-1
2375	2306	2308	0	-1	-1	-1
2308	2307	2376	0	-1	-1	-1
2352	2354	2285	0	-1	-1	-1
2313	2305	2374	0	-1	-1	-1
2353	2285	2354	0	-1	-1	-1
2332	2330	2331	0	-1	-1	-1
2353	2357	2288	0	-1	-1	-1
2356	2288	2357	0	-1	-1	-1
2310	2380	2311	0	-1	-1	-1
2355	2289	2358	0	-1	-1	-1
2312	2381	2310	0	-1	-1	-1
2356	2359	2289	0	-1	-1	-1
2360	2290	2355	0	-1	-1	-1
2289	2359	2358	0	-1	-1	-1
2312	2313	2384	0	-1	-1	-1
2291	2360	2362	0	-1	-1	-1
2291	2362	2361	0	-1	-1	-1
2314	2387	2316	0	-1	-1	-1
2316	2388	2315	0	-1	-1	-1
2388	2317	2315	0	-1	-1	-1
2293	2364	2363	0	-1	-1	-1
2388	2318	2317	0	-1	-1	-1
2295	2365	2364	0	-1	-1	-1
2366	2365	2296	0	-1	-1	-1
2321	2318	2390	0	-1	-1	-1
2319	2322	2391	0	-1	-1	-1
2368	2367	2298	0	-1	-1	-1
2300	2363	2370	0	-1	-1	-1
2392	2320	2321	0	-1	-1	-1
2391	2323	2319	0	-1	-1	-1
2322	2320	2392	0	-1	-1	-1
2369	2368	2299	0	-1	-1	-1
2369	2300	2370	0	-1	-1	-1
2397	2324	2323	0	-1	-1	-1
2372	2302	2371	0	-1	-1	-1
2325	2324	2398	0	-1	-1	-1
2373	2302	2372	0	-1	-1	-1
2309	2361	2378	0	-1	-1	-1
2325	2399	2327	0	-1	-1	-1
2327	2399	2328	0	-1	-1	-1
2374	2306	2375	0	-1	-1	-1
2329	2401	2326	0	-1	-1	-1
2376	2307	2373	0	-1	-1	-1
2326	2400	2331	0	-1	-1	-1
2382	2366	2311	0	-1	-1	-1
2329	2328	2402	0	-1	-1	-1
2371	2309	2379	0	-1	-1	-1
2377	2375	2308	0	-1	-1	-1
2376	2377	2308	0	-1	-1	-1
2332	2331	2400	0	-1	-1	-1
2379	2309	2378	0	-1	-1	-1
2310	2381	2380	0	-1	-1	-1
2405	2334	2332	0	-1	-1	-1
2357	2359	2356	0	-1	-1	-1
2374	2385	2313	0	-1	-1	-1
2311	2380	2383	0	-1	-1	-1
2408	2333	2334	0	-1	-1	-1
2311	2383	2382	0	-1	-1	-1
2384	2381	2312	0	-1	-1	-1
2409	2335	2336	0	-1	-1	-1
2333	2408	2340	0	-1	-1	-1
2335	2409	2337	0	-1	-1	-1
2385	2384	2313	0	-1	-1	-1
2410	2336	2338	0	-1	-1	-1
2314	2386	2387	0	0	-1	-1
2339	2412	2338	0	-1	-1	-1
2389	2316	2387	0	-1	-1	-1
2413	2339	2340	0	-1	-1	-1
2388	2316	2389	0	-1	-1	-1
2337	2411	2348	0	-1	-1	-1
2388	2390	2318	0	-1	-1	-1
2415	2342	2341	0	-1	-1	-1
2415	2341	2344	0	-1	-1	-1
2362	2378	2361	0	-1	-1	-1
2390	2393	2321	0	-1	-1	-1
2343	2417	2344	0	-1	-1	-1
2417	2343	2345	0	-1	-1	-1
2393	2392	2321	0	-1	-1	-1
2349	2342	2416	0	-1	-1	-1
2322	2395	2391	0	-1	-1	-1
2394	2322	2392	0	-1	-1	-1
2346	2419	2345	0	-1	-1	-1
2323	2391	2396	0	-1	-1	-1
2322	2394	2395	0	-1	-1	-1
2421	2346	2347	0	-1	-1	-1
2323	2396	2397	0	-1	-1	-1
2347	2348	2422	0	-1	-1	-1
2324	2397	2398	0	-1	-1	-1
2371	2379	2372	0	-1	-1	-1
2325	2398	2399	0	-1	-1	-1
2350	2349	2423	0	-1	-1	-1
2350	2424	2351	0	-1	-1	-1
2326	2401	2400	0	-1	-1	-1
2351	2425	2352	0	-1	-1	-1
2328	2399	2402	0	-1	-1	-1
2425	2354	2352	0	-1	-1	-1
2329	2403	2401	0	-1	-1	-1
2385	2374	2375	0	-1	-1	-1
2354	2428	2353	0	-1	-1	-1
2329	2402	2404	0	-1	-1	-1
2403	2329	2404	0	-1	-1	-1
2427	2357	2353	0	-1	-1	-1
2400	2407	2332	0	-1	-1	-1
2430	2355	2358	0	-1	-1	-1
2406	2405	2332	0	-1	-1	-1
2332	2407	2406	0	-1	-1	-1
2360	2355	2430	0	-1	-1	-1
2357	2431	2359	0	-1	-1	-1
2408	2334	2405	0	-1	-1	-1
2432	2358	2359	0	-1	-1	-1
2410	2409	2336	0	-1	-1	-1
2360	2434	2362	0	-1	-1	-1
2411	2337	2409	0	-1	-1	-1
2410	2338	2412	0	-1	-1	-1
2408	2413	2340	0	-1	-1	-1
2364	2437	2363	0	-1	-1	-1
2339	2414	2412	0	-1	-1	-1
2414	2339	2413	0	-1	-1	-1
2390	2388	2389	0	-1	-1	-1
2364	2365	2438	0	-1	-1	-1
2438	2365	2366	0	-1	-1	-1
2370	2363	2437	0	-1	-1	-1
2342	2415	2416	0	-1	-1	-1
2378	2362	2435	0	-1	-1	-1
2441	2367	2368	0	0	-1	-1
2415	2344	2418	0	-1	-1	-1
2368	2369	2441	0	-1	-1	-1
2344	2417	2418	0	-1	-1	-1
2370	2442	2369	0	-1	-1	-1
2422	2348	2411	0	-1	-1	-1
2417	2345	2420	0	-1	-1	-1
2396	2391	2395	0	-1	-1	-1
2345	2419	2420	0	-1	-1	-1
2346	2421	2419	0	-1	-1	-1
2349	2416	2423	0	-1	-1	-1
2440	2366	2382	0	-1	-1	-1
2373	2372	2444	0	-1	-1	-1
2422	2421	2347	0	-1	-1	-1
2435	2379	2378	0	-1	-1	-1
2373	2444	2376	0	-1	-1	-1
2372	2379	2445	0	-1	-1	-1
2350	2423	2424	0	-1	-1	-1
2375	2377	2446	0	-1	-1	-1
2377	2376	2448	0	-1	-1	-1
2426	2351	2424	0	-1	-1	-1
2425	2351	2426	0	-1	-1	-1
2383	2440	2382	0	-1	-1	-1
2375	2446	2385	0	-1	-1	-1
2401	2407	2400	0	-1	-1	-1
2429	2354	2425	0	-1	-1	-1
2427	2353	2428	0	-1	-1	-1
2428	2354	2429	0	-1	-1	-1
2381	2450	2380	0	-1	-1	-1
2450	2383	2380	0	-1	-1	-1
2427	2431	2357	0	-1	-1	-1
2381	2384	2451	0	-1	-1	-1
2432	2430	2358	0	-1	-1	-1
2431	2433	2359	0	-1	-1	-1
2455	2384	2385	0	-1	-1	-1
2360	2430	2434	0	-1	-1	-1
2432	2359	2433	0	-1	-1	-1
2386	2459	2387	0	-1	-1	-1
2434	2436	2362	0	-1	-1	-1
2436	2435	2362	0	-1	-1	-1
2389	2387	2459	0	-1	-1	-1
2364	2438	2437	0	-1	-1	-1
2390	2389	2461	0	-1	-1	-1
2366	2439	2438	0	-1	-1	-1
2390	2461	2393	0	-1	-1	-1
2440	2439	2366	0	-1	-1	-1
2393	2462	2392	0	-1	-1	-1
2443	2370	2437	0	-1	-1	-1
2392	2465	2394	0	-1	-1	-1
2442	2441	2369	0	-1	-1	-1
2465	2395	2394	0	-1	-1	-1
2442	2370	2443	0	-1	-1	-1
2420	2418	2417	0	-1	-1	-1
2467	2396	2395	0	-1	-1	-1
2445	2379	2435	0	-1	-1	-1
2445	2444	2372	0	-1	-1	-1
2397	2396	2468	0	-1	-1	-1
2470	2398	2397	0	-1	-1	-1
2398	2470	2399	0	-1	-1	-1
2447	2376	2444	0	-1	-1	-1
2448	2376	2447	0	-1	-1	-1
2470	2402	2399	0	-1	-1	-1
2446	2377	2449	0	-1	-1	-1
2448	2449	2377	0	-1	-1	-1
2471	2401	2403	0	-1	-1	-1
2383	2454	2440	0	-1	-1	-1
2472	2404	2402	0	-1	-1	-1
2471	2407	2401	0	-1	-1	-1
2403	2404	2473	0	-1	-1	-1
2425	2426	2429	0	-1	-1	-1
2450	2381	2452	0	-1	-1	-1
2381	2451	2452	0	-1	-1	-1
2383	2450	2453	0	-1	-1	-1
2406	2476	2405	0	-1	-1	-1
2446	2457	2385	0	-1	-1	-1
2405	2476	2408	0	-1	-1	-1
2455	2451	2384	0	-1	-1	-1
2407	2477	2406	0	-1	-1	-1
2453	2454	2383	0	-1	-1	-1
2385	2456	2455	0	-1	-1	-1
2456	2385	2457	0	-1	-1	-1
2410	2480	2409	0	-1	-1	-1
2413	2408	2479	0	-1	-1	-1
2480	2411	2409	0	-1	-1	-1
2459	2386	2458	0	-1	0	-1
2410	2412	2481	0	-1	-1	-1
2479	2414	2413	0	-1	-1	-1
2389	2459	2460	0	-1	-1	-1
2412	2414	2483	0	-1	-1	-1
2461	2389	2460	0	-1	-1	-1
2411	2482	2422	0	-1	-1	-1
2416	2415	2485	0	-1	-1	-1
2462	2463	2392	0	-1	-1	-1
2485	2415	2418	0	-1	-1	-1
2464	2392	2463	0	-1	-1	-1
2466	2393	2461	0	-1	-1	-1
2466	2462	2393	0	-1	-1	-1
2464	2465	2392	0	-1	-1	-1
2485	2423	2416	0	-1	-1	-1
2420	2486	2418	0	-1	-1	-1
2419	2488	2420	0	-1	-1	-1
2395	2465	2467	0	-1	-1	-1
2421	2489	2419	0	-1	-1	-1
2467	2468	2396	0	-1	-1	-1
2397	2468	2469	0	-1	-1	-1
2421	2422	2492	0	-1	-1	-1
2444	2445	2447	0	-1	-1	-1
2470	2397	2469	0	-1	-1	-1
2495	2424	2423	0	-1	-1	-1
2402	2470	2472	0	-1	-1	-1
2426	2424	2495	0	-1	-1	-1
2473	2471	2403	0	-1	-1	-1
2404	2472	2475	0	-1	-1	-1
2474	2473	2404	0	-1	-1	-1
2426	2498	2429	0	-1	-1	-1
2404	2475	2474	0	-1	-1	-1
2428	2500	2427	0	-1	-1	-1
2477	2407	2471	0	-1	-1	-1
2431	2427	2499	0	-1	-1	-1
2429	2501	2428	0	-1	-1	-1
2476	2406	2477	0	-1	-1	-1
2408	2476	2478	0	-1	-1	-1
2502	2430	2432	0	-1	-1	-1
2408	2478	2479	0	-1	-1	-1
2433	2502	2432	0	-1	-1	-1
2503	2434	2430	0	-1	-1	-1
2431	2504	2433	0	-1	-1	-1
2410	2481	2480	0	-1	-1	-1
2436	2434	2503	0	-1	-1	-1
2480	2482	2411	0	-1	-1	-1
2481	2412	2483	0	-1	-1	-1
2479	2484	2414	0	-1	-1	-1
2506	2435	2436	0	-1	-1	-1
2483	2414	2484	0	-1	-1	-1
2510	2437	2438	0	-1	-1	-1
2438	2439	2510	0	-1	-1	-1
2507	2445	2435	0	-1	-1	-1
2437	2510	2443	0	-1	-1	-1
2485	2418	2487	0	-1	-1	-1
2466	2463	2462	0	-1	-1	-1
2418	2486	2487	0	-1	-1	-1
2512	2439	2440	0	-1	-1	-1
2441	2442	2514	0	-1	-1	0
2490	2488	2419	0	-1	-1	-1
2486	2420	2491	0	-1	-1	-1
2422	2482	2493	0	-1	-1	-1
2419	2489	2490	0	-1	-1	-1
2420	2488	2491	0	-1	-1	-1
2443	2514	2442	0	-1	-1	-1
2485	2494	2423	0	-1	-1	-1
2421	2492	2489	0	-1	-1	-1
2493	2492	2422	0	-1	-1	-1
2454	2513	2440	0	-1	-1	-1
2445	2516	2447	0	-1	-1	-1
2469	2472	2470	0	-1	-1	-1
2494	2495	2423	0	-1	-1	-1
2517	2446	2449	0	-1	-1	-1
2518	2448	2447	0	-1	-1	-1
2496	2426	2495	0	-1	-1	-1
2449	2448	2520	0	-1	-1	-1
2496	2497	2426	0	-1	-1	-1
2457	2446	2517	0	-1	-1	-1
2498	2426	2497	0	-1	-1	-1
2452	2522	2450	0	-1	-1	-1
2450	2522	2453	0	-1	-1	-1
2451	2523	2452	0	-1	-1	-1
2500	2499	2427	0	-1	-1	-1
2501	2429	2498	0	-1	-1	-1
2523	2451	2455	0	-1	-1	-1
2428	2501	2500	0	-1	-1	-1
2478	2476	2477	0	-1	-1	-1
2454	2453	2525	0	-1	-1	-1
2431	2499	2504	0	-1	-1	-1
2523	2455	2456	0	-1	-1	-1
2430	2502	2503	0	-1	-1	-1
2505	2502	2433	0	-1	-1	-1
2433	2504	2505	0	-1	-1	-1
2529	2456	2457	0	-1	-1	-1
2436	2503	2508	0	-1	-1	-1
2506	2507	2435	0	-1	-1	-1
2459	2458	2533	0	-1	-1	-1
2506	2436	2509	0	-1	-1	-1
2533	2460	2459	0	-1	-1	-1
2508	2509	2436	0	-1	-1	-1
2460	2534	2461	0	-1	-1	-1
2439	2511	2510	0	-1	-1	-1
2512	2511	2439	0	-1	-1	-1
2461	2535	2466	0	-1	-1	-1
2536	2464	2463	0	-1	-1	-1
2510	2511	2443	0	-1	-1	-1
2466	2536	2463	0	-1	-1	-1
2513	2512	2440	0	-1	-1	-1
2494	2485	2487	0	-1	-1	-1
2465	2464	2537	0	-1	-1	-1
2507	2516	2445	0	-1	-1	-1
2511	2515	2443	0	-1	-1	-1
2465	2539	2467	0	-1	-1	-1
2443	2515	2514	0	-1	0	-1
2542	2468	2467	0	-1	-1	-1
2468	2543	2469	0	-1	-1	-1
2519	2447	2516	0	-1	-1	-1
2543	2472	2469	0	-1	-1	-1
2447	2519	2518	0	-1	-1	-1
2449	2520	2517	0	-1	-1	-1
2518	2521	2448	0	-1	-1	-1
2448	2521	2520	0	-1	-1	-1
2471	2473	2545	0	-1	-1	-1
2472	2543	2475	0	-1	-1	-1
2471	2544	2477	0	-1	-1	-1
2473	2474	2546	0	-1	-1	-1
2454	2527	2513	0	-1	-1	-1
2546	2474	2475	0	-1	-1	-1
2452	2524	2522	0	-1	-1	-1
2452	2523	2524	0	-1	-1	-1
2522	2526	2453	0	-1	-1	-1
2526	2525	2453	0	-1	-1	-1
2477	2549	2478	0	-1	-1	-1
2517	2530	2457	0	-1	-1	-1
2525	2527	2454	0	-1	-1	-1
2456	2528	2523	0	-1	-1	-1
2479	2478	2550	0	-1	-1	-1
2480	2481	2552	0	-1	-1	-1
2529	2528	2456	0	-1	-1	-1
2550	2484	2479	0	-1	-1	-1
2480	2551	2482	0	-1	-1	-1
2457	2530	2529	0	-1	-1	-1
2483	2553	2481	0	-1	-1	-1
2483	2484	2554	0	-1	-1	-1
2531	2532	2458	0	-1	-1	0
2458	2532	2533	0	-1	-1	-1
2482	2551	2493	0	-1	-1	-1
2533	2534	2460	0	-1	-1	-1
2486	2556	2487	0	-1	-1	-1
2535	2461	2534	0	-1	-1	-1
2556	2486	2491	0	-1	-1	-1
2558	2488	2490	0	-1	-1	-1
2494	2487	2557	0	-1	-1	-1
2491	2488	2558	0	-1	-1	-1
2538	2464	2536	0	-1	-1	-1
2490	2489	2559	0	-1	-1	-1
2537	2464	2538	0	-1	-1	-1
2535	2540	2466	0	-1	-1	-1
2539	2465	2537	0	-1	-1	-1
2489	2492	2560	0	-1	-1	-1
2536	2466	2540	0	-1	-1	-1
2560	2492	2493	0	-1	-1	-1
2467	2539	2541	0	-1	-1	-1
2467	2541	2542	0	-1	-1	-1
2543	2468	2542	0	-1	-1	-1
2495	2494	2565	0	-1	-1	-1
2565	2496	2495	0	-1	-1	-1
2496	2566	2497	0	-1	-1	-1
2545	2544	2471	0	-1	-1	-1
2567	2498	2497	0	-1	-1	-1
2546	2545	2473	0	-1	-1	-1
2543	2547	2475	0	-1	-1	-1
2498	2569	2501	0	-1	-1	-1
2500	2570	2499	0	-1	-1	-1
2475	2548	2546	0	-1	-1	-1
2477	2544	2549	0	-1	-1	-1
2548	2475	2547	0	-1	-1	-1
2501	2569	2500	0	-1	-1	-1
2504	2499	2572	0	-1	-1	-1
2524	2523	2528	0	-1	-1	-1
2549	2550	2478	0	-1	-1	-1
2502	2574	2503	0	-1	-1	-1
2574	2502	2505	0	-1	-1	-1
2552	2551	2480	0	-1	-1	-1
2575	2505	2504	0	-1	-1	-1
2574	2508	2503	0	-1	-1	-1
2553	2552	2481	0	-1	-1	-1
2484	2550	2555	0	-1	-1	-1
2554	2553	2483	0	-1	-1	-1
2577	2507	2506	0	-1	-1	-1
2506	2509	2577	0	-1	-1	-1
2554	2484	2555	0	-1	-1	-1
2579	2509	2508	0	-1	-1	-1
2557	2487	2556	0	-1	-1	-1
2578	2516	2507	0	-1	-1	-1
2512	2581	2511	0	-1	-1	-1
2581	2515	2511	0	0	-1	-1
2563	2493	2551	0	-1	-1	-1
2512	2513	2582	0	-1	-1	-1
2489	2560	2559	0	-1	-1	-1
2561	2558	2490	0	-1	-1	-1
2562	2556	2491	0	-1	-1	-1
2490	2559	2561	0	-1	-1	-1
2562	2491	2558	0	-1	-1	-1
2516	2578	2519	0	-1	-1	-1
2557	2565	2494	0	-1	-1	-1
2493	2564	2560	0	-1	-1	-1
2517	2520	2583	0	-1	-1	-1
2564	2493	2563	0	-1	-1	-1
2527	2582	2513	0	-1	-1	-1
2519	2585	2518	0	-1	-1	-1
2521	2518	2585	0	-1	-1	-1
2521	2583	2520	0	-1	-1	-1
2566	2496	2565	0	-1	-1	-1
2568	2497	2566	0	-1	-1	-1
2584	2530	2517	0	-1	-1	-1
2497	2568	2567	0	-1	-1	-1
2547	2543	2542	0	-1	-1	-1
2567	2569	2498	0	-1	-1	-1
2588	2522	2524	0	-1	-1	-1
2588	2526	2522	0	-1	-1	-1
2499	2570	2571	0	-1	-1	-1
2525	2526	2590	0	-1	-1	-1
2528	2589	2524	0	-1	-1	-1
2573	2500	2569	0	-1	-1	-1
2499	2571	2572	0	-1	-1	-1
2527	2525	2591	0	-1	-1	-1
2573	2570	2500	0	-1	-1	-1
2528	2529	2589	0	-1	-1	-1
2504	2572	2575	0	-1	-1	-1
2529	2530	2594	0	-1	-1	-1
2576	2574	2505	0	-1	-1	-1
2505	2575	2576	0	-1	-1	-1
2597	2532	2531	0	-1	-1	-1
2508	2574	2579	0	-1	-1	-1
2507	2577	2578	0	-1	-1	-1
2598	2533	2532	0	-1	-1	-1
2534	2533	2598	0	-1	-1	-1
2577	2509	2580	0	-1	-1	-1
2579	2580	2509	0	-1	-1	-1
2534	2600	2535	0	-1	-1	-1
2581	2512	2582	0	-1	-1	-1
2536	2602	2538	0	-1	-1	-1
2601	2540	2535	0	-1	-1	-1
2540	2602	2536	0	-1	-1	-1
2537	2538	2603	0	-1	-1	-1
2604	2539	2537	0	-1	-1	-1
2586	2519	2578	0	-1	-1	-1
2539	2604	2541	0	-1	-1	-1
2583	2584	2517	0	-1	-1	-1
2519	2586	2585	0	-1	-1	-1
2587	2583	2521	0	-1	-1	-1
2609	2542	2541	0	-1	-1	-1
2585	2587	2521	0	-1	-1	-1
2547	2542	2609	0	-1	-1	-1
2545	2610	2544	0	-1	-1	-1
2588	2524	2589	0	-1	-1	-1
2582	2527	2593	0	-1	-1	-1
2611	2545	2546	0	-1	-1	-1
2549	2544	2610	0	-1	-1	-1
2548	2547	2609	0	-1	-1	-1
2548	2611	2546	0	-1	-1	-1
2588	2592	2526	0	-1	-1	-1
2591	2525	2590	0	-1	-1	-1
2590	2526	2592	0	-1	-1	-1
2530	2584	2595	0	-1	-1	-1
2527	2591	2593	0	-1	-1	-1
2589	2529	2594	0	-1	-1	-1
2550	2549	2616	0	-1	-1	-1
2595	2594	2530	0	-1	-1	-1
2552	2618	2551	0	-1	-1	-1
2550	2617	2555	0	-1	-1	-1
2596	2597	2531	0	-1	-1	0
2619	2552	2553	0	-1	-1	-1
2554	2619	2553	0	-1	-1	-1
2599	2532	2597	0	-1	-1	-1
2598	2532	2599	0	-1	-1	-1
2579	2574	2576	0	-1	-1	-1
2555	2621	2554	0	-1	-1	-1
2598	2600	2534	0	-1	-1	-1
2618	2563	2551	0	-1	-1	-1
2556	2622	2557	0	-1	-1	-1
2535	2600	2601	0	-1	-1	-1
2562	2623	2556	0	-1	-1	-1
2601	2602	2540	0	-1	-1	-1
2604	2537	2603	0	-1	-1	-1
2625	2558	2561	0	-1	-1	-1
2605	2538	2602	0	-1	-1	-1
2625	2562	2558	0	-1	-1	-1
2626	2559	2560	0	-1	-1	-1
2626	2561	2559	0	-1	-1	-1
2557	2624	2565	0	-1	-1	-1
2607	2603	2538	0	-1	-1	-1
2538	2605	2606	0	-1	-1	-1
2564	2626	2560	0	-1	-1	-1
2607	2538	2606	0	-1	-1	-1
2541	2604	2608	0	-1	-1	-1
2624	2566	2565	0	-1	-1	-1
2609	2541	2608	0	-1	-1	-1
2564	2563	2632	0	-1	-1	-1
2545	2612	2610	0	-1	-1	-1
2634	2568	2566	0	-1	-1	-1
2545	2611	2612	0	-1	-1	-1
2567	2568	2635	0	-1	-1	-1
2635	2569	2567	0	-1	-1	-1
2609	2614	2548	0	-1	-1	-1
2613	2611	2548	0	-1	-1	-1
2549	2610	2615	0	-1	-1	-1
2613	2548	2614	0	-1	-1	-1
2573	2569	2637	0	-1	-1	-1
2571	2570	2638	0	-1	-1	-1
2616	2549	2615	0	-1	-1	-1
2638	2570	2573	0	-1	-1	-1
2571	2640	2572	0	-1	-1	-1
2550	2616	2617	0	-1	-1	-1
2575	2572	2641	0	-1	-1	-1
2552	2619	2618	0	-1	-1	-1
2620	2619	2554	0	-1	-1	-1
2617	2621	2555	0	-1	-1	-1
2642	2576	2575	0	-1	-1	-1
2620	2554	2621	0	-1	-1	-1
2599	2600	2598	0	-1	-1	-1
2579	2576	2643	0	-1	-1	-1
2577	2644	2578	0	-1	-1	-1
2622	2556	2623	0	-1	-1	-1
2644	2577	2580	0	-1	-1	-1
2557	2622	2624	0	-1	-1	-1
2579	2645	2580	0	-1	-1	-1
2644	2586	2578	0	-1	-1	-1
2581	2582	2648	0	-1	-1	0
2631	2563	2618	0	-1	-1	-1
2628	2625	2561	0	-1	-1	-1
2626	2627	2561	0	-1	-1	-1
2630	2623	2562	0	-1	-1	-1
2649	2584	2583	0	-1	-1	-1
2562	2625	2629	0	-1	-1	-1
2627	2628	2561	0	-1	-1	-1
2583	2587	2649	0	-1	-1	-1
2630	2562	2629	0	-1	-1	-1
2651	2585	2586	0	-1	-1	-1
2564	2633	2626	0	-1	-1	-1
2648	2582	2593	0	-1	-1	-1
2587	2585	2651	0	-1	-1	-1
2566	2624	2634	0	-1	-1	-1
2632	2563	2631	0	-1	-1	-1
2564	2632	2633	0	-1	-1	-1
2650	2595	2584	0	-1	-1	-1
2655	2588	2589	0	-1	-1	-1
2588	2655	2592	0	-1	-1	-1
2634	2636	2568	0	-1	-1	-1
2591	2590	2658	0	-1	-1	-1
2594	2656	2589	0	-1	-1	-1
2635	2568	2636	0	-1	-1	-1
2637	2569	2635	0	-1	-1	-1
2590	2592	2659	0	-1	-1	-1
2660	2593	2591	0	-1	-1	-1
2638	2639	2571	0	-1	-1	-1
2637	2638	2573	0	-1	-1	-1
2595	2661	2594	0	-1	-1	-1
2571	2639	2640	0	-1	-1	-1
2572	2640	2641	0	-1	-1	-1
2664	2597	2596	0	-1	-1	-1
2642	2575	2641	0	-1	-1	-1
2599	2597	2664	0	-1	-1	-1
2642	2643	2576	0	-1	-1	-1
2599	2666	2600	0	-1	-1	-1
2643	2645	2579	0	-1	-1	-1
2667	2601	2600	0	-1	-1	-1
2602	2601	2668	0	-1	-1	-1
2580	2645	2646	0	-1	-1	-1
2580	2647	2644	0	-1	-1	-1
2646	2647	2580	0	-1	-1	-1
2602	2669	2605	0	-1	-1	-1
2603	2670	2604	0	-1	-1	-1
2607	2670	2603	0	-1	-1	-1
2605	2671	2606	0	-1	-1	-1
2644	2652	2586	0	-1	-1	-1
2604	2670	2608	0	-1	-1	-1
2649	2650	2584	0	-1	-1	-1
2606	2672	2607	0	-1	-1	-1
2652	2651	2586	0	-1	-1	-1
2587	2653	2649	0	-1	-1	-1
2651	2654	2587	0	-1	-1	-1
2609	2608	2677	0	-1	-1	-1
2654	2653	2587	0	-1	-1	-1
2677	2614	2609	0	-1	-1	-1
2648	2593	2660	0	-1	-1	0
2610	2612	2679	0	-1	-1	-1
2655	2589	2657	0	-1	-1	-1
2657	2589	2656	0	-1	-1	-1
2680	2612	2611	0	-1	-1	-1
2613	2680	2611	0	-1	-1	-1
2615	2610	2679	0	-1	-1	-1
2655	2659	2592	0	-1	-1	-1
2662	2595	2650	0	-1	-1	-1
2659	2658	2590	0	-1	-1	-1
2682	2613	2614	0	-1	-1	-1
2591	2658	2660	0	-1	0	-1
2656	2594	2661	0	-1	-1	-1
2616	2615	2685	0	-1	-1	-1
2661	2595	2662	0	-1	-1	-1
2617	2616	2686	0	-1	-1	-1
2663	2664	2596	0	-1	-1	0
2621	2617	2686	0	-1	-1	-1
2618	2619	2687	0	-1	-1	-1
2687	2619	2620	0	-1	-1	-1
2599	2664	2665	0	-1	-1	-1
2620	2621	2688	0	-1	-1	-1
2599	2665	2666	0	-1	-1	-1
2600	2666	2667	0	-1	-1	-1
2601	2667	2668	0	-1	-1	-1
2618	2687	2631	0	-1	-1	-1
2692	2622	2623	0	-1	-1	-1
2692	2624	2622	0	-1	-1	-1
2668	2669	2602	0	-1	-1	-1
2669	2671	2605	0	-1	-1	-1
2693	2623	2630	0	-1	-1	-1
2625	2628	2694	0	-1	-1	-1
2694	2629	2625	0	-1	-1	-1
2626	2695	2627	0	-1	-1	-1
2624	2692	2634	0	-1	-1	-1
2606	2671	2673	0	-1	-1	-1
2628	2627	2696	0	-1	-1	-1
2675	2670	2607	0	-1	-1	-1
2606	2674	2672	0	-1	-1	-1
2673	2674	2606	0	-1	-1	-1
2694	2630	2629	0	-1	-1	-1
2695	2626	2633	0	-1	-1	-1
2607	2672	2676	0	-1	-1	-1
2608	2670	2678	0	-1	-1	-1
2607	2676	2675	0	-1	-1	-1
2699	2632	2631	0	-1	-1	-1
2608	2678	2677	0	-1	-1	-1
2700	2633	2632	0	-1	-1	-1
2702	2636	2634	0	-1	-1	-1
2681	2679	2612	0	-1	-1	-1
2612	2680	2681	0	-1	-1	-1
2636	2703	2635	0	-1	-1	-1
2677	2684	2614	0	-1	-1	-1
2637	2635	2704	0	-1	-1	-1
2613	2683	2680	0	-1	-1	-1
2613	2682	2683	0	-1	-1	-1
2685	2615	2679	0	-1	-1	-1
2682	2614	2684	0	-1	-1	-1
2706	2638	2637	0	-1	-1	-1
2706	2639	2638	0	-1	-1	-1
2685	2686	2616	0	-1	-1	-1
2640	2639	2708	0	-1	-1	-1
2641	2640	2709	0	-1	-1	-1
2642	2641	2710	0	-1	-1	-1
2620	2689	2687	0	-1	-1	-1
2642	2712	2643	0	-1	-1	-1
2621	2686	2691	0	-1	-1	-1
2690	2620	2688	0	-1	-1	-1
2690	2689	2620	0	-1	-1	-1
2621	2691	2688	0	-1	-1	-1
2643	2713	2645	0	-1	-1	-1
2647	2714	2644	0	-1	-1	-1
2645	2715	2646	0	-1	-1	-1
2623	2693	2692	0	-1	-1	-1
2647	2646	2715	0	-1	-1	-1
2644	2714	2652	0	-1	-1	-1
2717	2650	2649	0	-1	-1	-1
2699	2631	2687	0	-1	-1	-1
2628	2696	2694	0	-1	-1	-1
2695	2696	2627	0	-1	-1	-1
2649	2653	2717	0	-1	-1	-1
2651	2652	2718	0	-1	-1	-1
2694	2697	2630	0	-1	-1	-1
2693	2630	2698	0	-1	-1	-1
2654	2651	2718	0	-1	-1	-1
2678	2670	2675	0	-1	-1	-1
2698	2630	2697	0	-1	-1	-1
2702	2634	2692	0	-1	-1	-1
2717	2662	2650	0	-1	-1	-1
2722	2653	2654	0	-1	-1	-1
2701	2695	2633	0	-1	-1	-1
2700	2632	2699	0	-1	-1	-1
2700	2701	2633	0	-1	-1	-1
2725	2655	2657	0	-1	-1	-1
2684	2677	2678	0	-1	-1	-1
2659	2655	2725	0	-1	-1	-1
2726	2657	2656	0	-1	-1	-1
2635	2703	2704	0	-1	-1	-1
2702	2705	2636	0	-1	-1	-1
2636	2705	2703	0	-1	-1	-1
2661	2727	2656	0	-1	-1	-1
2729	2658	2659	0	0	-1	-1
2637	2704	2706	0	-1	-1	-1
2661	2662	2727	0	-1	-1	-1
2707	2639	2706	0	-1	-1	-1
2707	2708	2639	0	-1	-1	-1
2709	2640	2708	0	-1	-1	-1
2664	2663	2732	0	-1	-1	-1
2709	2710	2641	0	-1	-1	-1
2665	2664	2734	0	-1	-1	-1
2642	2710	2711	0	-1	-1	-1
2642	2711	2712	0	-1	-1	-1
2665	2735	2666	0	-1	-1	-1
2643	2712	2713	0	-1	-1	-1
2666	2736	2667	0	-1	-1	-1
2736	2668	2667	0	-1	-1	-1
2668	2736	2669	0	-1	-1	-1
2715	2645	2713	0	-1	-1	-1
2699	2687	2689	0	-1	-1	-1
2647	2716	2714	0	-1	-1	-1
2671	2669	2738	0	-1	-1	-1
2715	2716	2647	0	-1	-1	-1
2671	2738	2673	0	-1	-1	-1
2714	2720	2652	0	-1	-1	-1
2740	2672	2674	0	-1	-1	-1
2693	2702	2692	0	-1	-1	-1
2740	2676	2672	0	-1	-1	-1
2673	2741	2674	0	-1	-1	-1
2718	2652	2719	0	-1	-1	-1
2720	2719	2652	0	-1	-1	-1
2717	2653	2721	0	-1	-1	-1
2675	2676	2744	0	-1	-1	-1
2722	2721	2653	0	-1	-1	-1
2654	2718	2724	0	-1	-1	-1
2744	2678	2675	0	-1	-1	-1
2722	2654	2723	0	-1	-1	-1
2723	2654	2724	0	-1	-1	-1
2681	2747	2679	0	-1	-1	-1
2684	2678	2746	0	-1	-1	-1
2727	2726	2656	0	-1	-1	-1
2681	2680	2748	0	-1	-1	-1
2725	2657	2728	0	-1	-1	-1
2662	2717	2731	0	-1	-1	-1
2685	2679	2747	0	-1	-1	-1
2680	2683	2748	0	-1	-1	-1
2728	2657	2726	0	-1	-1	-1
2659	2725	2729	0	-1	-1	-1
2749	2683	2682	0	-1	-1	-1
2749	2682	2684	0	-1	-1	-1
2662	2730	2727	0	-1	-1	-1
2685	2752	2686	0	-1	-1	-1
2662	2731	2730	0	-1	-1	-1
2733	2732	2663	0	-1	-1	0
2691	2686	2753	0	-1	-1	-1
2664	2732	2734	0	-1	-1	-1
2754	2690	2688	0	-1	-1	-1
2688	2691	2754	0	-1	-1	-1
2755	2689	2690	0	-1	-1	-1
2665	2734	2735	0	-1	-1	-1
2666	2735	2736	0	-1	-1	-1
2669	2737	2738	0	-1	-1	-1
2669	2736	2739	0	-1	-1	-1
2756	2699	2689	0	-1	-1	-1
2669	2739	2737	0	-1	-1	-1
2696	2759	2694	0	-1	-1	-1
2698	2758	2693	0	-1	-1	-1
2720	2714	2716	0	-1	-1	-1
2694	2760	2697	0	-1	-1	-1
2695	2761	2696	0	-1	-1	-1
2738	2742	2673	0	-1	-1	-1
2702	2693	2758	0	-1	-1	-1
2756	2700	2699	0	-1	-1	-1
2741	2673	2742	0	-1	-1	-1
2743	2740	2674	0	-1	-1	-1
2695	2701	2761	0	-1	-1	-1
2698	2697	2763	0	-1	-1	-1
2743	2674	2741	0	-1	-1	-1
2676	2740	2745	0	-1	-1	-1
2724	2718	2719	0	-1	-1	-1
2705	2702	2758	0	-1	-1	-1
2744	2676	2745	0	-1	-1	-1
2700	2766	2701	0	-1	-1	-1
2744	2746	2678	0	-1	-1	-1
2731	2717	2721	0	-1	-1	-1
2747	2681	2748	0	-1	-1	-1
2769	2703	2705	0	-1	-1	-1
2703	2770	2704	0	-1	-1	-1
2751	2684	2746	0	-1	-1	-1
2750	2748	2683	0	-1	-1	-1
2772	2706	2704	0	-1	-1	-1
2750	2683	2749	0	-1	-1	-1
2685	2747	2752	0	-1	-1	-1
2751	2749	2684	0	-1	-1	-1
2706	2772	2707	0	-1	-1	-1
2708	2707	2773	0	-1	-1	-1
2709	2708	2774	0	-1	-1	-1
2752	2753	2686	0	-1	-1	-1
2710	2709	2774	0	-1	-1	-1
2710	2775	2711	0	-1	-1	-1
2754	2691	2753	0	-1	-1	-1
2776	2712	2711	0	-1	-1	-1
2755	2756	2689	0	-1	-1	-1
2690	2754	2757	0	-1	-1	-1
2757	2755	2690	0	-1	-1	-1
2712	2778	2713	0	-1	-1	-1
2713	2780	2715	0	-1	-1	-1
2716	2715	2781	0	-1	-1	-1
2759	2760	2694	0	-1	-1	-1
2696	2762	2759	0	-1	-1	-1
2782	2720	2716	0	-1	-1	-1
2761	2762	2696	0	-1	-1	-1
2760	2763	2697	0	-1	-1	-1
2698	2765	2758	0	-1	-1	-1
2766	2700	2756	0	-1	-1	-1
2720	2783	2719	0	-1	-1	-1
2698	2763	2764	0	-1	-1	-1
2724	2719	2783	0	-1	-1	-1
2784	2721	2722	0	-1	-1	-1
2764	2765	2698	0	-1	-1	-1
2705	2758	2765	0	-1	-1	-1
2761	2701	2767	0	-1	-1	-1
2785	2722	2723	0	-1	-1	-1
2786	2723	2724	0	-1	-1	-1
2768	2701	2766	0	-1	-1	-1
2721	2784	2731	0	-1	-1	-1
2701	2768	2767	0	-1	-1	-1
2765	2769	2705	0	-1	-1	-1
2788	2725	2728	0	-1	-1	-1
2769	2770	2703	0	-1	-1	-1
2788	2729	2725	0	0	-1	-1
2727	2790	2726	0	-1	-1	-1
2728	2726	2789	0	-1	-1	-1
2704	2770	2771	0	-1	-1	-1
2790	2727	2730	0	-1	-1	-1
2704	2771	2772	0	-1	-1	-1
2772	2773	2707	0	-1	-1	-1
2731	2791	2730	0	-1	-1	-1
2708	2773	2774	0	-1	-1	-1
2733	2793	2732	0	-1	-1	-1
2793	2734	2732	0	-1	-1	-1
2774	2775	2710	0	-1	-1	-1
2775	2777	2711	0	-1	-1	-1
2776	2711	2777	0	-1	-1	-1
2735	2734	2796	0	-1	-1	-1
2712	2776	2779	0	-1	-1	-1
2735	2798	2736	0	-1	-1	-1
2778	2712	2779	0	-1	-1	-1
2778	2780	2713	0	-1	-1	-1
2798	2739	2736	0	-1	-1	-1
2799	2738	2737	0	-1	-1	-1
2737	2739	2800	0	-1	-1	-1
2781	2715	2780	0	-1	-1	-1
2781	2782	2716	0	-1	-1	-1
2742	2738	2799	0	-1	-1	-1
2783	2720	2782	0	-1	-1	-1
2802	2740	2743	0	-1	-1	-1
2742	2803	2741	0	-1	-1	-1
2741	2803	2743	0	-1	-1	-1
2802	2745	2740	0	-1	-1	-1
2784	2722	2785	0	-1	-1	-1
2787	2724	2783	0	-1	-1	-1
2785	2723	2786	0	-1	-1	-1
2744	2806	2746	0	-1	-1	-1
2807	2744	2745	0	-1	-1	-1
2786	2724	2787	0	-1	-1	-1
2746	2806	2751	0	-1	-1	-1
2728	2789	2788	0	-1	-1	-1
2726	2790	2789	0	-1	-1	-1
2747	2748	2810	0	-1	-1	-1
2731	2784	2792	0	-1	-1	-1
2748	2750	2812	0	-1	-1	-1
2811	2752	2747	0	-1	-1	-1
2730	2791	2790	0	-1	-1	-1
2749	2813	2750	0	-1	-1	-1
2751	2813	2749	0	-1	-1	-1
2791	2731	2792	0	-1	-1	-1
2811	2753	2752	0	-1	-1	-1
2795	2793	2733	0	-1	-1	-1
2733	2794	2795	0	0	-1	-1
2753	2816	2754	0	-1	-1	-1
2793	2796	2734	0	-1	-1	-1
2754	2816	2757	0	-1	-1	-1
2797	2735	2796	0	-1	-1	-1
2817	2756	2755	0	-1	-1	-1
2818	2755	2757	0	-1	-1	-1
2735	2797	2798	0	-1	-1	-1
2799	2737	2800	0	-1	-1	-1
2801	2739	2798	0	-1	-1	-1
2739	2801	2800	0	-1	-1	-1
2760	2759	2822	0	-1	-1	-1
2756	2820	2766	0	-1	-1	-1
2762	2822	2759	0	-1	-1	-1
2799	2804	2742	0	-1	-1	-1
2760	2824	2763	0	-1	-1	-1
2761	2825	2762	0	-1	-1	-1
2804	2803	2742	0	-1	-1	-1
2805	2802	2743	0	-1	-1	-1
2803	2805	2743	0	-1	-1	-1
2826	2764	2763	0	-1	-1	-1
2825	2761	2767	0	-1	-1	-1
2768	2766	2820	0	-1	-1	-1
2808	2745	2802	0	-1	-1	-1
2765	2764	2827	0	-1	-1	-1
2806	2744	2807	0	-1	-1	-1
2808	2807	2745	0	-1	-1	-1
2769	2765	2829	0	-1	-1	-1
2767	2768	2830	0	-1	-1	-1
2747	2810	2809	0	-1	-1	-1
2811	2747	2809	0	-1	-1	-1
2770	2769	2829	0	-1	-1	-1
2810	2748	2812	0	-1	-1	-1
2751	2806	2814	0	-1	-1	-1
2833	2771	2770	0	-1	-1	-1
2813	2812	2750	0	-1	-1	-1
2772	2771	2834	0	-1	-1	-1
2813	2751	2815	0	-1	-1	-1
2835	2773	2772	0	-1	-1	-1
2751	2814	2815	0	-1	-1	-1
2811	2816	2753	0	-1	-1	-1
2773	2836	2774	0	-1	-1	-1
2774	2837	2775	0	-1	-1	-1
2775	2837	2777	0	-1	-1	-1
2819	2817	2755	0	-1	-1	-1
2838	2776	2777	0	-1	-1	-1
2819	2755	2818	0	-1	-1	-1
2817	2820	2756	0	-1	-1	-1
2779	2776	2838	0	-1	-1	-1
2816	2821	2757	0	-1	-1	-1
2798	2797	2801	0	-1	-1	-1
2757	2821	2818	0	-1	-1	-1
2840	2778	2779	0	-1	-1	-1
2841	2780	2778	0	-1	-1	-1
2841	2781	2780	0	-1	-1	-1
2822	2823	2760	0	-1	-1	-1
2843	2782	2781	0	-1	-1	-1
2760	2823	2824	0	-1	-1	-1
2825	2822	2762	0	-1	-1	-1
2844	2783	2782	0	-1	-1	-1
2824	2826	2763	0	-1	-1	-1
2844	2787	2783	0	-1	-1	-1
2785	2845	2784	0	-1	-1	-1
2805	2808	2802	0	-1	-1	-1
2847	2785	2786	0	-1	-1	-1
2764	2826	2828	0	-1	-1	-1
2764	2828	2827	0	-1	-1	-1
2847	2786	2787	0	-1	-1	-1
2832	2768	2820	0	-1	-1	-1
2829	2765	2827	0	-1	-1	-1
2784	2845	2792	0	-1	-1	-1
2767	2830	2825	0	-1	-1	-1
2849	2788	2789	0	0	-1	-1
2806	2807	2814	0	-1	-1	-1
2830	2768	2831	0	-1	-1	-1
2850	2789	2790	0	-1	-1	-1
2832	2831	2768	0	-1	-1	-1
2833	2770	2829	0	-1	-1	-1
2791	2851	2790	0	-1	-1	-1
2852	2791	2792	0	-1	-1	-1
2833	2834	2771	0	-1	-1	-1
2772	2834	2835	0	-1	-1	-1
2793	2795	2854	0	-1	-1	-1
2835	2836	2773	0	-1	-1	-1
2796	2793	2855	0	-1	-1	-1
2795	2794	2856	0	-1	-1	-1
2837	2774	2836	0	-1	-1	-1
2796	2858	2797	0	-1	-1	-1
2777	2837	2839	0	-1	-1	-1
2777	2839	2838	0	-1	-1	-1
2858	2801	2797	0	-1	-1	-1
2800	2860	2799	0	-1	-1	-1
2842	2779	2838	0	-1	-1	-1
2841	2778	2840	0	-1	-1	-1
2840	2779	2842	0	-1	-1	-1
2804	2799	2859	0	-1	-1	-1
2801	2862	2800	0	-1	-1	-1
2841	2843	2781	0	-1	-1	-1
2817	2819	2832	0	-1	-1	-1
2782	2843	2844	0	-1	-1	-1
2820	2817	2832	0	-1	-1	-1
2803	2804	2864	0	-1	-1	-1
2865	2805	2803	0	-1	-1	-1
2845	2785	2846	0	-1	-1	-1
2847	2846	2785	0	-1	-1	-1
2848	2787	2844	0	-1	-1	-1
2808	2805	2867	0	-1	-1	-1
2787	2848	2847	0	-1	-1	-1
2869	2807	2808	0	-1	-1	-1
2849	2789	2850	0	-1	-1	-1
2868	2814	2807	0	-1	-1	-1
2845	2853	2792	0	-1	-1	-1
2871	2809	2810	0	-1	-1	-1
2851	2850	2790	0	-1	-1	-1
2809	2872	2811	0	-1	-1	-1
2810	2812	2871	0	-1	-1	-1
2851	2791	2852	0	-1	-1	-1
2853	2852	2792	0	-1	-1	-1
2874	2812	2813	0	-1	-1	-1
2811	2873	2816	0	-1	-1	-1
2813	2815	2874	0	-1	-1	-1
2793	2854	2855	0	-1	-1	-1
2856	2854	2795	0	-1	-1	-1
2876	2815	2814	0	-1	-1	-1
2857	2856	2794	0	-1	-1	0
2855	2858	2796	0	-1	-1	-1
2873	2821	2816	0	-1	-1	-1
2819	2818	2878	0	-1	-1	-1
2859	2799	2860	0	-1	-1	-1
2879	2818	2821	0	-1	-1	-1
2861	2860	2800	0	-1	-1	-1
2863	2801	2858	0	-1	-1	-1
2800	2862	2861	0	-1	-1	-1
2863	2862	2801	0	-1	-1	-1
2883	2823	2822	0	-1	-1	-1
2804	2859	2866	0	-1	-1	-1
2825	2883	2822	0	-1	-1	-1
2824	2823	2884	0	-1	-1	-1
2865	2803	2864	0	-1	-1	-1
2881	2832	2819	0	-1	-1	-1
2866	2864	2804	0	-1	-1	-1
2824	2885	2826	0	-1	-1	-1
2867	2805	2865	0	-1	-1	-1
2887	2825	2830	0	-1	-1	-1
2888	2828	2826	0	-1	-1	-1
2869	2868	2807	0	-1	-1	-1
2827	2828	2890	0	-1	-1	-1
2889	2829	2827	0	-1	-1	-1
2808	2867	2870	0	-1	-1	-1
2870	2869	2808	0	-1	-1	-1
2887	2830	2831	0	-1	-1	-1
2889	2833	2829	0	-1	-1	-1
2871	2872	2809	0	-1	-1	-1
2892	2831	2832	0	-1	-1	-1
2872	2873	2811	0	-1	-1	-1
2814	2868	2876	0	-1	-1	-1
2875	2871	2812	0	-1	-1	-1
2875	2812	2874	0	-1	-1	-1
2833	2894	2834	0	-1	-1	-1
2896	2835	2834	0	-1	-1	-1
2877	2874	2815	0	-1	-1	-1
2877	2815	2876	0	-1	-1	-1
2835	2900	2836	0	-1	-1	-1
2837	2836	2900	0	-1	-1	-1
2879	2878	2818	0	-1	-1	-1
2882	2821	2873	0	-1	-1	-1
2819	2878	2880	0	-1	-1	-1
2901	2839	2837	0	-1	-1	-1
2902	2838	2839	0	-1	-1	-1
2880	2881	2819	0	-1	-1	-1
2821	2882	2879	0	-1	-1	-1
2842	2838	2903	0	-1	-1	-1
2841	2840	2905	0	-1	-1	-1
2842	2905	2840	0	-1	-1	-1
2906	2843	2841	0	-1	-1	-1
2884	2823	2883	0	-1	-1	-1
2824	2884	2886	0	-1	-1	-1
2843	2908	2844	0	-1	-1	-1
2886	2885	2824	0	-1	-1	-1
2887	2883	2825	0	-1	-1	-1
2885	2888	2826	0	-1	-1	-1
2910	2845	2846	0	-1	-1	-1
2844	2909	2848	0	-1	-1	-1
2847	2911	2846	0	-1	-1	-1
2881	2892	2832	0	-1	-1	-1
2889	2827	2890	0	-1	-1	-1
2847	2848	2912	0	-1	-1	-1
2828	2888	2891	0	-1	-1	-1
2845	2910	2853	0	-1	-1	-1
2891	2890	2828	0	-1	-1	-1
2887	2831	2893	0	-1	-1	-1
2849	2850	2913	0	-1	-1	0
2850	2851	2913	0	-1	-1	-1
2893	2831	2892	0	-1	-1	-1
2895	2833	2889	0	-1	-1	-1
2852	2914	2851	0	-1	-1	-1
2853	2916	2852	0	-1	-1	-1
2833	2895	2894	0	-1	-1	-1
2894	2897	2834	0	-1	-1	-1
2875	2874	2877	0	-1	-1	-1
2854	2917	2855	0	-1	-1	-1
2856	2918	2854	0	-1	-1	-1
2834	2898	2896	0	-1	-1	-1
2834	2897	2898	0	-1	-1	-1
2835	2896	2899	0	-1	-1	-1
2856	2857	2918	0	-1	-1	-1
2919	2858	2855	0	-1	-1	-1
2900	2835	2899	0	-1	-1	-1
2837	2900	2901	0	-1	-1	-1
2863	2858	2919	0	-1	-1	-1
2922	2859	2860	0	-1	-1	-1
2902	2903	2838	0	-1	-1	-1
2861	2923	2860	0	-1	-1	-1
2901	2904	2839	0	-1	-1	-1
2904	2902	2839	0	-1	-1	-1
2924	2861	2862	0	-1	-1	-1
2866	2859	2922	0	-1	-1	-1
2862	2863	2925	0	-1	-1	-1
2841	2905	2906	0	-1	-1	-1
2903	2907	2842	0	-1	-1	-1
2905	2842	2907	0	-1	-1	-1
2927	2865	2864	0	-1	-1	-1
2906	2908	2843	0	-1	-1	-1
2866	2928	2864	0	-1	-1	-1
2865	2929	2867	0	-1	-1	-1
2908	2909	2844	0	-1	-1	-1
2846	2911	2910	0	-1	-1	-1
2867	2931	2870	0	-1	-1	-1
2868	2869	2932	0	-1	-1	-1
2912	2848	2909	0	-1	-1	-1
2912	2911	2847	0	-1	-1	-1
2934	2869	2870	0	-1	-1	-1
2890	2895	2889	0	-1	-1	-1
2876	2868	2933	0	-1	-1	-1
2914	2913	2851	0	0	-1	-1
2872	2871	2935	0	-1	-1	-1
2910	2916	2853	0	-1	-1	-1
2875	2935	2871	0	-1	-1	-1
2915	2914	2852	0	-1	-1	-1
2873	2872	2937	0	-1	-1	-1
2852	2916	2915	0	-1	-1	-1
2918	2917	2854	0	-1	-1	-1
2938	2875	2877	0	-1	-1	-1
2917	2919	2855	0	-1	-1	-1
2882	2873	2937	0	-1	-1	-1
2877	2876	2939	0	-1	-1	-1
2899	2896	2898	0	-1	-1	-1
2857	2921	2918	0	-1	-1	-1
2878	2879	2940	0	-1	-1	-1
2857	2920	2921	0	0	-1	-1
2880	2878	2940	0	-1	-1	-1
2882	2942	2879	0	-1	-1	-1
2860	2923	2922	0	-1	-1	-1
2880	2945	2881	0	-1	-1	-1
2863	2919	2926	0	-1	-1	-1
2924	2923	2861	0	-1	-1	-1
2924	2862	2925	0	-1	-1	-1
2863	2926	2925	0	-1	-1	-1
2948	2884	2883	0	-1	-1	-1
2883	2887	2948	0	-1	-1	-1
2948	2886	2884	0	-1	-1	-1
2866	2922	2930	0	-1	-1	-1
2928	2927	2864	0	-1	-1	-1
2881	2946	2892	0	-1	-1	-1
2950	2885	2886	0	-1	-1	-1
2929	2865	2927	0	-1	-1	-1
2885	2949	2888	0	-1	-1	-1
2928	2866	2930	0	-1	-1	-1
2867	2929	2931	0	-1	-1	-1
2893	2892	2946	0	-1	-1	-1
2893	2952	2887	0	-1	-1	-1
2953	2891	2888	0	-1	-1	-1
2868	2932	2933	0	-1	-1	-1
2891	2954	2890	0	-1	-1	-1
2934	2932	2869	0	-1	-1	-1
2870	2931	2934	0	-1	-1	-1
2955	2895	2890	0	-1	-1	-1
2936	2872	2935	0	-1	-1	-1
2872	2936	2937	0	-1	-1	-1
2875	2938	2935	0	-1	-1	-1
2895	2959	2894	0	-1	-1	-1
2876	2933	2939	0	-1	-1	-1
2959	2897	2894	0	-1	-1	-1
2939	2938	2877	0	-1	-1	-1
2961	2898	2897	0	-1	-1	-1
2899	2898	2962	0	-1	-1	-1
2879	2941	2940	0	-1	-1	-1
2937	2942	2882	0	-1	-1	-1
2900	2899	2963	0	-1	-1	-1
2941	2879	2943	0	-1	-1	-1
2943	2879	2942	0	-1	-1	-1
2940	2944	2880	0	-1	-1	-1
2901	2900	2963	0	-1	-1	-1
2964	2904	2901	0	-1	-1	-1
2880	2944	2945	0	-1	-1	-1
2902	2965	2903	0	-1	-1	-1
2966	2902	2904	0	-1	-1	-1
2945	2947	2881	0	-1	-1	-1
2881	2947	2946	0	-1	-1	-1
2968	2907	2903	0	-1	-1	-1
2906	2905	2970	0	-1	-1	-1
2970	2905	2907	0	-1	-1	-1
2949	2885	2950	0	-1	-1	-1
2906	2971	2908	0	-1	-1	-1
2948	2951	2886	0	-1	-1	-1
2951	2950	2886	0	-1	-1	-1
2952	2948	2887	0	-1	-1	-1
2973	2909	2908	0	-1	-1	-1
2953	2888	2949	0	-1	-1	-1
2909	2973	2912	0	-1	-1	-1
2911	2975	2910	0	-1	-1	-1
2946	2958	2893	0	-1	-1	-1
2976	2911	2912	0	-1	-1	-1
2890	2954	2955	0	-1	-1	-1
2891	2953	2956	0	-1	-1	-1
2974	2916	2910	0	-1	-1	-1
2891	2956	2954	0	-1	-1	-1
2893	2957	2952	0	-1	-1	-1
2915	2977	2914	0	-1	0	-1
2957	2893	2958	0	-1	-1	-1
2915	2916	2978	0	-1	-1	-1
2955	2959	2895	0	-1	-1	-1
2917	2918	2979	0	-1	-1	-1
2919	2917	2979	0	-1	-1	-1
2959	2960	2897	0	-1	-1	-1
2960	2961	2897	0	-1	-1	-1
2918	2921	2980	0	-1	-1	-1
2898	2961	2962	0	-1	-1	-1
2982	2921	2920	0	-1	-1	-1
2899	2962	2963	0	-1	-1	-1
2926	2919	2979	0	-1	-1	-1
2964	2901	2963	0	-1	-1	-1
2923	2983	2922	0	-1	-1	-1
2983	2923	2924	0	-1	-1	-1
2924	2925	2984	0	-1	-1	-1
2965	2902	2966	0	-1	-1	-1
2966	2904	2964	0	-1	-1	-1
2903	2965	2967	0	-1	-1	-1
2930	2922	2983	0	-1	-1	-1
2926	2984	2925	0	-1	-1	-1
2903	2967	2969	0	-1	-1	-1
2903	2969	2968	0	-1	-1	-1
2989	2927	2928	0	-1	-1	-1
2970	2907	2968	0	-1	-1	-1
2927	2989	2929	0	-1	-1	-1
2971	2906	2970	0	-1	-1	-1
2928	2930	2990	0	-1	-1	-1
2952	2951	2948	0	-1	-1	-1
2908	2971	2972	0	-1	-1	-1
2958	2946	2947	0	-1	-1	-1
2992	2931	2929	0	-1	-1	-1
2972	2973	2908	0	-1	-1	-1
2910	2975	2974	0	-1	-1	-1
2934	2931	2994	0	-1	-1	-1
2932	2996	2933	0	-1	-1	-1
2912	2973	2976	0	-1	-1	-1
2932	2934	2996	0	-1	-1	-1
2975	2911	2976	0	-1	-1	-1
2974	2978	2916	0	-1	-1	-1
2997	2939	2933	0	-1	-1	-1
2978	2977	2915	0	-1	-1	-1
2935	3000	2936	0	-1	-1	-1
2938	3000	2935	0	-1	-1	-1
3001	2937	2936	0	-1	-1	-1
2980	2979	2918	0	-1	-1	-1
2938	2939	3003	0	-1	-1	-1
3001	2942	2937	0	-1	-1	-1
2981	2982	2920	0	-1	-1	0
2921	2982	2980	0	-1	-1	-1
2942	3001	2943	0	-1	-1	-1
2940	2941	3005	0	-1	-1	-1
2944	2940	3005	0	-1	-1	-1
2941	2943	3006	0	-1	-1	-1
2983	2924	2985	0	-1	-1	-1
2926	2979	2988	0	-1	-1	-1
2924	2984	2986	0	-1	-1	-1
2986	2985	2924	0	-1	-1	-1
2926	2987	2984	0	-1	-1	-1
3010	2945	2944	0	-1	-1	-1
2926	2988	2987	0	-1	-1	-1
3011	2947	2945	0	-1	-1	-1
2930	2983	2993	0	-1	-1	-1
2928	2991	2989	0	-1	-1	-1
2990	2991	2928	0	-1	-1	-1
2989	2992	2929	0	-1	-1	-1
2993	2990	2930	0	-1	-1	-1
3014	2949	2950	0	-1	-1	-1
2949	3013	2953	0	-1	-1	-1
2951	3015	2950	0	-1	-1	-1
2947	3012	2958	0	-1	-1	-1
2931	2992	2995	0	-1	-1	-1
3016	2951	2952	0	-1	-1	-1
2994	2931	2995	0	-1	-1	-1
3016	2952	2957	0	-1	-1	-1
2956	2953	3017	0	-1	-1	-1
2954	3018	2955	0	-1	-1	-1
2994	2999	2934	0	-1	-1	-1
2933	2996	2998	0	-1	-1	-1
3018	2954	2956	0	-1	-1	-1
2998	2997	2933	0	-1	-1	-1
2996	2934	2999	0	-1	-1	-1
2959	2955	3019	0	-1	-1	-1
3021	2957	2958	0	-1	-1	-1
3000	3001	2936	0	-1	-1	-1
2938	3002	3000	0	-1	-1	-1
2939	2997	3004	0	-1	-1	-1
2960	2959	3022	0	-1	-1	-1
3003	3002	2938	0	-1	-1	-1
2960	3024	2961	0	-1	-1	-1
3004	3003	2939	0	-1	-1	-1
2979	2980	2988	0	-1	-1	-1
2962	2961	3025	0	-1	-1	-1
3005	2941	3006	0	-1	-1	-1
2963	2962	3027	0	-1	-1	-1
3008	2943	3001	0	-1	-1	-1
2964	2963	3027	0	-1	-1	-1
2943	3007	3006	0	-1	-1	-1
2986	2984	2987	0	-1	-1	-1
3009	2944	3005	0	-1	-1	-1
3007	2943	3008	0	-1	-1	-1
2966	2964	3029	0	-1	-1	-1
2985	2993	2983	0	-1	-1	-1
3031	2965	2966	0	-1	-1	-1
2965	3030	2967	0	-1	-1	-1
2944	3009	3010	0	-1	-1	-1
3010	3011	2945	0	-1	-1	-1
2967	3032	2969	0	-1	-1	-1
3033	2968	2969	0	-1	-1	-1
2947	3011	3012	0	-1	-1	-1
3033	2970	2968	0	-1	-1	-1
3033	2971	2970	0	-1	-1	-1
2972	2971	3033	0	-1	-1	-1
3014	3013	2949	0	-1	-1	-1
2950	3015	3014	0	-1	-1	-1
2972	3036	2973	0	-1	-1	-1
3016	3015	2951	0	-1	-1	-1
3013	3017	2953	0	-1	-1	-1
3037	2976	2973	0	-1	-1	-1
2975	3038	2974	0	-1	-1	-1
3038	2978	2974	0	-1	-1	-1
3021	2958	3012	0	-1	-1	-1
3040	2975	2976	0	-1	-1	-1
2955	3018	3019	0	-1	-1	-1
2956	3017	3020	0	-1	-1	-1
2999	2998	2996	0	-1	-1	-1
3018	2956	3020	0	-1	-1	-1
2957	3021	3016	0	-1	-1	-1
2978	3041	2977	0	-1	0	-1
2959	3019	3022	0	-1	-1	-1
2982	3042	2980	0	-1	-1	-1
2960	3022	3023	0	-1	-1	-1
2960	3023	3024	0	-1	-1	-1
2982	2981	3044	0	-1	-1	-1
3001	3000	3008	0	-1	-1	-1
3042	2988	2980	0	-1	-1	-1
3008	3000	3002	0	-1	-1	-1
2961	3024	3025	0	-1	-1	-1
2962	3025	3026	0	-1	-1	-1
3027	2962	3026	0	-1	-1	-1
2985	2986	3047	0	-1	-1	-1
2964	3027	3028	0	-1	-1	-1
2964	3028	3029	0	-1	-1	-1
2987	3049	2986	0	-1	-1	-1
3046	2993	2985	0	-1	-1	-1
2988	3050	2987	0	-1	-1	-1
3031	2966	3029	0	-1	-1	-1
2965	3031	3030	0	-1	-1	-1
2967	3030	3032	0	-1	-1	-1
2989	2991	3051	0	-1	-1	-1
3051	2992	2989	0	-1	-1	-1
3053	2991	2990	0	-1	-1	-1
3052	2990	2993	0	-1	-1	-1
3034	2969	3032	0	-1	-1	-1
3034	3033	2969	0	-1	-1	-1
3033	3035	2972	0	-1	-1	-1
3056	2995	2992	0	-1	-1	-1
3035	3036	2972	0	-1	-1	-1
2973	3036	3037	0	-1	-1	-1
2994	2995	3057	0	-1	-1	-1
2999	2994	3057	0	-1	-1	-1
2975	3039	3038	0	-1	-1	-1
3037	3040	2976	0	-1	-1	-1
3058	2997	2998	0	-1	-1	-1
2975	3040	3039	0	-1	-1	-1
2999	3059	2998	0	-1	-1	-1
3038	3041	2978	0	-1	-1	-1
3058	3004	2997	0	-1	-1	-1
3002	3003	3060	0	-1	-1	-1
3061	3003	3004	0	-1	-1	-1
2981	3043	3044	0	0	-1	-1
3045	3042	2982	0	-1	-1	-1
3060	3008	3002	0	-1	-1	-1
2982	3044	3045	0	-1	-1	-1
3063	3005	3006	0	-1	-1	-1
3046	2985	3047	0	-1	-1	-1
3005	3064	3009	0	-1	-1	-1
3006	3007	3065	0	-1	-1	-1
2988	3042	3050	0	-1	-1	-1
2986	3048	3047	0	-1	-1	-1
3008	3066	3007	0	-1	-1	-1
3049	3048	2986	0	-1	-1	-1
3049	2987	3050	0	-1	-1	-1
3010	3009	3069	0	-1	-1	-1
2993	3046	3052	0	-1	-1	-1
3010	3070	3011	0	-1	-1	-1
3012	3011	3070	0	-1	-1	-1
3053	2990	3052	0	-1	-1	-1
2991	3054	3051	0	-1	-1	-1
2992	3051	3055	0	-1	-1	-1
3053	3054	2991	0	-1	-1	-1
3013	3014	3073	0	-1	-1	-1
3072	3017	3013	0	-1	-1	-1
2992	3055	3056	0	-1	-1	-1
3074	3014	3015	0	-1	-1	-1
3021	3012	3071	0	-1	-1	-1
3016	3076	3015	0	-1	-1	-1
3056	3057	2995	0	-1	-1	-1
3020	3017	3072	0	-1	-1	-1
3016	3021	3077	0	-1	-1	-1
3018	3078	3019	0	-1	-1	-1
3059	2999	3057	0	-1	-1	-1
3059	3058	2998	0	-1	-1	-1
3079	3018	3020	0	-1	-1	-1
3022	3019	3078	0	-1	-1	-1
3004	3058	3062	0	-1	-1	-1
3060	3003	3061	0	-1	-1	-1
3004	3062	3061	0	-1	-1	-1
3022	3083	3023	0	-1	-1	-1
3023	3084	3024	0	-1	-1	-1
3005	3063	3064	0	-1	-1	-1
3006	3065	3063	0	-1	-1	-1
3025	3024	3085	0	-1	-1	-1
3008	3060	3067	0	-1	-1	-1
3066	3065	3007	0	-1	-1	-1
3025	3087	3026	0	-1	-1	-1
3027	3026	3088	0	-1	-1	-1
3009	3064	3068	0	-1	-1	-1
3066	3008	3067	0	-1	-1	-1
3028	3027	3088	0	-1	-1	-1
3089	3029	3028	0	-1	-1	-1
3068	3069	3009	0	-1	-1	-1
3070	3010	3069	0	-1	-1	-1
3031	3029	3090	0	-1	-1	-1
3031	3091	3030	0	-1	-1	-1
3030	3091	3032	0	-1	-1	-1
3012	3070	3071	0	-1	-1	-1
3034	3032	3091	0	-1	-1	-1
3072	3013	3073	0	-1	-1	-1
3034	3093	3033	0	-1	-1	-1
3093	3035	3033	0	-1	-1	-1
3073	3014	3075	0	-1	-1	-1
3074	3075	3014	0	-1	-1	-1
3074	3015	3076	0	-1	-1	-1
3036	3035	3096	0	-1	-1	-1
3076	3016	3077	0	-1	-1	-1
3036	3097	3037	0	-1	-1	-1
3080	3020	3072	0	-1	-1	-1
3021	3071	3082	0	-1	-1	-1
3078	3018	3079	0	-1	-1	-1
3040	3037	3099	0	-1	-1	-1
3101	3038	3039	0	-1	-1	-1
3038	3100	3041	0	-1	0	-1
3020	3081	3079	0	-1	-1	-1
3077	3021	3082	0	-1	-1	-1
3102	3039	3040	0	-1	-1	-1
3081	3020	3080	0	-1	-1	-1
3022	3078	3083	0	-1	-1	-1
3045	3103	3042	0	-1	-1	-1
3061	3067	3060	0	-1	-1	-1
3084	3023	3083	0	-1	-1	-1
3105	3044	3043	0	-1	-1	-1
3024	3084	3085	0	-1	-1	-1
3042	3103	3050	0	-1	-1	-1
3107	3045	3044	0	-1	-1	-1
3025	3085	3086	0	-1	-1	-1
3025	3086	3087	0	-1	-1	-1
3088	3026	3087	0	-1	-1	-1
3047	3109	3046	0	-1	-1	-1
3048	3110	3047	0	-1	-1	-1
3088	3089	3028	0	-1	-1	-1
3052	3046	3109	0	-1	-1	-1
3029	3089	3090	0	-1	-1	-1
3048	3049	3111	0	-1	-1	-1
3050	3112	3049	0	-1	-1	-1
3092	3031	3090	0	-1	-1	-1
3031	3092	3091	0	-1	-1	-1
3113	3051	3054	0	-1	-1	-1
3113	3055	3051	0	-1	-1	-1
3114	3053	3052	0	-1	-1	-1
3034	3091	3095	0	-1	-1	-1
3034	3094	3093	0	-1	-1	-1
3053	3115	3054	0	-1	-1	-1
3095	3094	3034	0	-1	-1	-1
3096	3035	3093	0	-1	-1	-1
3056	3055	3118	0	-1	-1	-1
3096	3098	3036	0	-1	-1	-1
3097	3036	3098	0	-1	-1	-1
3057	3056	3119	0	-1	-1	-1
3037	3097	3099	0	-1	-1	-1
3057	3120	3059	0	-1	-1	-1
3121	3058	3059	0	-1	-1	-1
3038	3101	3100	0	-1	-1	-1
3102	3040	3099	0	-1	-1	-1
3079	3083	3078	0	-1	-1	-1
3122	3062	3058	0	-1	-1	-1
3102	3101	3039	0	-1	-1	-1
3124	3061	3062	0	-1	-1	-1
3123	3067	3061	0	-1	-1	-1
3043	3104	3105	0	0	-1	-1
3125	3064	3063	0	-1	-1	-1
3125	3063	3065	0	-1	-1	-1
3105	3106	3044	0	-1	-1	-1
3108	3103	3045	0	-1	-1	-1
3107	3044	3106	0	-1	-1	-1
3065	3066	3127	0	-1	-1	-1
3068	3064	3126	0	-1	-1	-1
3108	3045	3107	0	-1	-1	-1
3066	3067	3128	0	-1	-1	-1
3050	3103	3112	0	-1	-1	-1
3068	3129	3069	0	-1	-1	-1
3109	3047	3110	0	-1	-1	-1
3110	3048	3111	0	-1	-1	-1
3070	3069	3130	0	-1	-1	-1
3070	3131	3071	0	-1	-1	-1
3112	3111	3049	0	-1	-1	-1
3052	3109	3114	0	-1	-1	-1
3072	3073	3133	0	-1	-1	-1
3075	3134	3073	0	-1	-1	-1
3096	3093	3094	0	-1	-1	-1
3114	3116	3053	0	-1	-1	-1
3054	3117	3113	0	-1	-1	-1
3116	3115	3053	0	-1	-1	-1
3075	3074	3135	0	-1	-1	-1
3080	3072	3133	0	-1	-1	-1
3132	3082	3071	0	-1	-1	-1
3074	3076	3135	0	-1	-1	-1
3115	3117	3054	0	-1	-1	-1
3118	3055	3113	0	-1	-1	-1
3077	3135	3076	0	-1	-1	-1
3118	3119	3056	0	-1	-1	-1
3119	3120	3057	0	-1	-1	-1
3138	3077	3082	0	-1	-1	-1
3081	3139	3079	0	-1	-1	-1
3059	3120	3121	0	-1	-1	-1
3140	3081	3080	0	-1	-1	-1
3121	3122	3058	0	-1	-1	-1
3079	3139	3083	0	-1	-1	-1
3062	3122	3124	0	-1	-1	-1
3124	3123	3061	0	-1	-1	-1
3143	3084	3083	0	-1	-1	-1
3143	3085	3084	0	-1	-1	-1
3144	3086	3085	0	-1	-1	-1
3064	3125	3126	0	-1	-1	-1
3127	3125	3065	0	-1	-1	-1
3123	3128	3067	0	-1	-1	-1
3146	3087	3086	0	-1	-1	-1
3127	3066	3128	0	-1	-1	-1
3087	3147	3088	0	-1	-1	-1
3126	3129	3068	0	-1	-1	-1
3088	3147	3089	0	-1	-1	-1
3090	3089	3149	0	-1	-1	-1
3129	3130	3069	0	-1	-1	-1
3131	3070	3130	0	-1	-1	-1
3092	3090	3150	0	-1	-1	-1
3092	3151	3091	0	-1	-1	-1
3071	3131	3132	0	-1	-1	-1
3151	3095	3091	0	-1	-1	-1
3134	3133	3073	0	-1	-1	-1
3094	3153	3096	0	-1	-1	-1
3094	3095	3154	0	-1	-1	-1
3075	3136	3134	0	-1	-1	-1
3075	3135	3137	0	-1	-1	-1
3137	3136	3075	0	-1	-1	-1
3138	3135	3077	0	-1	-1	-1
3096	3157	3098	0	-1	-1	-1
3098	3158	3097	0	-1	-1	-1
3140	3080	3133	0	-1	-1	-1
3097	3158	3099	0	-1	-1	-1
3082	3132	3142	0	-1	-1	-1
3102	3099	3160	0	-1	-1	-1
3139	3081	3141	0	-1	-1	-1
3142	3138	3082	0	-1	-1	-1
3100	3101	3161	0	-1	-1	0
3140	3141	3081	0	-1	-1	-1
3161	3101	3102	0	-1	-1	-1
3083	3139	3143	0	-1	-1	-1
3105	3104	3164	0	-1	-1	-1
3162	3103	3108	0	-1	-1	-1
3143	3145	3085	0	-1	-1	-1
3144	3085	3145	0	-1	-1	-1
3086	3144	3146	0	-1	-1	-1
3165	3106	3105	0	-1	-1	-1
3112	3103	3162	0	-1	-1	-1
3166	3107	3106	0	-1	-1	-1
3146	3147	3087	0	-1	-1	-1
3108	3107	3166	0	-1	-1	-1
3148	3089	3147	0	-1	-1	-1
3149	3089	3148	0	-1	-1	-1
3169	3109	3110	0	-1	-1	-1
3149	3150	3090	0	-1	-1	-1
3110	3111	3170	0	-1	-1	-1
3109	3168	3114	0	-1	-1	-1
3092	3150	3152	0	-1	-1	-1
3112	3171	3111	0	-1	-1	-1
3151	3092	3152	0	-1	-1	-1
3151	3155	3095	0	-1	-1	-1
3094	3154	3153	0	-1	-1	-1
3113	3172	3118	0	-1	-1	-1
3117	3173	3113	0	-1	-1	-1
3116	3114	3174	0	-1	-1	-1
3154	3095	3156	0	-1	-1	-1
3157	3096	3153	0	-1	-1	-1
3115	3116	3175	0	-1	-1	-1
3095	3155	3156	0	-1	-1	-1
3117	3115	3175	0	-1	-1	-1
3138	3137	3135	0	-1	-1	-1
3159	3098	3157	0	-1	-1	-1
3158	3098	3159	0	-1	-1	-1
3118	3179	3119	0	-1	-1	-1
3160	3099	3158	0	-1	-1	-1
3119	3180	3120	0	-1	-1	-1
3121	3120	3180	0	-1	-1	-1
3161	3102	3160	0	-1	-1	-1
3122	3121	3181	0	-1	-1	-1
3122	3182	3124	0	-1	-1	-1
3123	3124	3183	0	-1	-1	-1
3163	3164	3104	0	-1	-1	0
3128	3123	3183	0	-1	-1	-1
3105	3164	3165	0	-1	-1	-1
3184	3126	3125	0	-1	-1	-1
3127	3184	3125	0	-1	-1	-1
3167	3162	3108	0	-1	-1	-1
3165	3166	3106	0	-1	-1	-1
3129	3126	3185	0	-1	-1	-1
3146	3148	3147	0	-1	-1	-1
3186	3127	3128	0	-1	-1	-1
3108	3166	3167	0	-1	-1	-1
3112	3162	3171	0	-1	-1	-1
3168	3109	3169	0	-1	-1	-1
3189	3130	3129	0	-1	-1	-1
3170	3169	3110	0	-1	-1	-1
3131	3130	3190	0	-1	-1	-1
3171	3170	3111	0	-1	-1	-1
3132	3131	3190	0	-1	-1	-1
3114	3168	3174	0	-1	-1	-1
3173	3172	3113	0	-1	-1	-1
3193	3133	3134	0	-1	-1	-1
3134	3136	3193	0	-1	-1	-1
3142	3132	3191	0	-1	-1	-1
3192	3140	3133	0	-1	-1	-1
3176	3116	3174	0	-1	-1	-1
3136	3137	3194	0	-1	-1	-1
3175	3116	3176	0	-1	-1	-1
3173	3117	3178	0	-1	-1	-1
3177	3117	3175	0	-1	-1	-1
3118	3172	3179	0	-1	-1	-1
3138	3196	3137	0	-1	-1	-1
3117	3177	3178	0	-1	-1	-1
3196	3138	3142	0	-1	-1	-1
3197	3139	3141	0	-1	-1	-1
3119	3179	3180	0	-1	-1	-1
3143	3139	3197	0	-1	-1	-1
3141	3140	3198	0	-1	-1	-1
3180	3181	3121	0	-1	-1	-1
3145	3143	3197	0	-1	-1	-1
3182	3122	3181	0	-1	-1	-1
3182	3183	3124	0	-1	-1	-1
3146	3144	3203	0	-1	-1	-1
3144	3145	3204	0	-1	-1	-1
3126	3184	3185	0	-1	-1	-1
3186	3184	3127	0	-1	-1	-1
3183	3187	3128	0	-1	-1	-1
3146	3206	3148	0	-1	-1	-1
3186	3128	3187	0	-1	-1	-1
3129	3185	3188	0	-1	-1	-1
3149	3148	3206	0	-1	-1	-1
3189	3129	3188	0	-1	-1	-1
3150	3149	3208	0	-1	-1	-1
3189	3190	3130	0	-1	-1	-1
3150	3209	3152	0	-1	-1	-1
3152	3210	3151	0	-1	-1	-1
3190	3191	3132	0	-1	-1	-1
3211	3155	3151	0	-1	-1	-1
3193	3192	3133	0	-1	-1	-1
3154	3212	3153	0	-1	-1	-1
3153	3212	3157	0	-1	-1	-1
3154	3156	3214	0	-1	-1	-1
3136	3195	3193	0	-1	-1	-1
3136	3194	3195	0	-1	-1	-1
3155	3215	3156	0	-1	-1	-1
3137	3196	3194	0	-1	-1	-1
3159	3157	3212	0	-1	-1	-1
3198	3140	3192	0	-1	-1	-1
3216	3158	3159	0	-1	-1	-1
3160	3158	3216	0	-1	-1	-1
3142	3191	3202	0	-1	-1	-1
3197	3141	3199	0	-1	-1	-1
3196	3142	3201	0	-1	-1	-1
3200	3141	3198	0	-1	-1	-1
3160	3219	3161	0	-1	0	-1
3141	3200	3199	0	-1	-1	-1
3202	3201	3142	0	-1	-1	-1
3145	3197	3205	0	-1	-1	-1
3164	3163	3222	0	-1	-1	-1
3167	3220	3162	0	-1	-1	-1
3204	3203	3144	0	-1	-1	-1
3165	3164	3223	0	-1	-1	-1
3171	3162	3220	0	-1	-1	-1
3145	3205	3204	0	-1	-1	-1
3203	3207	3146	0	-1	-1	-1
3225	3166	3165	0	-1	-1	-1
3225	3167	3166	0	-1	-1	-1
3207	3206	3146	0	-1	-1	-1
3149	3206	3208	0	-1	-1	-1
3169	3227	3168	0	-1	-1	-1
3228	3169	3170	0	-1	-1	-1
3209	3150	3208	0	-1	-1	-1
3174	3168	3227	0	-1	-1	-1
3210	3152	3209	0	-1	-1	-1
3230	3170	3171	0	-1	-1	-1
3211	3151	3210	0	-1	-1	-1
3173	3232	3172	0	-1	-1	-1
3154	3213	3212	0	-1	-1	-1
3213	3154	3214	0	-1	-1	-1
3215	3155	3211	0	-1	-1	-1
3232	3179	3172	0	-1	-1	-1
3174	3234	3176	0	-1	-1	-1
3233	3173	3178	0	-1	-1	-1
3214	3156	3215	0	-1	-1	-1
3217	3159	3212	0	-1	-1	-1
3176	3237	3175	0	-1	-1	-1
3236	3177	3175	0	-1	-1	-1
3194	3196	3201	0	-1	-1	-1
3218	3216	3159	0	-1	-1	-1
3238	3178	3177	0	-1	-1	-1
3218	3159	3217	0	-1	-1	-1
3160	3216	3219	0	-1	-1	-1
3180	3179	3240	0	-1	-1	-1
3181	3180	3242	0	-1	-1	-1
3242	3182	3181	0	-1	-1	-1
3222	3163	3221	0	-1	0	-1
3183	3182	3243	0	-1	-1	-1
3222	3224	3164	0	-1	-1	-1
3164	3224	3223	0	-1	-1	-1
3165	3223	3225	0	-1	-1	-1
3220	3167	3226	0	-1	-1	-1
3185	3184	3245	0	-1	-1	-1
3244	3187	3183	0	-1	-1	-1
3186	3245	3184	0	-1	-1	-1
3225	3226	3167	0	-1	-1	-1
3246	3188	3185	0	-1	-1	-1
3248	3186	3187	0	-1	-1	-1
3220	3231	3171	0	-1	-1	-1
3169	3229	3227	0	-1	-1	-1
3169	3228	3229	0	-1	-1	-1
3188	3250	3189	0	-1	-1	-1
3170	3230	3228	0	-1	-1	-1
3190	3189	3251	0	-1	-1	-1
3171	3231	3230	0	-1	-1	-1
3251	3191	3190	0	-1	-1	-1
3227	3235	3174	0	-1	-1	-1
3232	3173	3233	0	-1	-1	-1
3192	3193	3255	0	-1	-1	-1
3213	3217	3212	0	-1	-1	-1
3255	3193	3195	0	-1	-1	-1
3235	3234	3174	0	-1	-1	-1
3198	3192	3254	0	-1	-1	-1
3195	3194	3256	0	-1	-1	-1
3202	3191	3253	0	-1	-1	-1
3237	3176	3234	0	-1	-1	-1
3175	3237	3236	0	-1	-1	-1
3233	3178	3239	0	-1	-1	-1
3179	3232	3240	0	-1	-1	-1
3177	3236	3238	0	-1	-1	-1
3194	3201	3256	0	-1	-1	-1
3197	3199	3258	0	-1	-1	-1
3238	3239	3178	0	-1	-1	-1
3200	3198	3259	0	-1	-1	-1
3200	3260	3199	0	-1	-1	-1
3205	3197	3258	0	-1	-1	-1
3180	3240	3241	0	-1	-1	-1
3241	3242	3180	0	-1	-1	-1
3202	3262	3201	0	-1	-1	-1
3242	3243	3182	0	-1	-1	-1
3244	3183	3243	0	-1	-1	-1
3203	3204	3264	0	-1	-1	-1
3207	3203	3264	0	-1	-1	-1
3204	3205	3266	0	-1	-1	-1
3185	3245	3247	0	-1	-1	-1
3185	3247	3246	0	-1	-1	-1
3186	3248	3245	0	-1	-1	-1
3267	3206	3207	0	-1	-1	-1
3187	3244	3249	0	-1	-1	-1
3206	3267	3208	0	-1	-1	-1
3248	3187	3249	0	-1	-1	-1
3188	3246	3250	0	-1	-1	-1
3209	3208	3269	0	-1	-1	-1
3271	3210	3209	0	-1	-1	-1
3189	3250	3251	0	-1	-1	-1
3272	3211	3210	0	-1	-1	-1
3251	3252	3191	0	-1	-1	-1
3252	3253	3191	0	-1	-1	-1
3211	3273	3215	0	-1	-1	-1
3214	3274	3213	0	-1	-1	-1
3192	3255	3254	0	-1	-1	-1
3217	3213	3275	0	-1	-1	-1
3214	3215	3276	0	-1	-1	-1
3195	3257	3255	0	-1	-1	-1
3195	3256	3257	0	-1	-1	-1
3218	3217	3275	0	-1	-1	-1
3259	3198	3254	0	-1	-1	-1
3218	3277	3216	0	-1	-1	-1
3219	3216	3277	0	-1	-1	0
3258	3199	3260	0	-1	-1	-1
3263	3202	3253	0	-1	-1	-1
3201	3262	3256	0	-1	-1	-1
3261	3200	3259	0	-1	-1	-1
3261	3260	3200	0	-1	-1	-1
3221	3281	3222	0	-1	-1	-1
3220	3226	3279	0	-1	-1	-1
3263	3262	3202	0	-1	-1	-1
3222	3282	3224	0	-1	-1	-1
3258	3266	3205	0	-1	-1	-1
3220	3279	3231	0	-1	-1	-1
3283	3223	3224	0	-1	-1	-1
3283	3225	3223	0	-1	-1	-1
3204	3265	3264	0	-1	-1	-1
3283	3226	3225	0	-1	-1	-1
3266	3265	3204	0	-1	-1	-1
3264	3268	3207	0	-1	-1	-1
3267	3207	3268	0	-1	-1	-1
3229	3287	3227	0	-1	-1	-1
3208	3267	3270	0	-1	-1	-1
3228	3288	3229	0	-1	-1	-1
3230	3289	3228	0	-1	-1	-1
3208	3270	3269	0	-1	-1	-1
3227	3287	3235	0	-1	-1	-1
3271	3209	3269	0	-1	-1	-1
3291	3230	3231	0	-1	-1	-1
3271	3272	3210	0	-1	-1	-1
3273	3211	3272	0	-1	-1	-1
3293	3232	3233	0	-1	-1	-1
3274	3275	3213	0	-1	-1	-1
3273	3276	3215	0	-1	-1	-1
3276	3274	3214	0	-1	-1	-1
3232	3293	3240	0	-1	-1	-1
3235	3296	3234	0	-1	-1	-1
3294	3233	3239	0	-1	-1	-1
3234	3296	3237	0	-1	-1	-1
3237	3297	3236	0	-1	-1	-1
3297	3238	3236	0	-1	-1	-1
3218	3275	3278	0	-1	-1	-1
3278	3277	3218	0	0	-1	-1
3239	3238	3300	0	-1	-1	-1
3221	3280	3281	0	0	-1	-1
3302	3241	3240	0	-1	-1	-1
3222	3281	3282	0	-1	-1	-1
3241	3303	3242	0	-1	-1	-1
3242	3304	3243	0	-1	-1	-1
3224	3284	3283	0	-1	-1	-1
3286	3279	3226	0	-1	-1	-1
3282	3285	3224	0	-1	-1	-1
3243	3305	3244	0	-1	-1	-1
3285	3284	3224	0	-1	-1	-1
3286	3226	3283	0	-1	-1	-1
3305	3249	3244	0	-1	-1	-1
3306	3247	3245	0	-1	-1	-1
3248	3306	3245	0	-1	-1	-1
3247	3308	3246	0	-1	-1	-1
3231	3279	3292	0	-1	-1	-1
3307	3250	3246	0	-1	-1	-1
3289	3288	3228	0	-1	-1	-1
3287	3229	3290	0	-1	-1	-1
3249	3310	3248	0	-1	-1	-1
3288	3290	3229	0	-1	-1	-1
3230	3291	3289	0	-1	-1	-1
3251	3250	3313	0	-1	-1	-1
3292	3291	3231	0	-1	-1	-1
3251	3313	3252	0	-1	-1	-1
3296	3235	3287	0	-1	-1	-1
3314	3253	3252	0	-1	-1	-1
3295	3293	3233	0	-1	-1	-1
3294	3295	3233	0	-1	-1	-1
3255	3317	3254	0	-1	-1	-1
3317	3255	3257	0	-1	-1	-1
3316	3259	3254	0	-1	-1	-1
3253	3315	3263	0	-1	-1	-1
3299	3237	3296	0	-1	-1	-1
3297	3237	3298	0	-1	-1	-1
3320	3257	3256	0	-1	-1	-1
3299	3298	3237	0	-1	-1	-1
3294	3239	3301	0	-1	-1	-1
3297	3300	3238	0	-1	-1	-1
3302	3240	3293	0	-1	-1	-1
3256	3262	3319	0	-1	-1	-1
3300	3301	3239	0	-1	-1	-1
3260	3322	3258	0	-1	-1	-1
3323	3261	3259	0	-1	-1	-1
3263	3319	3262	0	-1	-1	-1
3324	3260	3261	0	-1	-1	-1
3303	3241	3302	0	-1	-1	-1
3258	3322	3266	0	-1	-1	-1
3242	3303	3304	0	-1	-1	-1
3305	3243	3304	0	-1	-1	-1
3265	3326	3264	0	-1	-1	-1
3279	3286	3292	0	-1	-1	-1
3264	3326	3268	0	-1	-1	-1
3327	3265	3266	0	-1	-1	-1
3246	3308	3307	0	-1	-1	-1
3306	3309	3247	0	-1	-1	-1
3310	3306	3248	0	-1	-1	-1
3308	3247	3309	0	-1	-1	-1
3249	3305	3311	0	-1	-1	-1
3268	3330	3267	0	-1	-1	-1
3270	3267	3330	0	-1	-1	-1
3250	3307	3313	0	-1	-1	-1
3312	3310	3249	0	-1	-1	-1
3270	3332	3269	0	-1	-1	-1
3312	3249	3311	0	-1	-1	-1
3269	3332	3271	0	-1	-1	-1
3271	3335	3272	0	-1	-1	-1
3313	3314	3252	0	-1	-1	-1
3272	3336	3273	0	-1	-1	-1
3314	3315	3253	0	-1	-1	-1
3276	3273	3337	0	-1	-1	-1
3254	3317	3316	0	-1	-1	-1
3275	3274	3339	0	-1	-1	-1
3276	3338	3274	0	-1	-1	-1
3293	3295	3302	0	-1	-1	-1
3318	3256	3319	0	-1	-1	-1
3278	3275	3340	0	-1	-1	0
3256	3318	3320	0	-1	-1	-1
3321	3317	3257	0	-1	-1	-1
3323	3259	3316	0	-1	-1	-1
3257	3320	3321	0	-1	-1	-1
3280	3342	3281	0	-1	-1	-1
3315	3325	3263	0	-1	-1	-1
3324	3322	3260	0	-1	-1	-1
3281	3343	3282	0	-1	-1	-1
3319	3263	3325	0	-1	-1	-1
3261	3323	3324	0	-1	-1	-1
3282	3344	3285	0	-1	-1	-1
3284	3345	3283	0	-1	-1	-1
3283	3345	3286	0	-1	-1	-1
3328	3266	3322	0	-1	-1	-1
3285	3347	3284	0	-1	-1	-1
3326	3265	3327	0	-1	-1	-1
3266	3329	3327	0	-1	-1	-1
3266	3328	3329	0	-1	-1	-1
3310	3309	3306	0	-1	-1	-1
3326	3331	3268	0	-1	-1	-1
3349	3292	3286	0	-1	-1	-1
3290	3350	3287	0	-1	-1	-1
3351	3288	3289	0	-1	-1	-1
3268	3331	3330	0	-1	-1	-1
3290	3288	3352	0	-1	-1	-1
3291	3353	3289	0	-1	-1	-1
3330	3333	3270	0	-1	-1	-1
3350	3296	3287	0	-1	-1	-1
3332	3270	3333	0	-1	-1	-1
3353	3291	3292	0	-1	-1	-1
3332	3334	3271	0	-1	-1	-1
3335	3271	3334	0	-1	-1	-1
3272	3335	3336	0	-1	-1	-1
3295	3294	3356	0	-1	-1	-1
3273	3336	3337	0	-1	-1	-1
3301	3356	3294	0	-1	-1	-1
3338	3339	3274	0	-1	-1	-1
3276	3337	3338	0	-1	-1	-1
3357	3302	3295	0	-1	-1	-1
3339	3340	3275	0	-1	-1	-1
3359	3299	3296	0	-1	-1	-1
3360	3297	3298	0	-1	-1	-1
3360	3300	3297	0	-1	-1	-1
3299	3362	3298	0	-1	-1	-1
3360	3301	3300	0	-1	-1	-1
3357	3303	3302	0	-1	-1	-1
3341	3342	3280	0	-1	-1	0
3281	3342	3343	0	-1	-1	-1
3343	3344	3282	0	-1	-1	-1
3366	3304	3303	0	-1	-1	-1
3284	3346	3345	0	-1	-1	-1
3344	3348	3285	0	-1	-1	-1
3346	3284	3347	0	-1	-1	0
3305	3304	3369	0	-1	-1	-1
3286	3345	3349	0	-1	-1	-1
3347	3285	3348	0	-1	-1	0
3369	3311	3305	0	-1	-1	-1
3307	3308	3370	0	-1	-1	-1
3309	3372	3308	0	-1	-1	-1
3313	3307	3370	0	-1	-1	-1
3351	3352	3288	0	-1	-1	-1
3290	3352	3350	0	-1	-1	-1
3373	3309	3310	0	-1	-1	-1
3331	3333	3330	0	-1	-1	-1
3351	3289	3354	0	-1	-1	-1
3310	3312	3373	0	-1	-1	-1
3354	3289	3353	0	-1	-1	-1
3355	3292	3349	0	-1	-1	-1
3374	3312	3311	0	-1	-1	-1
3355	3353	3292	0	-1	-1	-1
3313	3377	3314	0	-1	-1	-1
3359	3296	3350	0	-1	-1	-1
3315	3314	3379	0	-1	-1	-1
3358	3295	3356	0	-1	-1	-1
3358	3357	3295	0	-1	-1	-1
3316	3317	3381	0	-1	-1	-1
3361	3360	3298	0	-1	-1	-1
3317	3321	3381	0	-1	-1	-1
3379	3325	3315	0	-1	-1	-1
3316	3380	3323	0	-1	-1	-1
3382	3320	3318	0	-1	-1	-1
3383	3318	3319	0	-1	-1	-1
3298	3362	3361	0	-1	-1	-1
3359	3363	3299	0	-1	-1	-1
3301	3365	3356	0	-1	-1	-1
3299	3363	3362	0	-1	-1	-1
3301	3360	3364	0	-1	-1	-1
3320	3385	3321	0	-1	-1	-1
3357	3367	3303	0	-1	-1	-1
3325	3383	3319	0	-1	-1	-1
3365	3301	3364	0	-1	-1	-1
3386	3322	3324	0	-1	-1	-1
3324	3323	3387	0	-1	-1	-1
3322	3386	3328	0	-1	-1	-1
3303	3368	3366	0	-1	-1	-1
3367	3368	3303	0	-1	-1	-1
3304	3366	3369	0	-1	-1	-1
3327	3391	3326	0	-1	-1	-1
3308	3371	3370	0	-1	-1	-1
3326	3392	3331	0	-1	-1	-1
3393	3327	3329	0	-1	-1	-1
3394	3329	3328	0	-1	-1	-1
3371	3308	3372	0	-1	-1	-1
3372	3309	3373	0	-1	-1	-1
3311	3369	3375	0	-1	-1	-1
3333	3331	3395	0	-1	-1	-1
3374	3311	3375	0	-1	-1	-1
3313	3370	3378	0	-1	-1	-1
3373	3312	3376	0	-1	-1	-1
3374	3376	3312	0	-1	-1	-1
3354	3353	3355	0	-1	-1	-1
3332	3333	3398	0	-1	-1	-1
3398	3334	3332	0	-1	-1	-1
3313	3378	3377	0	-1	-1	-1
3334	3400	3335	0	-1	-1	-1
3314	3377	3379	0	-1	-1	-1
3336	3335	3401	0	-1	-1	-1
3403	3337	3336	0	-1	-1	-1
3381	3380	3316	0	-1	-1	-1
3337	3404	3338	0	-1	-1	-1
3338	3404	3339	0	-1	-1	-1
3357	3358	3367	0	-1	-1	-1
3318	3383	3382	0	-1	-1	-1
3340	3339	3405	0	-1	-1	0
3384	3320	3382	0	-1	-1	-1
3385	3381	3321	0	-1	-1	-1
3320	3384	3385	0	-1	-1	-1
3380	3387	3323	0	-1	-1	-1
3341	3407	3342	0	-1	-1	-1
3342	3407	3343	0	-1	-1	-1
3379	3390	3325	0	-1	-1	-1
3343	3409	3344	0	-1	-1	-1
3383	3325	3390	0	-1	-1	-1
3389	3386	3324	0	-1	-1	-1
3324	3387	3388	0	-1	-1	-1
3348	3344	3409	0	-1	-1	0
3346	3410	3345	0	0	-1	-1
3324	3388	3389	0	-1	-1	-1
3345	3411	3349	0	-1	-1	-1
3386	3394	3328	0	-1	-1	-1
3392	3326	3391	0	-1	-1	-1
3375	3366	3368	0	-1	-1	-1
3366	3375	3369	0	-1	-1	-1
3393	3391	3327	0	-1	-1	-1
3350	3352	3412	0	-1	-1	-1
3411	3355	3349	0	-1	-1	-1
3413	3352	3351	0	-1	-1	-1
3329	3394	3393	0	-1	-1	-1
3354	3413	3351	0	-1	-1	-1
3392	3396	3331	0	-1	-1	-1
3412	3359	3350	0	-1	-1	-1
3331	3397	3395	0	-1	-1	-1
3354	3355	3415	0	-1	-1	-1
3397	3331	3396	0	-1	-1	-1
3333	3395	3398	0	-1	-1	-1
3398	3399	3334	0	-1	-1	-1
3356	3417	3358	0	-1	-1	-1
3334	3399	3400	0	-1	-1	-1
3335	3400	3402	0	-1	-1	-1
3335	3402	3401	0	-1	-1	-1
3365	3417	3356	0	-1	-1	-1
3336	3401	3403	0	-1	-1	-1
3359	3420	3363	0	-1	-1	-1
3360	3361	3421	0	-1	-1	-1
3358	3418	3367	0	-1	-1	-1
3404	3337	3403	0	-1	-1	-1
3362	3422	3361	0	-1	-1	-1
3364	3360	3421	0	-1	-1	-1
3339	3404	3405	0	-1	-1	-1
3423	3362	3363	0	-1	-1	-1
3365	3364	3425	0	-1	-1	-1
3341	3406	3407	0	0	-1	-1
3343	3407	3408	0	-1	-1	-1
3343	3408	3409	0	-1	0	-1
3367	3426	3368	0	-1	-1	-1
3345	3410	3411	0	-1	-1	-1
3389	3394	3386	0	-1	-1	-1
3368	3427	3375	0	-1	-1	-1
3429	3370	3371	0	-1	-1	-1
3430	3371	3372	0	-1	-1	-1
3431	3372	3373	0	-1	-1	-1
3374	3375	3427	0	-1	-1	-1
3429	3378	3370	0	-1	-1	-1
3412	3352	3414	0	-1	-1	-1
3414	3352	3413	0	-1	-1	-1
3376	3431	3373	0	-1	-1	-1
3411	3416	3355	0	-1	-1	-1
3354	3415	3413	0	-1	-1	-1
3374	3433	3376	0	-1	-1	-1
3355	3416	3415	0	-1	-1	-1
3378	3434	3377	0	-1	-1	-1
3379	3377	3434	0	-1	-1	-1
3359	3412	3419	0	-1	-1	-1
3417	3418	3358	0	-1	-1	-1
3359	3419	3420	0	-1	-1	-1
3438	3380	3381	0	-1	-1	-1
3383	3439	3382	0	-1	-1	-1
3387	3380	3437	0	-1	-1	-1
3385	3438	3381	0	-1	-1	-1
3421	3361	3422	0	-1	-1	-1
3390	3379	3436	0	-1	-1	-1
3363	3420	3423	0	-1	-1	-1
3382	3440	3384	0	-1	-1	-1
3417	3365	3425	0	-1	-1	-1
3362	3424	3422	0	-1	-1	-1
3362	3423	3424	0	-1	-1	-1
3425	3364	3421	0	-1	-1	-1
3367	3418	3426	0	-1	-1	-1
3385	3384	3442	0	-1	-1	-1
3388	3387	3437	0	-1	-1	-1
3390	3441	3383	0	-1	-1	-1
3426	3428	3368	0	-1	-1	-1
3389	3388	3445	0	-1	-1	-1
3427	3368	3428	0	-1	-1	-1
3394	3389	3446	0	-1	-1	-1
3430	3429	3371	0	-1	-1	-1
3392	3391	3449	0	-1	-1	-1
3391	3393	3449	0	-1	-1	-1
3372	3432	3430	0	-1	-1	-1
3433	3374	3427	0	-1	-1	-1
3372	3431	3432	0	-1	-1	-1
3394	3451	3393	0	-1	-1	-1
3396	3392	3450	0	-1	-1	-1
3431	3376	3433	0	-1	-1	-1
3429	3435	3378	0	-1	-1	-1
3397	3453	3395	0	-1	-1	-1
3414	3419	3412	0	-1	-1	-1
3453	3398	3395	0	-1	-1	-1
3397	3396	3454	0	-1	-1	-1
3434	3378	3435	0	-1	-1	-1
3434	3436	3379	0	-1	-1	-1
3398	3453	3399	0	-1	-1	-1
3400	3399	3456	0	-1	-1	-1
3438	3437	3380	0	-1	-1	-1
3457	3402	3400	0	-1	-1	-1
3402	3458	3401	0	-1	-1	-1
3382	3439	3440	0	-1	-1	-1
3403	3401	3458	0	-1	-1	-1
3441	3439	3383	0	-1	-1	-1
3442	3384	3440	0	-1	-1	-1
3385	3443	3438	0	-1	-1	-1
3403	3461	3404	0	-1	-1	-1
3444	3388	3437	0	-1	-1	-1
3385	3442	3443	0	-1	-1	-1
3404	3462	3405	0	-1	0	-1
3390	3436	3447	0	-1	-1	-1
3445	3388	3444	0	-1	-1	-1
3407	3406	3464	0	-1	-1	-1
3390	3448	3441	0	-1	-1	-1
3464	3408	3407	0	0	-1	-1
3445	3446	3389	0	-1	-1	-1
3390	3447	3448	0	-1	-1	-1
3465	3411	3410	0	-1	-1	0
3451	3394	3446	0	-1	-1	-1
3392	3449	3450	0	-1	-1	-1
3416	3411	3465	0	-1	-1	-1
3413	3466	3414	0	-1	-1	-1
3393	3452	3449	0	-1	-1	-1
3413	3415	3467	0	-1	-1	-1
3451	3452	3393	0	-1	-1	-1
3416	3467	3415	0	-1	-1	-1
3450	3454	3396	0	-1	-1	-1
3414	3468	3419	0	-1	-1	-1
3453	3397	3455	0	-1	-1	-1
3454	3455	3397	0	-1	-1	-1
3420	3419	3468	0	-1	-1	-1
3399	3453	3456	0	-1	-1	-1
3417	3473	3418	0	-1	-1	-1
3400	3456	3457	0	-1	-1	-1
3417	3425	3472	0	-1	-1	-1
3426	3418	3473	0	-1	-1	-1
3457	3459	3402	0	-1	-1	-1
3420	3475	3423	0	-1	-1	-1
3421	3422	3476	0	-1	-1	-1
3402	3459	3458	0	-1	-1	-1
3458	3460	3403	0	-1	-1	-1
3425	3421	3476	0	-1	-1	-1
3424	3477	3422	0	-1	-1	-1
3403	3460	3461	0	-1	-1	-1
3424	3423	3478	0	-1	-1	-1
3462	3404	3461	0	-1	-1	-1
3406	3463	3464	0	0	0	-1
3426	3481	3428	0	-1	-1	-1
3428	3482	3427	0	-1	-1	-1
3433	3427	3482	0	-1	-1	-1
3430	3484	3429	0	-1	-1	-1
3466	3413	3467	0	-1	-1	-1
3485	3430	3432	0	-1	-1	-1
3429	3484	3435	0	-1	-1	-1
3432	3431	3486	0	-1	-1	-1
3414	3466	3469	0	-1	-1	-1
3486	3431	3433	0	-1	-1	-1
3468	3414	3469	0	-1	-1	-1
3416	3465	3470	0	-1	0	-1
3416	3470	3467	0	-1	-1	-1
3488	3434	3435	0	-1	-1	-1
3434	3488	3436	0	-1	-1	-1
3471	3417	3472	0	-1	-1	-1
3471	3473	3417	0	-1	-1	-1
3474	3420	3468	0	-1	-1	-1
3438	3490	3437	0	-1	-1	-1
3420	3474	3475	0	-1	-1	-1
3440	3439	3492	0	-1	-1	-1
3444	3437	3490	0	-1	-1	-1
3447	3436	3488	0	-1	-1	-1
3438	3443	3491	0	-1	-1	-1
3494	3439	3441	0	-1	-1	-1
3476	3422	3477	0	-1	-1	-1
3423	3475	3478	0	-1	-1	-1
3480	3472	3425	0	-1	-1	-1
3442	3440	3495	0	-1	-1	-1
3426	3473	3481	0	-1	-1	-1
3442	3495	3443	0	-1	-1	-1
3424	3479	3477	0	-1	-1	-1
3478	3479	3424	0	-1	-1	-1
3476	3480	3425	0	-1	-1	-1
3441	3448	3494	0	-1	-1	-1
3444	3498	3445	0	-1	-1	-1
3445	3500	3446	0	-1	-1	-1
3481	3483	3428	0	-1	-1	-1
3482	3428	3483	0	-1	-1	-1
3503	3448	3447	0	-1	-1	-1
3446	3502	3451	0	-1	-1	-1
3430	3485	3484	0	-1	-1	-1
3486	3433	3482	0	-1	-1	-1
3487	3485	3432	0	-1	-1	-1
3449	3506	3450	0	-1	-1	-1
3452	3451	3502	0	-1	-1	-1
3487	3432	3486	0	-1	-1	-1
3449	3452	3506	0	-1	-1	-1
3489	3435	3484	0	-1	-1	-1
3507	3454	3450	0	-1	-1	-1
3435	3489	3488	0	-1	-1	-1
3455	3510	3453	0	-1	-1	-1
3490	3438	3491	0	-1	-1	-1
3453	3510	3456	0	-1	-1	-1
3511	3455	3454	0	-1	-1	-1
3439	3493	3492	0	-1	-1	-1
3457	3456	3513	0	-1	-1	-1
3493	3439	3494	0	-1	-1	-1
3496	3440	3492	0	-1	-1	-1
3457	3515	3459	0	-1	-1	-1
3497	3491	3443	0	-1	-1	-1
3495	3440	3496	0	-1	-1	-1
3459	3516	3458	0	-1	-1	-1
3490	3499	3444	0	-1	-1	-1
3460	3458	3516	0	-1	-1	-1
3443	3495	3497	0	-1	-1	-1
3517	3461	3460	0	-1	-1	-1
3447	3488	3504	0	-1	-1	-1
3461	3518	3462	0	-1	0	-1
3499	3498	3444	0	-1	-1	-1
3498	3500	3445	0	-1	-1	-1
3448	3505	3494	0	-1	-1	-1
3446	3500	3501	0	-1	-1	-1
3446	3501	3502	0	-1	-1	-1
3482	3483	3486	0	-1	-1	-1
3466	3467	3519	0	-1	-1	-1
3469	3466	3519	0	-1	-1	-1
3503	3447	3504	0	-1	-1	-1
3519	3467	3470	0	-1	-1	0
3448	3503	3505	0	-1	-1	-1
3468	3469	3520	0	-1	-1	-1
3468	3520	3474	0	-1	-1	-1
3452	3502	3509	0	-1	-1	-1
3450	3506	3507	0	-1	-1	-1
3472	3523	3471	0	-1	-1	-1
3473	3471	3522	0	-1	-1	-1
3508	3506	3452	0	-1	-1	-1
3509	3508	3452	0	-1	-1	-1
3507	3511	3454	0	-1	-1	-1
3475	3474	3526	0	-1	-1	-1
3522	3481	3473	0	-1	-1	-1
3525	3472	3480	0	-1	-1	-1
3512	3510	3455	0	-1	-1	-1
3511	3512	3455	0	-1	-1	-1
3510	3513	3456	0	-1	-1	-1
3527	3478	3475	0	-1	-1	-1
3491	3499	3490	0	-1	-1	-1
3493	3496	3492	0	-1	-1	-1
3476	3477	3529	0	-1	-1	-1
3513	3514	3457	0	-1	-1	-1
3528	3480	3476	0	-1	-1	-1
3478	3527	3479	0	-1	-1	-1
3479	3529	3477	0	-1	-1	-1
3514	3515	3457	0	-1	-1	-1
3459	3515	3516	0	-1	-1	-1
3516	3517	3460	0	-1	-1	-1
3461	3517	3518	0	-1	-1	-1
3534	3483	3481	0	-1	-1	-1
3483	3537	3486	0	-1	-1	-1
3485	3538	3484	0	-1	-1	-1
3519	3521	3469	0	0	-1	-1
3487	3486	3537	0	-1	-1	-1
3469	3521	3520	0	-1	-1	-1
3538	3489	3484	0	-1	-1	-1
3487	3539	3485	0	-1	-1	-1
3471	3524	3522	0	-1	-1	-1
3524	3471	3523	0	-1	-1	-1
3488	3489	3541	0	-1	-1	-1
3472	3525	3523	0	-1	-1	-1
3526	3474	3520	0	-1	-1	-1
3526	3527	3475	0	-1	-1	-1
3497	3544	3491	0	-1	-1	-1
3480	3528	3525	0	-1	-1	-1
3546	3493	3494	0	-1	-1	-1
3504	3488	3541	0	-1	-1	-1
3499	3491	3544	0	-1	-1	-1
3530	3528	3476	0	-1	-1	-1
3545	3496	3493	0	-1	-1	-1
3530	3476	3529	0	-1	-1	-1
3513	3510	3512	0	-1	-1	-1
3527	3531	3479	0	-1	-1	-1
3495	3496	3547	0	-1	-1	-1
3481	3522	3535	0	-1	-1	-1
3497	3495	3547	0	-1	-1	-1
3479	3533	3529	0	-1	-1	-1
3532	3479	3531	0	-1	-1	-1
3479	3532	3533	0	-1	-1	-1
3505	3546	3494	0	-1	-1	-1
3481	3535	3534	0	-1	-1	-1
3498	3552	3500	0	-1	-1	-1
3499	3553	3498	0	-1	-1	-1
3534	3536	3483	0	-1	-1	-1
3483	3536	3537	0	-1	-1	-1
3556	3501	3500	0	-1	-1	-1
3502	3501	3557	0	-1	-1	-1
3485	3539	3538	0	-1	-1	-1
3540	3487	3537	0	-1	-1	-1
3504	3558	3503	0	-1	-1	-1
3539	3487	3540	0	-1	-1	-1
3558	3505	3503	0	-1	-1	-1
3502	3557	3509	0	-1	-1	-1
3489	3538	3543	0	-1	-1	-1
3542	3541	3489	0	-1	-1	-1
3489	3543	3542	0	-1	-1	-1
3561	3507	3506	0	-1	-1	-1
3561	3506	3508	0	-1	-1	-1
3524	3535	3522	0	-1	-1	-1
3563	3511	3507	0	-1	-1	-1
3508	3509	3564	0	-1	-1	-1
3493	3546	3545	0	-1	-1	-1
3563	3512	3511	0	-1	-1	-1
3548	3496	3545	0	-1	-1	-1
3544	3497	3550	0	-1	-1	-1
3567	3513	3512	0	-1	-1	-1
3496	3549	3547	0	-1	-1	-1
3530	3529	3533	0	-1	-1	-1
3548	3549	3496	0	-1	-1	-1
3568	3514	3513	0	-1	-1	-1
3497	3547	3551	0	-1	-1	-1
3544	3554	3499	0	-1	-1	-1
3551	3550	3497	0	-1	-1	-1
3515	3514	3569	0	-1	-1	-1
3571	3516	3515	0	-1	-1	-1
3553	3552	3498	0	-1	-1	-1
3516	3571	3517	0	-1	-1	-1
3504	3541	3559	0	-1	-1	-1
3553	3499	3554	0	-1	-1	-1
3500	3552	3555	0	-1	-1	-1
3572	3518	3517	0	0	-1	-1
3556	3500	3555	0	-1	-1	-1
3546	3505	3560	0	-1	-1	-1
3521	3573	3520	0	0	-1	-1
3501	3556	3557	0	-1	-1	-1
3573	3526	3520	0	-1	-1	-1
3558	3504	3559	0	-1	-1	-1
3523	3575	3524	0	-1	-1	-1
3525	3574	3523	0	-1	-1	-1
3505	3558	3560	0	-1	-1	-1
3526	3573	3527	0	-1	-1	-1
3525	3528	3577	0	-1	-1	-1
3507	3561	3562	0	-1	-1	-1
3509	3557	3565	0	-1	-1	-1
3507	3562	3563	0	-1	-1	-1
3508	3564	3561	0	-1	-1	-1
3535	3524	3576	0	-1	-1	-1
3530	3577	3528	0	-1	-1	-1
3531	3527	3579	0	-1	-1	-1
3564	3509	3566	0	-1	-1	-1
3509	3565	3566	0	-1	-1	-1
3563	3567	3512	0	-1	-1	-1
3581	3530	3533	0	-1	-1	-1
3532	3531	3582	0	-1	-1	-1
3547	3549	3551	0	-1	-1	-1
3532	3583	3533	0	-1	-1	-1
3567	3568	3513	0	-1	-1	-1
3514	3568	3569	0	-1	-1	-1
3535	3584	3534	0	-1	-1	-1
3570	3515	3569	0	-1	-1	-1
3536	3534	3584	0	-1	-1	-1
3570	3571	3515	0	-1	-1	-1
3536	3585	3537	0	-1	-1	-1
3517	3571	3572	0	-1	-1	-1
3540	3537	3585	0	-1	-1	-1
3539	3587	3538	0	-1	-1	-1
3587	3539	3540	0	-1	-1	-1
3538	3587	3543	0	-1	-1	-1
3574	3575	3523	0	-1	-1	-1
3542	3591	3541	0	-1	-1	-1
3575	3576	3524	0	-1	-1	-1
3591	3542	3543	0	-1	-1	-1
3574	3525	3578	0	-1	-1	-1
3557	3556	3565	0	-1	-1	-1
3573	3579	3527	0	0	-1	-1
3525	3577	3578	0	-1	-1	-1
3545	3546	3594	0	-1	-1	-1
3580	3577	3530	0	-1	-1	-1
3548	3545	3594	0	-1	-1	-1
3544	3550	3593	0	-1	-1	-1
3541	3590	3559	0	-1	-1	-1
3530	3581	3580	0	-1	-1	-1
3554	3544	3593	0	-1	-1	-1
3579	3582	3531	0	0	-1	-1
3596	3549	3548	0	-1	-1	-1
3584	3535	3576	0	-1	-1	-1
3582	3583	3532	0	-1	-1	-1
3533	3583	3581	0	-1	-1	-1
3597	3551	3549	0	-1	-1	-1
3560	3594	3546	0	-1	-1	-1
3551	3600	3550	0	-1	-1	-1
3536	3584	3586	0	-1	-1	-1
3601	3552	3553	0	-1	-1	-1
3536	3586	3585	0	-1	-1	-1
3552	3601	3555	0	-1	-1	-1
3554	3602	3553	0	-1	-1	-1
3585	3588	3540	0	-1	-1	-1
3555	3605	3556	0	-1	-1	-1
3540	3589	3587	0	-1	-1	-1
3588	3589	3540	0	-1	-1	-1
3592	3543	3587	0	-1	-1	-1
3541	3591	3590	0	-1	-1	-1
3558	3559	3606	0	-1	-1	-1
3560	3558	3606	0	-1	-1	-1
3591	3543	3592	0	-1	-1	-1
3605	3565	3556	0	-1	-1	-1
3608	3562	3561	0	-1	-1	-1
3564	3608	3561	0	-1	-1	-1
3610	3563	3562	0	-1	-1	-1
3565	3605	3566	0	-1	-1	-1
3548	3594	3595	0	-1	-1	-1
3595	3596	3548	0	-1	-1	-1
3567	3563	3611	0	-1	-1	-1
3599	3593	3550	0	-1	-1	-1
3566	3612	3564	0	-1	-1	-1
3549	3596	3598	0	-1	-1	-1
3597	3549	3598	0	-1	-1	-1
3611	3568	3567	0	-1	-1	-1
3600	3551	3597	0	-1	-1	-1
3599	3550	3600	0	-1	-1	-1
3603	3554	3593	0	-1	-1	-1
3614	3569	3568	0	-1	-1	-1
3569	3616	3570	0	-1	-1	-1
3606	3559	3590	0	-1	-1	-1
3602	3601	3553	0	-1	-1	-1
3617	3571	3570	0	-1	-1	-1
3602	3554	3603	0	-1	-1	-1
3604	3555	3601	0	-1	-1	-1
3571	3617	3572	0	-1	0	-1
3560	3607	3594	0	-1	-1	-1
3555	3604	3605	0	-1	-1	-1
3619	3575	3574	0	-1	-1	-1
3575	3621	3576	0	-1	-1	-1
3620	3574	3578	0	-1	-1	-1
3560	3606	3607	0	-1	-1	-1
3578	3577	3623	0	-1	-1	-1
3562	3608	3609	0	-1	-1	-1
3623	3577	3580	0	-1	-1	-1
3609	3610	3562	0	-1	-1	-1
3576	3622	3584	0	-1	-1	-1
3563	3610	3611	0	-1	-1	-1
3612	3608	3564	0	-1	-1	-1
3613	3566	3605	0	-1	-1	-1
3581	3625	3580	0	-1	-1	-1
3626	3581	3583	0	-1	-1	-1
3613	3612	3566	0	-1	-1	-1
3583	3582	3626	0	-1	0	-1
3584	3622	3586	0	-1	-1	-1
3615	3568	3611	0	-1	-1	-1
3595	3594	3607	0	-1	-1	-1
3568	3615	3614	0	-1	-1	-1
3585	3586	3627	0	-1	-1	-1
3569	3614	3616	0	-1	-1	-1
3627	3588	3585	0	-1	-1	-1
3616	3618	3570	0	-1	-1	-1
3570	3618	3617	0	-1	0	-1
3630	3587	3589	0	-1	-1	-1
3631	3589	3588	0	-1	-1	-1
3630	3592	3587	0	-1	-1	-1
3574	3620	3619	0	-1	-1	-1
3591	3633	3590	0	-1	-1	-1
3575	3619	3621	0	-1	-1	-1
3592	3635	3591	0	-1	-1	-1
3622	3576	3621	0	-1	-1	-1
3578	3624	3620	0	-1	-1	-1
3578	3623	3624	0	-1	-1	-1
3623	3580	3625	0	-1	-1	-1
3599	3637	3593	0	-1	-1	-1
3606	3590	3634	0	-1	-1	-1
3639	3596	3595	0	-1	-1	-1
3581	3626	3625	0	-1	-1	-1
3603	3593	3637	0	-1	-1	-1
3640	3598	3596	0	-1	-1	-1
3622	3628	3586	0	-1	-1	-1
3597	3598	3641	0	-1	-1	-1
3641	3600	3597	0	-1	-1	-1
3607	3638	3595	0	-1	-1	-1
3629	3627	3586	0	-1	-1	-1
3629	3586	3628	0	-1	-1	-1
3644	3599	3600	0	-1	-1	-1
3627	3631	3588	0	-1	-1	-1
3607	3606	3634	0	-1	-1	-1
3645	3601	3602	0	-1	-1	-1
3604	3601	3645	0	-1	-1	-1
3589	3632	3630	0	-1	-1	-1
3602	3603	3646	0	-1	-1	-1
3589	3631	3632	0	-1	-1	-1
3604	3647	3605	0	-1	-1	-1
3634	3590	3633	0	-1	-1	-1
3636	3592	3630	0	-1	-1	-1
3635	3633	3591	0	-1	-1	-1
3592	3636	3635	0	-1	-1	-1
3613	3605	3647	0	-1	-1	-1
3609	3608	3651	0	-1	-1	-1
3608	3612	3650	0	-1	-1	-1
3652	3610	3609	0	-1	-1	-1
3628	3622	3621	0	-1	-1	-1
3595	3638	3639	0	-1	-1	-1
3613	3650	3612	0	-1	-1	-1
3639	3640	3596	0	-1	-1	-1
3654	3611	3610	0	-1	-1	-1
3638	3607	3634	0	-1	-1	-1
3599	3643	3637	0	-1	-1	-1
3615	3611	3654	0	-1	-1	-1
3642	3598	3640	0	-1	-1	-1
3641	3598	3642	0	-1	-1	-1
3600	3641	3644	0	-1	-1	-1
3603	3637	3646	0	-1	-1	-1
3614	3615	3657	0	-1	-1	-1
3599	3644	3643	0	-1	-1	-1
3616	3614	3657	0	-1	-1	-1
3646	3645	3602	0	-1	-1	-1
3660	3618	3616	0	0	-1	-1
3645	3648	3604	0	-1	-1	-1
3620	3661	3619	0	-1	-1	-1
3649	3647	3604	0	-1	-1	-1
3621	3619	3661	0	-1	-1	-1
3648	3649	3604	0	-1	-1	-1
3624	3662	3620	0	-1	-1	-1
3651	3608	3650	0	-1	-1	-1
3661	3628	3621	0	-1	-1	-1
3623	3665	3624	0	-1	-1	-1
3623	3625	3664	0	-1	-1	-1
3653	3609	3651	0	-1	-1	-1
3653	3652	3609	0	-1	-1	-1
3655	3613	3647	0	-1	-1	-1
3625	3626	3664	0	-1	0	-1
3652	3654	3610	0	-1	-1	-1
3613	3656	3650	0	-1	-1	-1
3629	3666	3627	0	-1	-1	-1
3613	3655	3656	0	-1	-1	-1
3627	3666	3631	0	-1	-1	-1
3667	3629	3628	0	-1	-1	-1
3615	3654	3659	0	-1	-1	-1
3658	3657	3615	0	-1	-1	-1
3630	3632	3669	0	-1	-1	-1
3659	3658	3615	0	-1	-1	-1
3670	3632	3631	0	-1	-1	-1
3657	3660	3616	0	-1	-1	-1
3636	3630	3669	0	-1	-1	-1
3634	3633	3672	0	-1	-1	-1
3671	3633	3635	0	-1	-1	-1
3663	3661	3620	0	-1	-1	-1
3663	3620	3662	0	-1	-1	-1
3635	3636	3674	0	-1	-1	-1
3638	3634	3673	0	-1	-1	-1
3665	3662	3624	0	-1	-1	-1
3655	3647	3649	0	-1	-1	-1
3664	3665	3623	0	-1	-1	-1
3677	3639	3638	0	-1	-1	-1
3637	3643	3675	0	-1	-1	-1
3667	3628	3661	0	-1	-1	-1
3651	3650	3656	0	-1	-1	-1
3639	3678	3640	0	-1	-1	-1
3637	3676	3646	0	-1	-1	-1
3653	3651	3656	0	-1	-1	-1
3679	3642	3640	0	-1	-1	-1
3668	3666	3629	0	-1	-1	-1
3667	3668	3629	0	-1	-1	-1
3682	3641	3642	0	-1	-1	-1
3654	3652	3659	0	-1	-1	-1
3641	3682	3644	0	-1	-1	-1
3631	3666	3670	0	-1	-1	-1
3643	3644	3683	0	-1	-1	-1
3670	3669	3632	0	-1	-1	-1
3684	3645	3646	0	-1	-1	-1
3671	3672	3633	0	-1	-1	-1
3648	3645	3684	0	-1	-1	-1
3672	3673	3634	0	-1	-1	-1
3636	3669	3674	0	-1	-1	-1
3674	3671	3635	0	-1	-1	-1
3687	3649	3648	0	-1	-1	-1
3677	3638	3673	0	-1	-1	-1
3676	3637	3675	0	-1	-1	-1
3655	3649	3688	0	-1	-1	-1
3653	3689	3652	0	-1	-1	-1
3677	3678	3639	0	-1	-1	-1
3640	3678	3681	0	-1	-1	-1
3640	3680	3679	0	-1	-1	-1
3680	3640	3681	0	-1	-1	-1
3675	3643	3683	0	-1	-1	-1
3652	3690	3659	0	-1	-1	-1
3656	3692	3653	0	-1	-1	-1
3679	3682	3642	0	-1	-1	-1
3695	3656	3655	0	-1	-1	-1
3676	3685	3646	0	-1	-1	-1
3683	3644	3682	0	-1	-1	-1
3696	3657	3658	0	-1	-1	-1
3657	3696	3660	0	-1	0	-1
3659	3697	3658	0	-1	-1	-1
3646	3685	3684	0	-1	-1	-1
3684	3686	3648	0	-1	-1	-1
3686	3687	3648	0	-1	-1	-1
3661	3663	3698	0	-1	-1	-1
3688	3649	3687	0	-1	-1	-1
3663	3662	3699	0	-1	-1	-1
3661	3698	3667	0	-1	-1	-1
3699	3662	3665	0	-1	-1	-1
3690	3652	3689	0	-1	-1	-1
3664	3702	3665	0	0	-1	-1
3689	3653	3693	0	-1	-1	-1
3691	3653	3692	0	-1	-1	-1
3655	3688	3694	0	-1	-1	-1
3653	3691	3693	0	-1	-1	-1
3668	3703	3666	0	-1	-1	-1
3667	3704	3668	0	-1	-1	-1
3703	3670	3666	0	-1	-1	-1
3656	3695	3692	0	-1	-1	-1
3694	3695	3655	0	-1	-1	-1
3670	3706	3669	0	-1	-1	-1
3697	3659	3690	0	-1	-1	-1
3674	3669	3706	0	-1	-1	-1
3697	3696	3658	0	-1	-1	-1
3671	3708	3672	0	-1	-1	-1
3671	3674	3708	0	-1	-1	-1
3710	3673	3672	0	-1	-1	-1
3673	3710	3677	0	-1	-1	-1
3663	3700	3698	0	-1	-1	-1
3699	3701	3663	0	-1	-1	-1
3675	3712	3676	0	-1	-1	-1
3663	3701	3700	0	-1	-1	-1
3702	3699	3665	0	-1	-1	-1
3714	3678	3677	0	-1	-1	-1
3667	3698	3704	0	-1	-1	-1
3712	3675	3683	0	-1	-1	-1
3678	3714	3681	0	-1	-1	-1
3713	3685	3676	0	-1	-1	-1
3680	3716	3679	0	-1	-1	-1
3705	3703	3668	0	-1	-1	-1
3715	3682	3679	0	-1	-1	-1
3668	3704	3705	0	-1	-1	-1
3680	3681	3718	0	-1	-1	-1
3682	3715	3683	0	-1	-1	-1
3670	3703	3707	0	-1	-1	-1
3670	3707	3706	0	-1	-1	-1
3708	3709	3672	0	-1	-1	-1
3684	3685	3721	0	-1	-1	-1
3672	3709	3710	0	-1	-1	-1
3686	3684	3721	0	-1	-1	-1
3711	3674	3706	0	-1	-1	-1
3674	3711	3708	0	-1	-1	-1
3723	3687	3686	0	-1	-1	-1
3688	3687	3725	0	-1	-1	-1
3712	3713	3676	0	-1	-1	-1
3677	3710	3714	0	-1	-1	-1
3689	3726	3690	0	-1	-1	-1
3725	3694	3688	0	-1	-1	-1
3693	3726	3689	0	-1	-1	-1
3679	3716	3715	0	-1	-1	-1
3692	3728	3691	0	-1	-1	-1
3716	3680	3717	0	-1	-1	-1
3691	3729	3693	0	-1	-1	-1
3681	3714	3719	0	-1	-1	-1
3697	3690	3727	0	-1	-1	-1
3720	3712	3683	0	-1	-1	-1
3680	3718	3717	0	-1	-1	-1
3695	3730	3692	0	-1	-1	-1
3719	3718	3681	0	-1	-1	-1
3715	3720	3683	0	-1	-1	-1
3685	3713	3722	0	-1	-1	-1
3694	3732	3695	0	-1	-1	-1
3697	3733	3696	0	-1	0	-1
3685	3722	3721	0	-1	-1	-1
3686	3721	3724	0	-1	-1	-1
3698	3700	3734	0	-1	-1	-1
3723	3686	3724	0	-1	-1	-1
3687	3723	3725	0	-1	-1	-1
3735	3701	3699	0	-1	-1	-1
3734	3704	3698	0	-1	-1	-1
3699	3702	3735	0	-1	0	-1
3701	3736	3700	0	-1	-1	-1
3726	3727	3690	0	-1	-1	-1
3734	3705	3704	0	-1	-1	-1
3738	3703	3705	0	-1	-1	-1
3703	3738	3707	0	-1	-1	-1
3728	3729	3691	0	-1	-1	-1
3730	3728	3692	0	-1	-1	-1
3726	3693	3731	0	-1	-1	-1
3694	3725	3732	0	-1	-1	-1
3731	3693	3729	0	-1	-1	-1
3706	3707	3740	0	-1	-1	-1
3706	3740	3711	0	-1	-1	-1
3732	3730	3695	0	-1	-1	-1
3733	3697	3727	0	-1	-1	-1
3709	3708	3742	0	-1	-1	-1
3708	3711	3742	0	-1	-1	-1
3709	3744	3710	0	-1	-1	-1
3722	3724	3721	0	-1	-1	-1
3714	3710	3744	0	-1	-1	-1
3736	3734	3700	0	-1	-1	-1
3713	3712	3747	0	-1	-1	-1
3701	3735	3737	0	-1	0	-1
3701	3737	3736	0	-1	-1	-1
3714	3744	3719	0	-1	-1	-1
3705	3734	3739	0	-1	-1	-1
3712	3720	3749	0	-1	-1	-1
3751	3715	3716	0	-1	-1	-1
3705	3739	3738	0	-1	-1	-1
3713	3750	3722	0	-1	-1	-1
3752	3716	3717	0	-1	-1	-1
3741	3707	3738	0	-1	-1	-1
3751	3720	3715	0	-1	-1	-1
3707	3741	3740	0	-1	-1	-1
3754	3717	3718	0	-1	-1	-1
3755	3718	3719	0	-1	-1	-1
3743	3709	3742	0	-1	-1	-1
3709	3743	3744	0	-1	-1	-1
3746	3711	3740	0	-1	-1	-1
3742	3711	3745	0	-1	-1	-1
3711	3746	3745	0	-1	-1	-1
3757	3724	3722	0	-1	-1	-1
3723	3724	3758	0	-1	-1	-1
3759	3725	3723	0	-1	-1	-1
3748	3747	3712	0	-1	-1	-1
3749	3748	3712	0	-1	-1	-1
3750	3713	3747	0	-1	-1	-1
3727	3726	3761	0	-1	-1	-1
3732	3725	3759	0	-1	-1	-1
3731	3761	3726	0	-1	-1	-1
3756	3719	3744	0	-1	-1	-1
3752	3751	3716	0	-1	-1	-1
3720	3751	3749	0	-1	-1	-1
3728	3730	3763	0	-1	-1	-1
3728	3764	3729	0	-1	-1	-1
3727	3762	3733	0	-1	0	-1
3753	3752	3717	0	-1	-1	-1
3717	3754	3753	0	-1	-1	-1
3765	3731	3729	0	-1	-1	-1
3754	3718	3755	0	-1	-1	-1
3767	3730	3732	0	-1	-1	-1
3750	3757	3722	0	-1	-1	-1
3719	3756	3755	0	-1	-1	-1
3770	3734	3736	0	-1	-1	-1
3758	3759	3723	0	-1	-1	-1
3724	3757	3760	0	-1	-1	-1
3758	3724	3760	0	-1	-1	-1
3743	3756	3744	0	-1	-1	-1
3770	3739	3734	0	-1	-1	-1
3737	3771	3736	0	0	-1	-1
3738	3739	3772	0	-1	-1	-1
3727	3761	3762	0	-1	-1	-1
3738	3772	3741	0	-1	-1	-1
3764	3728	3763	0	-1	-1	-1
3774	3740	3741	0	-1	-1	-1
3766	3729	3764	0	-1	-1	-1
3729	3766	3765	0	-1	-1	-1
3769	3732	3759	0	-1	-1	-1
3730	3767	3763	0	-1	-1	-1
3731	3768	3761	0	-1	-1	-1
3774	3746	3740	0	-1	-1	-1
3742	3776	3743	0	-1	-1	-1
3745	3777	3742	0	-1	-1	-1
3765	3768	3731	0	-1	-1	-1
3769	3767	3732	0	-1	-1	-1
3746	3779	3745	0	-1	-1	-1
3771	3770	3736	0	-1	-1	-1
3747	3748	3782	0	-1	-1	-1
3756	3743	3778	0	-1	-1	-1
3750	3747	3781	0	-1	-1	-1
3749	3783	3748	0	-1	-1	-1
3770	3773	3739	0	-1	-1	-1
3772	3739	3773	0	-1	-1	-1
3749	3751	3785	0	-1	-1	-1
3772	3775	3741	0	-1	-1	-1
3752	3785	3751	0	-1	-1	-1
3775	3774	3741	0	-1	-1	-1
3761	3768	3762	0	-1	-1	-1
3753	3787	3752	0	-1	-1	-1
3750	3786	3757	0	-1	-1	-1
3777	3776	3742	0	-1	-1	-1
3754	3789	3753	0	-1	-1	-1
3776	3778	3743	0	-1	-1	-1
3790	3754	3755	0	-1	-1	-1
3746	3774	3780	0	-1	-1	-1
3779	3777	3745	0	-1	-1	-1
3757	3786	3760	0	-1	-1	-1
3755	3756	3792	0	-1	-1	-1
3780	3779	3746	0	-1	-1	-1
3782	3781	3747	0	-1	-1	-1
3793	3759	3758	0	-1	-1	-1
3793	3758	3760	0	-1	-1	-1
3782	3748	3784	0	-1	-1	-1
3784	3748	3783	0	-1	-1	-1
3750	3781	3786	0	-1	-1	-1
3783	3749	3785	0	-1	-1	-1
3793	3769	3759	0	-1	-1	-1
3796	3764	3763	0	-1	-1	-1
3752	3787	3785	0	-1	-1	-1
3768	3795	3762	0	-1	0	-1
3796	3763	3767	0	-1	-1	-1
3792	3756	3778	0	-1	-1	-1
3766	3764	3797	0	-1	-1	-1
3788	3787	3753	0	-1	-1	-1
3788	3753	3789	0	-1	-1	-1
3766	3799	3765	0	-1	-1	-1
3798	3768	3765	0	-1	-1	-1
3796	3767	3769	0	-1	-1	-1
3789	3754	3790	0	-1	-1	-1
3791	3790	3755	0	-1	-1	-1
3755	3792	3791	0	-1	-1	-1
3760	3786	3794	0	-1	-1	-1
3771	3803	3770	0	0	-1	-1
3773	3770	3803	0	-1	-1	-1
3760	3794	3793	0	-1	-1	-1
3773	3804	3772	0	-1	-1	-1
3804	3775	3772	0	-1	-1	-1
3774	3775	3806	0	-1	-1	-1
3764	3796	3797	0	-1	-1	-1
3774	3806	3780	0	-1	-1	-1
3776	3777	3808	0	-1	-1	-1
3768	3798	3795	0	-1	-1	-1
3778	3776	3808	0	-1	-1	-1
3799	3798	3765	0	-1	-1	-1
3793	3802	3769	0	-1	-1	-1
3801	3766	3797	0	-1	-1	-1
3800	3799	3766	0	-1	-1	-1
3779	3809	3777	0	-1	-1	-1
3800	3766	3801	0	-1	-1	-1
3802	3796	3769	0	-1	-1	-1
3780	3810	3779	0	-1	-1	-1
3812	3781	3782	0	-1	-1	-1
3808	3792	3778	0	-1	-1	-1
3784	3814	3782	0	-1	-1	-1
3786	3781	3813	0	-1	-1	-1
3805	3773	3803	0	-1	-1	0
3784	3783	3815	0	-1	-1	-1
3805	3804	3773	0	-1	-1	-1
3815	3783	3785	0	-1	-1	-1
3807	3775	3804	0	-1	-1	-1
3807	3806	3775	0	-1	-1	-1
3787	3817	3785	0	-1	-1	-1
3788	3817	3787	0	-1	-1	-1
3813	3794	3786	0	-1	-1	-1
3809	3808	3777	0	-1	-1	-1
3819	3788	3789	0	-1	-1	-1
3811	3780	3806	0	-1	-1	-1
3810	3809	3779	0	-1	-1	-1
3820	3789	3790	0	-1	-1	-1
3780	3811	3810	0	-1	-1	-1
3821	3790	3791	0	-1	-1	-1
3822	3791	3792	0	-1	-1	-1
3813	3781	3812	0	-1	-1	-1
3814	3812	3782	0	-1	-1	-1
3793	3794	3823	0	-1	-1	-1
3784	3816	3814	0	-1	-1	-1
3815	3816	3784	0	-1	-1	-1
3815	3785	3817	0	-1	-1	-1
3793	3824	3802	0	-1	-1	-1
3826	3795	3798	0	0	-1	-1
3827	3797	3796	0	-1	-1	-1
3822	3792	3808	0	-1	-1	-1
3818	3817	3788	0	-1	-1	-1
3799	3826	3798	0	-1	-1	-1
3796	3802	3827	0	-1	-1	-1
3788	3819	3818	0	-1	-1	-1
3801	3797	3827	0	-1	-1	-1
3799	3800	3828	0	-1	-1	-1
3820	3819	3789	0	-1	-1	-1
3800	3801	3829	0	-1	-1	-1
3790	3821	3820	0	-1	-1	-1
3825	3794	3813	0	-1	-1	-1
3821	3791	3822	0	-1	-1	-1
3823	3824	3793	0	-1	-1	-1
3804	3805	3833	0	-1	0	-1
3825	3823	3794	0	-1	-1	-1
3804	3834	3807	0	-1	-1	-1
3807	3835	3806	0	-1	-1	-1
3811	3806	3835	0	-1	-1	-1
3828	3826	3799	0	0	-1	-1
3837	3808	3809	0	-1	-1	-1
3828	3800	3829	0	-1	-1	-1
3839	3809	3810	0	-1	-1	-1
3832	3802	3824	0	-1	-1	-1
3801	3827	3830	0	-1	-1	-1
3839	3810	3811	0	-1	-1	-1
3831	3829	3801	0	-1	-1	-1
3802	3832	3827	0	-1	-1	-1
3801	3830	3831	0	-1	-1	-1
3822	3808	3836	0	-1	-1	-1
3813	3812	3841	0	-1	-1	-1
3841	3812	3814	0	-1	-1	-1
3834	3804	3833	0	-1	-1	-1
3814	3816	3843	0	-1	-1	-1
3844	3816	3815	0	-1	-1	-1
3835	3807	3834	0	-1	-1	-1
3845	3815	3817	0	-1	-1	-1
3818	3845	3817	0	-1	-1	-1
3813	3842	3825	0	-1	-1	-1
3837	3836	3808	0	-1	-1	-1
3847	3818	3819	0	-1	-1	-1
3809	3838	3837	0	-1	-1	-1
3839	3838	3809	0	-1	-1	-1
3840	3811	3835	0	-1	-1	-1
3850	3819	3820	0	-1	-1	-1
3830	3827	3832	0	-1	-1	-1
3811	3840	3839	0	-1	-1	-1
3821	3851	3820	0	-1	-1	-1
3821	3822	3852	0	-1	-1	-1
3842	3813	3841	0	-1	-1	-1
3841	3814	3843	0	-1	-1	-1
3823	3855	3824	0	-1	-1	-1
3823	3825	3855	0	-1	-1	-1
3844	3815	3845	0	-1	-1	-1
3846	3843	3816	0	-1	-1	-1
3816	3844	3846	0	-1	-1	-1
3834	3840	3835	0	-1	-1	-1
3845	3818	3848	0	-1	-1	-1
3824	3856	3832	0	-1	-1	-1
3854	3822	3836	0	-1	-1	-1
3848	3818	3847	0	-1	-1	-1
3849	3847	3819	0	-1	-1	-1
3858	3828	3829	0	0	-1	-1
3819	3850	3849	0	-1	-1	-1
3830	3832	3856	0	-1	-1	-1
3831	3859	3829	0	-1	-1	-1
3860	3831	3830	0	-1	-1	-1
3851	3850	3820	0	-1	-1	-1
3825	3842	3857	0	-1	-1	-1
3851	3821	3853	0	-1	-1	-1
3852	3853	3821	0	-1	-1	-1
3822	3854	3852	0	-1	-1	-1
3834	3833	3862	0	-1	0	-1
3824	3855	3856	0	-1	-1	-1
3862	3840	3834	0	-1	-1	-1
3857	3855	3825	0	-1	-1	-1
3864	3836	3837	0	-1	-1	-1
3865	3837	3838	0	-1	-1	-1
3866	3838	3839	0	-1	-1	-1
3829	3859	3858	0	-1	-1	-1
3840	3867	3839	0	-1	-1	-1
3860	3830	3856	0	-1	-1	-1
3831	3861	3859	0	-1	-1	-1
3868	3842	3841	0	-1	-1	-1
3861	3831	3860	0	-1	-1	-1
3843	3868	3841	0	-1	-1	-1
3836	3863	3854	0	-1	-1	-1
3843	3846	3871	0	-1	-1	-1
3845	3872	3844	0	-1	-1	-1
3846	3844	3872	0	-1	-1	-1
3863	3836	3864	0	-1	-1	-1
3872	3845	3848	0	-1	-1	-1
3837	3865	3864	0	-1	-1	-1
3848	3847	3873	0	-1	-1	-1
3857	3842	3869	0	-1	-1	-1
3865	3838	3866	0	-1	-1	0
3840	3862	3867	0	-1	0	-1
3874	3847	3849	0	-1	-1	-1
3839	3867	3866	0	-1	0	-1
3849	3850	3877	0	-1	-1	-1
3869	3842	3868	0	-1	-1	-1
3850	3851	3878	0	-1	-1	-1
3843	3870	3868	0	-1	-1	-1
3851	3853	3878	0	-1	-1	-1
3870	3843	3871	0	-1	-1	-1
3853	3852	3879	0	-1	-1	-1
3854	3879	3852	0	-1	-1	-1
3872	3871	3846	0	-1	-1	-1
3873	3847	3874	0	-1	-1	-1
3855	3883	3856	0	-1	-1	-1
3873	3875	3848	0	-1	-1	-1
3848	3876	3872	0	-1	-1	-1
3857	3884	3855	0	-1	-1	-1
3883	3860	3856	0	-1	-1	-1
3848	3875	3876	0	-1	-1	-1
3882	3854	3863	0	-1	-1	-1
3849	3877	3874	0	-1	-1	-1
3859	3887	3858	0	-1	0	-1
3877	3850	3878	0	-1	-1	-1
3861	3888	3859	0	-1	-1	-1
3861	3860	3889	0	-1	-1	-1
3857	3869	3885	0	-1	-1	-1
3879	3880	3853	0	-1	-1	-1
3853	3881	3878	0	-1	-1	-1
3880	3881	3853	0	0	-1	-1
3882	3879	3854	0	-1	-1	-1
3864	3891	3863	0	-1	-1	-1
3891	3864	3865	0	-1	-1	0
3884	3883	3855	0	-1	-1	-1
3857	3886	3884	0	-1	-1	-1
3857	3885	3886	0	-1	-1	-1
3868	3892	3869	0	-1	-1	-1
3868	3870	3892	0	-1	-1	-1
3860	3883	3889	0	-1	-1	-1
3859	3888	3887	0	-1	-1	-1
3871	3893	3870	0	-1	-1	-1
3871	3872	3895	0	-1	-1	-1
3863	3891	3882	0	-1	0	-1
3890	3888	3861	0	-1	-1	-1
3889	3890	3861	0	-1	-1	-1
3879	3882	3880	0	-1	0	-1
3895	3872	3876	0	-1	-1	-1
3897	3873	3874	0	-1	-1	-1
3873	3896	3875	0	-1	-1	-1
3892	3885	3869	0	-1	-1	-1
3898	3874	3877	0	-1	-1	-1
3899	3876	3875	0	-1	-1	-1
3892	3870	3894	0	-1	-1	-1
3901	3877	3878	0	-1	-1	-1
3870	3893	3894	0	-1	-1	-1
3871	3895	3893	0	-1	-1	-1
3901	3878	3881	0	-1	-1	0
3897	3896	3873	0	-1	-1	-1
3883	3884	3902	0	-1	-1	-1
3898	3897	3874	0	-1	-1	-1
3899	3875	3896	0	-1	-1	-1
3895	3876	3900	0	-1	-1	-1
3903	3884	3886	0	-1	-1	-1
3889	3883	3902	0	-1	-1	-1
3900	3876	3899	0	-1	-1	-1
3877	3901	3898	0	-1	-1	-1
3885	3905	3886	0	-1	-1	-1
3904	3885	3892	0	-1	-1	-1
3888	3907	3887	0	-1	0	-1
3907	3888	3890	0	-1	-1	-1
3890	3889	3908	0	-1	-1	-1
3902	3884	3903	0	-1	-1	-1
3904	3892	3894	0	-1	-1	-1
3904	3905	3885	0	-1	-1	-1
3906	3903	3886	0	-1	-1	-1
3894	3893	3910	0	-1	-1	-1
3906	3886	3905	0	-1	-1	-1
3895	3910	3893	0	-1	-1	-1
3908	3889	3902	0	-1	-1	-1
3910	3895	3900	0	-1	-1	-1
3907	3890	3909	0	-1	-1	-1
3896	3897	3914	0	-1	-1	-1
3909	3890	3908	0	-1	-1	-1
3896	3915	3899	0	-1	-1	-1
3916	3897	3898	0	-1	-1	-1
3913	3904	3894	0	-1	-1	-1
3915	3900	3899	0	-1	-1	-1
3916	3898	3901	0	-1	-1	0
3894	3910	3912	0	-1	-1	-1
3911	3894	3912	0	-1	-1	-1
3894	3911	3913	0	-1	-1	-1
3913	3905	3904	0	-1	-1	-1
3920	3902	3903	0	-1	-1	-1
3896	3914	3915	0	-1	-1	-1
3914	3897	3916	0	-1	-1	-1
3900	3917	3910	0	-1	-1	-1
3906	3920	3903	0	-1	-1	-1
3902	3919	3908	0	-1	-1	-1
3905	3921	3906	0	-1	-1	-1
3918	3900	3915	0	-1	-1	-1
3900	3918	3917	0	-1	-1	-1
3919	3909	3908	0	-1	-1	-1
3912	3910	3917	0	-1	-1	-1
3909	3923	3907	0	-1	0	-1
3913	3921	3905	0	-1	-1	-1
3902	3920	3919	0	-1	-1	-1
3906	3922	3920	0	-1	-1	-1
3912	3926	3911	0	-1	-1	-1
3906	3921	3922	0	-1	-1	-1
3927	3913	3911	0	-1	-1	-1
3909	3919	3925	0	-1	-1	-1
3909	3924	3923	0	-1	-1	-1
3917	3928	3912	0	-1	-1	-1
3924	3909	3925	0	-1	-1	-1
3915	3914	3929	0	-1	-1	-1
3916	3929	3914	0	0	-1	-1
3913	3927	3921	0	-1	-1	-1
3915	3929	3918	0	-1	-1	-1
3926	3927	3911	0	-1	-1	-1
3918	3930	3917	0	-1	-1	-1
3926	3912	3928	0	-1	-1	-1
3921	3927	3922	0	-1	-1	-1
3932	3919	3920	0	-1	-1	-1
3932	3920	3922	0	-1	-1	-1
3928	3917	3930	0	-1	-1	-1
3919	3932	3925	0	-1	-1	-1
3929	3931	3918	0	0	-1	-1
3930	3918	3931	0	-1	-1	-1
3924	3935	3923	0	-1	0	-1
3927	3934	3922	0	-1	-1	-1
3925	3936	3924	0	-1	-1	-1
3933	3932	3922	0	-1	-1	-1
3933	3922	3934	0	-1	-1	-1
3926	3937	3927	0	-1	-1	-1
3928	3938	3926	0	-1	-1	-1
3936	3925	3932	0	-1	-1	-1
3936	3935	3924	0	-1	-1	-1
3928	3930	3939	0	-1	-1	-1
3927	3937	3934	0	-1	-1	-1
3939	3930	3931	0	-1	-1	0
3938	3937	3926	0	-1	-1	-1
3928	3939	3938	0	-1	-1	-1
3933	3940	3932	0	-1	-1	-1
3933	3934	3941	0	-1	-1	-1
3932	3940	3936	0	-1	-1	-1
3934	3937	3942	0	-1	-1	-1
3940	3933	3941	0	-1	-1	-1
3943	3935	3936	0	0	-1	-1
3941	3934	3942	0	-1	-1	-1
3938	3944	3937	0	-1	-1	-1
3943	3936	3940	0	-1	-1	-1
3945	3938	3939	0	-1	-1	0
3942	3937	3944	0	-1	-1	-1
3946	3940	3941	0	-1	-1	-1
3944	3938	3945	0	-1	-1	-1
3940	3946	3943	0	-1	-1	-1
3941	3942	3948	0	-1	-1	-1
3946	3941	3947	0	-1	-1	-1
3942	3944	3949	0	-1	-1	-1
3941	3948	3947	0	-1	-1	-1
3945	3949	3944	0	0	-1	-1
3949	3948	3942	0	-1	-1	-1
3946	3950	3943	0	-1	0	-1
3951	3946	3947	0	-1	-1	-1
3951	3950	3946	0	-1	-1	-1
3947	3948	3952	0	-1	-1	-1
3954	3948	3949	0	-1	-1	0
3947	3953	3951	0	-1	-1	-1
3953	3947	3952	0	-1	-1	-1
3948	3954	3952	0	-1	-1	-1
3950	3951	3955	0	-1	-1	0
3953	3956	3951	0	-1	-1	-1
3951	3956	3955	0	-1	-1	-1
3957	3953	3952	0	-1	-1	-1
3952	3954	3957	0	-1	0	-1
3953	3957	3958	0	-1	0	-1
3953	3959	3956	0	-1	-1	-1
3953	3958	3959	0	-1	-1	-1
3956	3960	3955	0	-1	0	-1
3956	3959	3960	0	-1	-1	-1
3958	3961	3959	0	0	-1	-1
3959	3962	3960	0	-1	0	-1
3962	3959	3961	0	-1	-1	-1
3962	3961	3963	0	-1	0	0
1
0	-3.624435904516031e-05	-3.1171521824765686e-05
0
0
